ISCO_1,ISCO_4,Occupation,score
1 Managers,1411,Hotel managers,0.385618726682997
1 Managers,1221,Sales and marketing managers,0.500648247525743
1 Managers,1112,Senior government officials,0.317505914225501
1 Managers,1323,Construction managers,0.617037486394553
1 Managers,1349,Professional services managers not elsewhere classified,0.229485260647371
1 Managers,1345,Education managers,0.35815027096443
1 Managers,1431,"Sports, recreation and cultural centre managers",0.406301804781917
1 Managers,1420,Retail and wholesale trade managers,0.664659880582144
1 Managers,1439,Services managers not elsewhere classified,0.659290743456248
1 Managers,1111,Legislators,0.579979773764182
1 Managers,1346,Financial and insurance services branch managers,0.520181883028132
1 Managers,1324,"Supply, distribution and related managers",0.348594127883987
1 Managers,1222,Advertising and public relations managers,0.397909065984471
1 Managers,1120,Managing directors and chief executives,0.301791450826324
1 Managers,1412,Restaurant managers,0.495036917660028
1 Managers,1213,Policy and planning managers,0.263008038782944
1 Managers,1219,Business services and administration managers not elsewhere classified,0.393230179016054
1 Managers,1321,Manufacturing managers,0.399842320637346
1 Managers,1342,Health services managers,0.195270305509127
1 Managers,1212,Human resource managers,0.147520188387223
1 Managers,1341,Child care services managers,0.728904862663369
1 Managers,1211,Finance managers,0.518320365371193
1 Managers,1223,Research and development managers,0.192833167004582
1 Managers,1330,Information and communications technology service managers,0.29602521790028
2 Professionals,2652,"Musicians, singers and composers",0.146880887707782
2 Professionals,2143,Environmental engineers,0.178580224416976
2 Professionals,2512,Software developers,0.386992794615967
2 Professionals,2264,Physiotherapists,0.638672262225466
2 Professionals,2634,Psychologists,0.397495784471233
2 Professionals,2153,Telecommunications engineers,0.564685446089094
2 Professionals,2632,"Sociologists, anthropologists and related professionals",0.41421697785824
2 Professionals,2265,Dieticians and nutritionists,0.538717657972927
2 Professionals,2521,Database designers and administrators,0.310151802263436
2 Professionals,2352,Special needs teachers,0.703783076640891
2 Professionals,2320,Vocational education teachers,0.916124151978526
2 Professionals,2142,Civil engineers,0.455800274964035
2 Professionals,2120,"Mathematicians, actuaries and statisticians",0.357775337774167
2 Professionals,2619,Legal professionals not elsewhere classified,0.373400389412664
2 Professionals,2513,Web and multimedia developers,0.380542562789525
2 Professionals,2113,Chemists,0
2 Professionals,2152,Electronics engineers,0.408442162794634
2 Professionals,2222,Midwifery professionals,0.53833638349166
2 Professionals,2621,Archivists and curators,0.160279654812804
2 Professionals,2651,Visual artists,0.373374826946198
2 Professionals,2263,Environmental and occupational health and hygiene professionals,0.286037545068554
2 Professionals,2146,"Mining engineers, metallurgists and related professionals",0.234792308359386
2 Professionals,2141,Industrial and production engineers,0.302913526818329
2 Professionals,2422,Policy administration professionals,0.135102377021961
2 Professionals,2161,Building architects,0.277293501215647
2 Professionals,2149,Engineering professionals not elsewhere classified,0.379184760171862
2 Professionals,2424,Training and staff development professionals,0.264812317408992
2 Professionals,2611,Lawyers,0.35113279311194
2 Professionals,2165,Cartographers and surveyors,0.5540391960608
2 Professionals,2511,Systems analysts,0.480598138557569
2 Professionals,2622,Librarians and related information professionals,0.166322577555568
2 Professionals,2654,"Film, stage and related directors and producers",0.345821419580373
2 Professionals,2262,Pharmacists,0.418488480918926
2 Professionals,2266,Audiologists and speech therapists,0.623951884938445
2 Professionals,2166,Graphic and multimedia designers,0.223691597074523
2 Professionals,2330,Secondary education teachers,0.565944206158493
2 Professionals,2310,University and higher education teachers,0.399034493370656
2 Professionals,2643,"Translators, interpreters and other linguists",0.237992582188383
2 Professionals,2250,Veterinarians,0.434945630753682
2 Professionals,2434,Information and communications technology sales professionals,0.546910787419444
2 Professionals,2635,Social work and counselling professionals,0.530433673681183
2 Professionals,2433,Technical and medical sales professionals (excluding ICT),0.445057818514367
2 Professionals,2212,Specialist medical practitioners,0.549069061515364
2 Professionals,2269,Health professionals not elsewhere classified,0.511640735667402
2 Professionals,2211,Generalist medical practitioners,0.68187567098561
2 Professionals,2421,Management and organisation analysts,0.228191865731696
2 Professionals,2423,Personnel and careers professionals,0.0219302162987043
2 Professionals,2523,Computer network professionals,0.564444894743323
2 Professionals,2522,Systems administrators,0.451043086763571
2 Professionals,2354,Other music teachers,0.79231545402466
2 Professionals,2514,Applications programmers,0.234511685297269
2 Professionals,2519,Software and applications developers and analysts not elsewhere classified,0.381271281463729
2 Professionals,2659,Creative and performing artists not elsewhere classified,0.275390170071923
2 Professionals,2413,Financial analysts,0.289038772687113
2 Professionals,2114,Geologists and geophysicists,0.267750401597825
2 Professionals,2131,"Biologists, botanists, zoologists and related professionals",0.138758815082093
2 Professionals,2261,Dentists,0.772782398794887
2 Professionals,2133,Environmental protection professionals,0.342354569872991
2 Professionals,2145,Chemical engineers,0.275903624697821
2 Professionals,2353,Other language teachers,0.623239848074871
2 Professionals,2164,Town and traffic planners,0.300044521167498
2 Professionals,2641,Authors and related writers,0.362207691720286
2 Professionals,2411,Accountants,0.351836499987939
2 Professionals,2144,Mechanical engineers,0.685238466825588
2 Professionals,2656,"Announcers on radio, television and other media",0.650987577976107
2 Professionals,2431,Advertising and marketing professionals,0.198420576780851
2 Professionals,2151,Electrical engineers,0.635060308104683
2 Professionals,2412,Financial and investment advisers,0.369959833581672
2 Professionals,2359,Teaching professionals not elsewhere classified,0.628418689277823
2 Professionals,2132,"Farming, forestry and fisheries advisers",0.454026773781012
2 Professionals,2642,Journalists,0.196426907169191
2 Professionals,2221,Nursing professionals,0.793269717976476
2 Professionals,2529,Database and network professionals not elsewhere classified,0.432891943642658
2 Professionals,2342,Early childhood educators,0.853584359774458
2 Professionals,2432,Public relations professionals,0.246850227822641
2 Professionals,2631,Economists,0.232087947270413
2 Professionals,2267,Optometrists and ophthalmic opticians,0.69531933518426
2 Professionals,2162,Landscape architects,0.133275561991986
2 Professionals,2341,Primary school teachers,0.614945062113127
2 Professionals,2163,Product and garment designers,0.318409176818753
2 Professionals,2351,Education methods specialists,0.763746804087822
3 Technicians and Associate Professionals,3352,Government tax and excise officials,0.440865052318727
3 Technicians and Associate Professionals,3212,Medical and pathology laboratory technicians,0.372949981040824
3 Technicians and Associate Professionals,3141,Life science technicians (excluding medical),0.286573943989068
3 Technicians and Associate Professionals,3251,Dental assistants and therapists,0.756077218570738
3 Technicians and Associate Professionals,3512,Information and communications technology user support technicians,0.324304860643097
3 Technicians and Associate Professionals,3323,Buyers,0.43440252758846
3 Technicians and Associate Professionals,3331,Clearing and forwarding agents,0.340779748824735
3 Technicians and Associate Professionals,3111,Chemical and physical science technicians,0.434076020086873
3 Technicians and Associate Professionals,3432,Interior designers and decorators,0.470410173589314
3 Technicians and Associate Professionals,3119,Physical and engineering science technicians not elsewhere classified,0.336576686566583
3 Technicians and Associate Professionals,3343,Administrative and executive secretaries,0.235034857036644
3 Technicians and Associate Professionals,3321,Insurance representatives,0.277592956248823
3 Technicians and Associate Professionals,3334,Real estate agents and property managers,0.561869273952104
3 Technicians and Associate Professionals,3257,Environmental and occupational health inspectors and associates,0.333180605120413
3 Technicians and Associate Professionals,3122,Manufacturing supervisors,0.483642749405891
3 Technicians and Associate Professionals,3423,Fitness and recreation instructors and program leaders,0.501357403443518
3 Technicians and Associate Professionals,3324,Trade brokers,0.782727733188485
3 Technicians and Associate Professionals,3435,Other artistic and cultural associate professionals,0.175313127544163
3 Technicians and Associate Professionals,3314,"Statistical, mathematical and related associate professionals",0.482550970246672
3 Technicians and Associate Professionals,3256,Medical assistants,0.361482161755516
3 Technicians and Associate Professionals,3214,Medical and dental prosthetic technicians,0.73066403065922
3 Technicians and Associate Professionals,3511,Information and communications technology operations technicians,0.397636203573351
3 Technicians and Associate Professionals,3240,Veterinary technicians and assistants,0.681851297495869
3 Technicians and Associate Professionals,3341,Office supervisors,0.526568666964258
3 Technicians and Associate Professionals,3153,Aircraft pilots and related associate professionals,0.68671514732031
3 Technicians and Associate Professionals,3134,Petroleum and natural gas refining plant operators,0.289596052921027
3 Technicians and Associate Professionals,3521,Broadcasting and audiovisual technicians,0.504790470238869
3 Technicians and Associate Professionals,3152,Ships' deck officers and pilots,0.45569093870211
3 Technicians and Associate Professionals,3311,Securities and finance dealers and brokers,0.313622440525262
3 Technicians and Associate Professionals,3422,"Sports coaches, instructors and officials",0.426027371063678
3 Technicians and Associate Professionals,3118,Draughtspersons,0.499926668772358
3 Technicians and Associate Professionals,3339,Business services agents not elsewhere classified,0.390677110359287
3 Technicians and Associate Professionals,3123,Construction supervisors,0.687524467949717
3 Technicians and Associate Professionals,3313,Accounting associate professionals,0.521348984843171
3 Technicians and Associate Professionals,3332,Conference and event planners,0.542189007053647
3 Technicians and Associate Professionals,3322,Commercial sales representatives,0.631987576352491
3 Technicians and Associate Professionals,3342,Legal secretaries,0.492764668393316
3 Technicians and Associate Professionals,3514,Web technicians,0.176726933167086
3 Technicians and Associate Professionals,3513,Computer network and systems technicians,0.406088701907891
3 Technicians and Associate Professionals,3312,Credit and loans officers,0.54146930573643
3 Technicians and Associate Professionals,3431,Photographers,0.464089726423229
3 Technicians and Associate Professionals,3213,Pharmaceutical technicians and assistants,0.792588214512717
3 Technicians and Associate Professionals,3258,Ambulance workers,0.804968030050917
3 Technicians and Associate Professionals,3117,Mining and metallurgical technicians,0.248259938193775
3 Technicians and Associate Professionals,3113,Electrical engineering technicians,0.489476110735132
3 Technicians and Associate Professionals,3315,Valuers and loss assessors,0.395928877810435
3 Technicians and Associate Professionals,3411,Legal and related associate professionals,0.282399348579527
3 Technicians and Associate Professionals,3115,Mechanical engineering technicians,0.53626938902225
3 Technicians and Associate Professionals,3221,Nursing associate professionals,1
3 Technicians and Associate Professionals,3254,Dispensing opticians,0.542380189017214
3 Technicians and Associate Professionals,3412,Social work associate professionals,0.665852901132604
3 Technicians and Associate Professionals,3211,Medical imaging and therapeutic equipment technicians,0.359681914486112
3 Technicians and Associate Professionals,3112,Civil engineering technicians,0.401873774108894
3 Technicians and Associate Professionals,3151,Ships' engineers,0.446412774472917
3 Technicians and Associate Professionals,3116,Chemical engineering technicians,0.381136572100158
3 Technicians and Associate Professionals,3114,Electronics engineering technicians,0.442763315574214
3 Technicians and Associate Professionals,3255,Physiotherapy technicians and assistants,0.36924266946884
3 Technicians and Associate Professionals,3259,Health associate professionals not elsewhere classified,0.663562028409447
3 Technicians and Associate Professionals,3434,Chefs,0.538523619689145
4 Clerical Support Workers,4120,Secretaries (general),0.208063887441854
4 Clerical Support Workers,4415,Filing and copying clerks,0.0119022535550447
4 Clerical Support Workers,4419,Clerical support workers not elsewhere classified,0.567212621093648
4 Clerical Support Workers,4311,Accounting and bookkeeping clerks,0.539353619851276
4 Clerical Support Workers,4312,"Statistical, finance and insurance clerks",0.410338248497759
4 Clerical Support Workers,4225,Enquiry clerks,0.359152706195025
4 Clerical Support Workers,4416,Personnel clerks,0.299594054766026
4 Clerical Support Workers,4226,Receptionists (general),0.442138387229232
4 Clerical Support Workers,4313,Payroll clerks,0.502255141570938
4 Clerical Support Workers,4211,Bank tellers and related clerks,0.497089334637498
4 Clerical Support Workers,4224,Hotel receptionists,0.287264239722201
4 Clerical Support Workers,4323,Transport clerks,0.531890634144003
4 Clerical Support Workers,4412,Mail carriers and sorting clerks,0.943241625035844
4 Clerical Support Workers,4110,General office clerks,0.377846010895559
4 Clerical Support Workers,4229,Client information workers not elsewhere classified,0.29033578814731
4 Clerical Support Workers,4227,Survey and market research interviewers,0.340512825567487
4 Clerical Support Workers,4212,"Bookmakers, croupiers and related gaming workers",0.329292549741814
4 Clerical Support Workers,4222,Contact centre information clerks,0.608430943692353
4 Clerical Support Workers,4214,Debt-collectors and related workers,0.460211703369158
4 Clerical Support Workers,4132,Data entry clerks,0.53795162509572
4 Clerical Support Workers,4221,Travel consultants and clerks,0.405996192905913
4 Clerical Support Workers,4322,Production clerks,0.549266579103618
4 Clerical Support Workers,4321,Stock clerks,0.750315313028063
5 Service and Sales Workers,5152,Domestic housekeepers,0.687823322830175
5 Service and Sales Workers,5241,Fashion and other models,0.407641559989902
5 Service and Sales Workers,5419,Protective services workers not elsewhere classified,0.351391899952895
5 Service and Sales Workers,5141,Hairdressers,0.643742925872185
5 Service and Sales Workers,5162,Companions and valets,0.728541882589329
5 Service and Sales Workers,5242,Sales demonstrators,0.820024390210535
5 Service and Sales Workers,5151,"Cleaning and housekeeping supervisors in offices, hotels and other establishments",0.471721238091987
5 Service and Sales Workers,5249,Sales workers not elsewhere classified,0.570848270721251
5 Service and Sales Workers,5411,Fire-fighters,0.557048162385767
5 Service and Sales Workers,5112,Transport conductors,0.442259641878823
5 Service and Sales Workers,5223,Shop sales assistants,0.798736309902614
5 Service and Sales Workers,5165,Driving instructors,0.908019165001686
5 Service and Sales Workers,5244,Contact centre salespersons,0.337742075333396
5 Service and Sales Workers,5322,Home-based personal care workers,0.865534680941824
5 Service and Sales Workers,5245,Service station attendants,0.71231170586307
5 Service and Sales Workers,5131,Waiters,0.858508545933562
5 Service and Sales Workers,5246,Food service counter attendants,0.518086362421808
5 Service and Sales Workers,5412,Police officers,0.801550010979337
5 Service and Sales Workers,5329,Personal care workers in health services not elsewhere classified,0.705027964463153
5 Service and Sales Workers,5120,Cooks,0.804350946313034
5 Service and Sales Workers,5311,Child care workers,0.559446426286763
5 Service and Sales Workers,5132,Bartenders,0.254027911063078
5 Service and Sales Workers,5153,Building caretakers,0.548563126558215
5 Service and Sales Workers,5243,Door to door salespersons,0.59318996442327
5 Service and Sales Workers,5230,Cashiers and ticket clerks,0.533702354043171
5 Service and Sales Workers,5169,Personal services workers not elsewhere classified,0.682320406233681
5 Service and Sales Workers,5111,Travel attendants and travel stewards,0.433893974707006
5 Service and Sales Workers,5142,Beauticians and related workers,0.713794958998057
5 Service and Sales Workers,5321,Health care assistants,0.782926981072172
5 Service and Sales Workers,5113,Travel guides,0.32112672498005
5 Service and Sales Workers,5164,Pet groomers and animal care workers,0.563764976783947
5 Service and Sales Workers,5222,Shop supervisors,0.534720221746716
5 Service and Sales Workers,5312,Teachers' aides,0.64647992874576
5 Service and Sales Workers,5221,Shop keepers,0.361582281152255
5 Service and Sales Workers,5414,Security guards,0.606811451305255
"6 Skilled Agricultural, Forestry and Fishery Workers",6113,"Gardeners, horticultural and nursery growers",0.681069073599661
"6 Skilled Agricultural, Forestry and Fishery Workers",6121,Livestock and dairy producers,0.86011620593435
7 Craft and Related Trades Workers,7421,Electronics mechanics and servicers,0.724705192886748
7 Craft and Related Trades Workers,7215,Riggers and cable splicers,0.713874266992628
7 Craft and Related Trades Workers,7536,Shoemakers and related workers,0.762314914360208
7 Craft and Related Trades Workers,7534,Upholsterers and related workers,0.626843631050204
7 Craft and Related Trades Workers,7413,Electrical line installers and repairers,0.719827069971085
7 Craft and Related Trades Workers,7123,Plasterers,0.721683791604437
7 Craft and Related Trades Workers,7321,Pre-press technicians,0.559011453902449
7 Craft and Related Trades Workers,7125,Glaziers,0.681887753221217
7 Craft and Related Trades Workers,7531,"Tailors, dressmakers, furriers and hatters",0.247055323912571
7 Craft and Related Trades Workers,7512,"Bakers, pastry-cooks and confectionery makers",0.60898016513479
7 Craft and Related Trades Workers,7114,"Concrete placers, concrete finishers and related workers",0.67390575417845
7 Craft and Related Trades Workers,7124,Insulation workers,0.820180648681925
7 Craft and Related Trades Workers,7223,Metal working machine tool setters and operators,0.605701684380603
7 Craft and Related Trades Workers,7121,Roofers,0.760661832705716
7 Craft and Related Trades Workers,7222,Toolmakers and related workers,0.672619809604171
7 Craft and Related Trades Workers,7214,Structural-metal preparers and erectors,0.720224061090703
7 Craft and Related Trades Workers,7212,Welders and flamecutters,0.855047465491883
7 Craft and Related Trades Workers,7132,Spray painters and varnishers,0.814005431561882
7 Craft and Related Trades Workers,7122,Floor layers and tile setters,0.745665158097011
7 Craft and Related Trades Workers,7231,Motor vehicle mechanics and repairers,0.843448550749434
7 Craft and Related Trades Workers,7312,Musical instrument makers and tuners,0.487777816358283
7 Craft and Related Trades Workers,7233,Agricultural and industrial machinery mechanics and repairers,0.591258458858285
7 Craft and Related Trades Workers,7213,Sheet-metal workers,0.763635299395325
7 Craft and Related Trades Workers,7412,Electrical mechanics and fitters,0.711178500797601
7 Craft and Related Trades Workers,7422,Information and communications technology installers and servicers,0.626419834351256
7 Craft and Related Trades Workers,7115,Carpenters and joiners,0.834521257614972
7 Craft and Related Trades Workers,7126,Plumbers and pipe fitters,0.605909493826687
7 Craft and Related Trades Workers,7522,Cabinet-makers and related workers,0.513295007331991
7 Craft and Related Trades Workers,7543,Product graders and testers (excluding foods and beverages),0.401957791989667
7 Craft and Related Trades Workers,7411,Building and related electricians,0.717011860002095
7 Craft and Related Trades Workers,7127,Air conditioning and refrigeration mechanics,0.59658437779414
7 Craft and Related Trades Workers,7318,"Handicraft workers in textile, leather and related materials",0.390593876568307
7 Craft and Related Trades Workers,7111,House builders,0.478461754540103
7 Craft and Related Trades Workers,7511,"Butchers, fishmongers and related food preparers",0.67558342751703
7 Craft and Related Trades Workers,7532,Garment and related pattern-makers and cutters,0.279819901511706
7 Craft and Related Trades Workers,7112,Bricklayers and related workers,0.916938470551945
7 Craft and Related Trades Workers,7533,"Sewing, embroidery and related workers",0.754769822240946
7 Craft and Related Trades Workers,7119,Building frame and related trades workers not elsewhere classified,0.617938965200757
7 Craft and Related Trades Workers,7232,Aircraft engine mechanics and repairers,0.700453881885637
7 Craft and Related Trades Workers,7322,Printers,0.69916665932238
7 Craft and Related Trades Workers,7224,"Metal polishers, wheel grinders and tool sharpeners",0.477975239167107
7 Craft and Related Trades Workers,7131,Painters and related workers,0.655974227280364
"8 Plant and Machine Operators, and Assemblers",8219,Assemblers not elsewhere classified,0.603531763878795
"8 Plant and Machine Operators, and Assemblers",8331,Bus and tram drivers,0.855592071884153
"8 Plant and Machine Operators, and Assemblers",8113,Well drillers and borers and related workers,0.382794503460403
"8 Plant and Machine Operators, and Assemblers",8182,Steam engine and boiler operators,0.634068345666671
"8 Plant and Machine Operators, and Assemblers",8332,Heavy truck and lorry drivers,0.939860590742863
"8 Plant and Machine Operators, and Assemblers",8350,Ships' deck crews and related workers,0.546775801469264
"8 Plant and Machine Operators, and Assemblers",8311,Locomotive engine drivers,0.524743887271041
"8 Plant and Machine Operators, and Assemblers",8142,Plastic products machine operators,0.854342543984898
"8 Plant and Machine Operators, and Assemblers",8183,"Packing, bottling and labelling machine operators",0.70791918281864
"8 Plant and Machine Operators, and Assemblers",8189,Stationary plant and machine operators not elsewhere classified,0.795217578172893
"8 Plant and Machine Operators, and Assemblers",8160,Food and related products machine operators,0.685334260343303
"8 Plant and Machine Operators, and Assemblers",8122,"Metal finishing, plating and coating machine operators",0.757643673939874
"8 Plant and Machine Operators, and Assemblers",8131,Chemical products plant and machine operators,0.83272442661192
"8 Plant and Machine Operators, and Assemblers",8172,Wood processing plant operators,0.426257594660897
"8 Plant and Machine Operators, and Assemblers",8322,"Car, taxi and van drivers",0.809670443799223
"8 Plant and Machine Operators, and Assemblers",8211,Mechanical machinery assemblers,0.610373748309574
"8 Plant and Machine Operators, and Assemblers",8121,Metal processing plant operators,0.578538622310988
"8 Plant and Machine Operators, and Assemblers",8212,Electrical and electronic equipment assemblers,0.684669132455594
"8 Plant and Machine Operators, and Assemblers",8342,Earthmoving and related plant operators,0.652037082555456
"8 Plant and Machine Operators, and Assemblers",8343,"Crane, hoist and related plant operators",0.690019669847553
"8 Plant and Machine Operators, and Assemblers",8341,Mobile farm and forestry plant operators,0.753955986886706
"8 Plant and Machine Operators, and Assemblers",8312,"Railway brake, signal and switch operators",0.716413988138593
"8 Plant and Machine Operators, and Assemblers",8344,Lifting truck operators,0.638991015873983
9 Elementary Occupations,9333,Freight handlers,0.885508334172716
9 Elementary Occupations,9412,Kitchen helpers,0.639412947557786
9 Elementary Occupations,9622,Odd job persons,0.604193453091262
9 Elementary Occupations,9121,Hand launderers and pressers,0.678511433875701
9 Elementary Occupations,9411,Fast food preparers,0.742018750196444
9 Elementary Occupations,9321,Hand packers,0.732683543948417
9 Elementary Occupations,9510,Street and related service workers,0.277675763205575
9 Elementary Occupations,9122,Vehicle cleaners,0.796965057479187
9 Elementary Occupations,9111,Domestic cleaners and helpers,0.55049367446851
9 Elementary Occupations,9329,Manufacturing labourers not elsewhere classified,0.608343902088767
9 Elementary Occupations,9112,"Cleaners and helpers in offices, hotels and other establishments",0.849631399521246
9 Elementary Occupations,9129,Other cleaning workers,0.585295244027489
9 Elementary Occupations,9621,"Messengers, package deliverers and luggage porters",0.716752443820194
9 Elementary Occupations,9214,Garden and horticultural labourers,0.723928959525831
9 Elementary Occupations,9629,Elementary workers not elsewhere classified,0.335005650580106
9 Elementary Occupations,9313,Building construction labourers,0.863833198114131
9 Elementary Occupations,9212,Livestock farm labourers,0.612002067347565
9 Elementary Occupations,9312,Civil engineering labourers,0.691925441698221
9 Elementary Occupations,9334,Shelf fillers,0.824237162260159
