indicator,geo,geo_name,time,occupation,value,flag,unit
cedefop-clssi,AT,Austria,2026,11,4.0,,index (1–4)
cedefop-clssi,BE,Belgium,2026,11,4.0,,index (1–4)
cedefop-clssi,BG,Bulgaria,2026,11,3.0,,index (1–4)
cedefop-clssi,CH,Switzerland,2026,11,3.0,,index (1–4)
cedefop-clssi,CY,Cyprus,2026,11,3.3333,,index (1–4)
cedefop-clssi,CZ,Czechia,2026,11,2.0,,index (1–4)
cedefop-clssi,DE,Germany,2026,11,3.3333,,index (1–4)
cedefop-clssi,DK,Denmark,2026,11,3.3333,,index (1–4)
cedefop-clssi,EE,Estonia,2026,11,3.0,,index (1–4)
cedefop-clssi,EL,Greece,2026,11,4.0,,index (1–4)
cedefop-clssi,ES,Spain,2026,11,3.0,,index (1–4)
cedefop-clssi,EU27,European Union (27),2026,11,3.6667,,index (1–4)
cedefop-clssi,FI,Finland,2026,11,3.0,,index (1–4)
cedefop-clssi,FR,France,2026,11,3.0,,index (1–4)
cedefop-clssi,HR,Croatia,2026,11,3.6667,,index (1–4)
cedefop-clssi,HU,Hungary,2026,11,3.0,,index (1–4)
cedefop-clssi,IE,Ireland,2026,11,4.0,,index (1–4)
cedefop-clssi,IS,Iceland,2026,11,2.3333,,index (1–4)
cedefop-clssi,IT,Italy,2026,11,3.0,,index (1–4)
cedefop-clssi,LT,Lithuania,2026,11,3.0,,index (1–4)
cedefop-clssi,LU,Luxembourg,2026,11,2.3333,,index (1–4)
cedefop-clssi,LV,Latvia,2026,11,3.0,,index (1–4)
cedefop-clssi,MT,Malta,2026,11,3.3333,,index (1–4)
cedefop-clssi,NL,Netherlands,2026,11,1.3333,,index (1–4)
cedefop-clssi,NO,Norway,2026,11,3.0,,index (1–4)
cedefop-clssi,PL,Poland,2026,11,4.0,,index (1–4)
cedefop-clssi,PT,Portugal,2026,11,4.0,,index (1–4)
cedefop-clssi,RO,Romania,2026,11,4.0,,index (1–4)
cedefop-clssi,SE,Sweden,2026,11,2.0,,index (1–4)
cedefop-clssi,SI,Slovenia,2026,11,3.0,,index (1–4)
cedefop-clssi,SK,Slovakia,2026,11,2.6667,,index (1–4)
cedefop-clssi,AT,Austria,2026,12,3.3333,,index (1–4)
cedefop-clssi,BE,Belgium,2026,12,3.0,,index (1–4)
cedefop-clssi,BG,Bulgaria,2026,12,2.6667,,index (1–4)
cedefop-clssi,CH,Switzerland,2026,12,2.3333,,index (1–4)
cedefop-clssi,CY,Cyprus,2026,12,2.0,,index (1–4)
cedefop-clssi,CZ,Czechia,2026,12,3.0,,index (1–4)
cedefop-clssi,DE,Germany,2026,12,2.0,,index (1–4)
cedefop-clssi,DK,Denmark,2026,12,2.3333,,index (1–4)
cedefop-clssi,EE,Estonia,2026,12,3.0,,index (1–4)
cedefop-clssi,EL,Greece,2026,12,3.0,,index (1–4)
cedefop-clssi,ES,Spain,2026,12,3.3333,,index (1–4)
cedefop-clssi,EU27,European Union (27),2026,12,2.3333,,index (1–4)
cedefop-clssi,FI,Finland,2026,12,2.0,,index (1–4)
cedefop-clssi,FR,France,2026,12,2.0,,index (1–4)
cedefop-clssi,HR,Croatia,2026,12,3.6667,,index (1–4)
cedefop-clssi,HU,Hungary,2026,12,2.3333,,index (1–4)
cedefop-clssi,IE,Ireland,2026,12,2.3333,,index (1–4)
cedefop-clssi,IS,Iceland,2026,12,2.3333,,index (1–4)
cedefop-clssi,IT,Italy,2026,12,3.3333,,index (1–4)
cedefop-clssi,LT,Lithuania,2026,12,3.6667,,index (1–4)
cedefop-clssi,LU,Luxembourg,2026,12,2.3333,,index (1–4)
cedefop-clssi,LV,Latvia,2026,12,3.0,,index (1–4)
cedefop-clssi,MT,Malta,2026,12,2.6667,,index (1–4)
cedefop-clssi,NL,Netherlands,2026,12,2.0,,index (1–4)
cedefop-clssi,NO,Norway,2026,12,3.0,,index (1–4)
cedefop-clssi,PL,Poland,2026,12,3.0,,index (1–4)
cedefop-clssi,PT,Portugal,2026,12,3.0,,index (1–4)
cedefop-clssi,RO,Romania,2026,12,3.3333,,index (1–4)
cedefop-clssi,SE,Sweden,2026,12,2.0,,index (1–4)
cedefop-clssi,SI,Slovenia,2026,12,2.3333,,index (1–4)
cedefop-clssi,SK,Slovakia,2026,12,3.0,,index (1–4)
cedefop-clssi,AT,Austria,2026,13,3.0,,index (1–4)
cedefop-clssi,BE,Belgium,2026,13,2.6667,,index (1–4)
cedefop-clssi,BG,Bulgaria,2026,13,2.3333,,index (1–4)
cedefop-clssi,CH,Switzerland,2026,13,2.6667,,index (1–4)
cedefop-clssi,CY,Cyprus,2026,13,3.3333,,index (1–4)
cedefop-clssi,CZ,Czechia,2026,13,1.3333,,index (1–4)
cedefop-clssi,DE,Germany,2026,13,3.0,,index (1–4)
cedefop-clssi,DK,Denmark,2026,13,3.0,,index (1–4)
cedefop-clssi,EE,Estonia,2026,13,2.3333,,index (1–4)
cedefop-clssi,EL,Greece,2026,13,3.3333,,index (1–4)
cedefop-clssi,ES,Spain,2026,13,3.0,,index (1–4)
cedefop-clssi,EU27,European Union (27),2026,13,3.3333,,index (1–4)
cedefop-clssi,FI,Finland,2026,13,2.3333,,index (1–4)
cedefop-clssi,FR,France,2026,13,3.3333,,index (1–4)
cedefop-clssi,HR,Croatia,2026,13,2.6667,,index (1–4)
cedefop-clssi,HU,Hungary,2026,13,2.6667,,index (1–4)
cedefop-clssi,IE,Ireland,2026,13,3.0,,index (1–4)
cedefop-clssi,IS,Iceland,2026,13,2.3333,,index (1–4)
cedefop-clssi,IT,Italy,2026,13,3.3333,,index (1–4)
cedefop-clssi,LT,Lithuania,2026,13,2.0,,index (1–4)
cedefop-clssi,LU,Luxembourg,2026,13,2.6667,,index (1–4)
cedefop-clssi,LV,Latvia,2026,13,3.0,,index (1–4)
cedefop-clssi,MT,Malta,2026,13,3.3333,,index (1–4)
cedefop-clssi,NL,Netherlands,2026,13,2.3333,,index (1–4)
cedefop-clssi,NO,Norway,2026,13,3.0,,index (1–4)
cedefop-clssi,PL,Poland,2026,13,2.3333,,index (1–4)
cedefop-clssi,PT,Portugal,2026,13,2.3333,,index (1–4)
cedefop-clssi,RO,Romania,2026,13,3.0,,index (1–4)
cedefop-clssi,SE,Sweden,2026,13,2.3333,,index (1–4)
cedefop-clssi,SI,Slovenia,2026,13,2.3333,,index (1–4)
cedefop-clssi,SK,Slovakia,2026,13,2.0,,index (1–4)
cedefop-clssi,AT,Austria,2026,14,1.6667,,index (1–4)
cedefop-clssi,BE,Belgium,2026,14,2.3333,,index (1–4)
cedefop-clssi,BG,Bulgaria,2026,14,2.6667,,index (1–4)
cedefop-clssi,CH,Switzerland,2026,14,3.3333,,index (1–4)
cedefop-clssi,CY,Cyprus,2026,14,3.0,,index (1–4)
cedefop-clssi,CZ,Czechia,2026,14,1.3333,,index (1–4)
cedefop-clssi,DE,Germany,2026,14,1.6667,,index (1–4)
cedefop-clssi,DK,Denmark,2026,14,1.6667,,index (1–4)
cedefop-clssi,EE,Estonia,2026,14,2.3333,,index (1–4)
cedefop-clssi,EL,Greece,2026,14,2.3333,,index (1–4)
cedefop-clssi,ES,Spain,2026,14,2.6667,,index (1–4)
cedefop-clssi,EU27,European Union (27),2026,14,2.3333,,index (1–4)
cedefop-clssi,FI,Finland,2026,14,3.0,,index (1–4)
cedefop-clssi,FR,France,2026,14,2.3333,,index (1–4)
cedefop-clssi,HR,Croatia,2026,14,3.3333,,index (1–4)
cedefop-clssi,HU,Hungary,2026,14,2.0,,index (1–4)
cedefop-clssi,IE,Ireland,2026,14,3.0,,index (1–4)
cedefop-clssi,IS,Iceland,2026,14,2.6667,,index (1–4)
cedefop-clssi,IT,Italy,2026,14,2.3333,,index (1–4)
cedefop-clssi,LT,Lithuania,2026,14,2.0,,index (1–4)
cedefop-clssi,LU,Luxembourg,2026,14,2.3333,,index (1–4)
cedefop-clssi,LV,Latvia,2026,14,2.0,,index (1–4)
cedefop-clssi,MT,Malta,2026,14,2.6667,,index (1–4)
cedefop-clssi,NL,Netherlands,2026,14,2.6667,,index (1–4)
cedefop-clssi,NO,Norway,2026,14,3.3333,,index (1–4)
cedefop-clssi,PL,Poland,2026,14,3.0,,index (1–4)
cedefop-clssi,PT,Portugal,2026,14,2.6667,,index (1–4)
cedefop-clssi,RO,Romania,2026,14,2.3333,,index (1–4)
cedefop-clssi,SE,Sweden,2026,14,2.3333,,index (1–4)
cedefop-clssi,SI,Slovenia,2026,14,2.3333,,index (1–4)
cedefop-clssi,SK,Slovakia,2026,14,1.3333,,index (1–4)
cedefop-clssi,AT,Austria,2026,21,3.6667,,index (1–4)
cedefop-clssi,BE,Belgium,2026,21,3.6667,,index (1–4)
cedefop-clssi,BG,Bulgaria,2026,21,3.3333,,index (1–4)
cedefop-clssi,CH,Switzerland,2026,21,3.3333,,index (1–4)
cedefop-clssi,CY,Cyprus,2026,21,3.0,,index (1–4)
cedefop-clssi,CZ,Czechia,2026,21,2.6667,,index (1–4)
cedefop-clssi,DE,Germany,2026,21,3.0,,index (1–4)
cedefop-clssi,DK,Denmark,2026,21,3.3333,,index (1–4)
cedefop-clssi,EE,Estonia,2026,21,3.3333,,index (1–4)
cedefop-clssi,EL,Greece,2026,21,3.0,,index (1–4)
cedefop-clssi,ES,Spain,2026,21,3.6667,,index (1–4)
cedefop-clssi,EU27,European Union (27),2026,21,3.6667,,index (1–4)
cedefop-clssi,FI,Finland,2026,21,3.6667,,index (1–4)
cedefop-clssi,FR,France,2026,21,3.0,,index (1–4)
cedefop-clssi,HR,Croatia,2026,21,3.6667,,index (1–4)
cedefop-clssi,HU,Hungary,2026,21,3.6667,,index (1–4)
cedefop-clssi,IE,Ireland,2026,21,3.3333,,index (1–4)
cedefop-clssi,IS,Iceland,2026,21,2.6667,,index (1–4)
cedefop-clssi,IT,Italy,2026,21,3.6667,,index (1–4)
cedefop-clssi,LT,Lithuania,2026,21,3.0,,index (1–4)
cedefop-clssi,LU,Luxembourg,2026,21,2.6667,,index (1–4)
cedefop-clssi,LV,Latvia,2026,21,3.6667,,index (1–4)
cedefop-clssi,MT,Malta,2026,21,4.0,,index (1–4)
cedefop-clssi,NL,Netherlands,2026,21,2.6667,,index (1–4)
cedefop-clssi,NO,Norway,2026,21,3.6667,,index (1–4)
cedefop-clssi,PL,Poland,2026,21,3.6667,,index (1–4)
cedefop-clssi,PT,Portugal,2026,21,3.0,,index (1–4)
cedefop-clssi,RO,Romania,2026,21,3.0,,index (1–4)
cedefop-clssi,SE,Sweden,2026,21,2.3333,,index (1–4)
cedefop-clssi,SI,Slovenia,2026,21,4.0,,index (1–4)
cedefop-clssi,SK,Slovakia,2026,21,2.6667,,index (1–4)
cedefop-clssi,AT,Austria,2026,22,3.3333,,index (1–4)
cedefop-clssi,BE,Belgium,2026,22,4.0,,index (1–4)
cedefop-clssi,BG,Bulgaria,2026,22,3.6667,,index (1–4)
cedefop-clssi,CH,Switzerland,2026,22,2.6667,,index (1–4)
cedefop-clssi,CY,Cyprus,2026,22,3.0,,index (1–4)
cedefop-clssi,CZ,Czechia,2026,22,2.0,,index (1–4)
cedefop-clssi,DE,Germany,2026,22,2.6667,,index (1–4)
cedefop-clssi,DK,Denmark,2026,22,3.6667,,index (1–4)
cedefop-clssi,EE,Estonia,2026,22,3.6667,,index (1–4)
cedefop-clssi,EL,Greece,2026,22,2.6667,,index (1–4)
cedefop-clssi,ES,Spain,2026,22,3.3333,,index (1–4)
cedefop-clssi,EU27,European Union (27),2026,22,3.6667,,index (1–4)
cedefop-clssi,FI,Finland,2026,22,2.3333,,index (1–4)
cedefop-clssi,FR,France,2026,22,3.3333,,index (1–4)
cedefop-clssi,HR,Croatia,2026,22,3.3333,,index (1–4)
cedefop-clssi,HU,Hungary,2026,22,3.6667,,index (1–4)
cedefop-clssi,IE,Ireland,2026,22,3.0,,index (1–4)
cedefop-clssi,IS,Iceland,2026,22,2.0,,index (1–4)
cedefop-clssi,IT,Italy,2026,22,3.3333,,index (1–4)
cedefop-clssi,LT,Lithuania,2026,22,3.0,,index (1–4)
cedefop-clssi,LU,Luxembourg,2026,22,3.0,,index (1–4)
cedefop-clssi,LV,Latvia,2026,22,3.3333,,index (1–4)
cedefop-clssi,MT,Malta,2026,22,4.0,,index (1–4)
cedefop-clssi,NL,Netherlands,2026,22,3.0,,index (1–4)
cedefop-clssi,NO,Norway,2026,22,4.0,,index (1–4)
cedefop-clssi,PL,Poland,2026,22,4.0,,index (1–4)
cedefop-clssi,PT,Portugal,2026,22,3.3333,,index (1–4)
cedefop-clssi,RO,Romania,2026,22,2.6667,,index (1–4)
cedefop-clssi,SE,Sweden,2026,22,2.3333,,index (1–4)
cedefop-clssi,SI,Slovenia,2026,22,4.0,,index (1–4)
cedefop-clssi,SK,Slovakia,2026,22,3.0,,index (1–4)
cedefop-clssi,AT,Austria,2026,23,3.3333,,index (1–4)
cedefop-clssi,BE,Belgium,2026,23,2.6667,,index (1–4)
cedefop-clssi,BG,Bulgaria,2026,23,3.0,,index (1–4)
cedefop-clssi,CH,Switzerland,2026,23,1.3333,,index (1–4)
cedefop-clssi,CY,Cyprus,2026,23,2.0,,index (1–4)
cedefop-clssi,CZ,Czechia,2026,23,1.6667,,index (1–4)
cedefop-clssi,DE,Germany,2026,23,2.6667,,index (1–4)
cedefop-clssi,DK,Denmark,2026,23,2.3333,,index (1–4)
cedefop-clssi,EE,Estonia,2026,23,2.6667,,index (1–4)
cedefop-clssi,EL,Greece,2026,23,2.6667,,index (1–4)
cedefop-clssi,ES,Spain,2026,23,2.6667,,index (1–4)
cedefop-clssi,EU27,European Union (27),2026,23,2.3333,,index (1–4)
cedefop-clssi,FI,Finland,2026,23,2.6667,,index (1–4)
cedefop-clssi,FR,France,2026,23,2.0,,index (1–4)
cedefop-clssi,HR,Croatia,2026,23,3.0,,index (1–4)
cedefop-clssi,HU,Hungary,2026,23,3.0,,index (1–4)
cedefop-clssi,IE,Ireland,2026,23,2.3333,,index (1–4)
cedefop-clssi,IS,Iceland,2026,23,1.0,,index (1–4)
cedefop-clssi,IT,Italy,2026,23,2.6667,,index (1–4)
cedefop-clssi,LT,Lithuania,2026,23,2.3333,,index (1–4)
cedefop-clssi,LU,Luxembourg,2026,23,1.6667,,index (1–4)
cedefop-clssi,LV,Latvia,2026,23,2.3333,,index (1–4)
cedefop-clssi,MT,Malta,2026,23,3.6667,,index (1–4)
cedefop-clssi,NL,Netherlands,2026,23,1.3333,,index (1–4)
cedefop-clssi,NO,Norway,2026,23,2.3333,,index (1–4)
cedefop-clssi,PL,Poland,2026,23,2.6667,,index (1–4)
cedefop-clssi,PT,Portugal,2026,23,2.0,,index (1–4)
cedefop-clssi,RO,Romania,2026,23,2.6667,,index (1–4)
cedefop-clssi,SE,Sweden,2026,23,1.3333,,index (1–4)
cedefop-clssi,SI,Slovenia,2026,23,2.6667,,index (1–4)
cedefop-clssi,SK,Slovakia,2026,23,2.0,,index (1–4)
cedefop-clssi,AT,Austria,2026,24,3.6667,,index (1–4)
cedefop-clssi,BE,Belgium,2026,24,3.3333,,index (1–4)
cedefop-clssi,BG,Bulgaria,2026,24,3.0,,index (1–4)
cedefop-clssi,CH,Switzerland,2026,24,3.0,,index (1–4)
cedefop-clssi,CY,Cyprus,2026,24,2.0,,index (1–4)
cedefop-clssi,CZ,Czechia,2026,24,2.3333,,index (1–4)
cedefop-clssi,DE,Germany,2026,24,3.6667,,index (1–4)
cedefop-clssi,DK,Denmark,2026,24,3.3333,,index (1–4)
cedefop-clssi,EE,Estonia,2026,24,3.3333,,index (1–4)
cedefop-clssi,EL,Greece,2026,24,3.6667,,index (1–4)
cedefop-clssi,ES,Spain,2026,24,3.6667,,index (1–4)
cedefop-clssi,EU27,European Union (27),2026,24,3.3333,,index (1–4)
cedefop-clssi,FI,Finland,2026,24,3.3333,,index (1–4)
cedefop-clssi,FR,France,2026,24,3.6667,,index (1–4)
cedefop-clssi,HR,Croatia,2026,24,3.6667,,index (1–4)
cedefop-clssi,HU,Hungary,2026,24,4.0,,index (1–4)
cedefop-clssi,IE,Ireland,2026,24,3.3333,,index (1–4)
cedefop-clssi,IS,Iceland,2026,24,2.6667,,index (1–4)
cedefop-clssi,IT,Italy,2026,24,3.6667,,index (1–4)
cedefop-clssi,LT,Lithuania,2026,24,3.6667,,index (1–4)
cedefop-clssi,LU,Luxembourg,2026,24,2.3333,,index (1–4)
cedefop-clssi,LV,Latvia,2026,24,3.3333,,index (1–4)
cedefop-clssi,MT,Malta,2026,24,4.0,,index (1–4)
cedefop-clssi,NL,Netherlands,2026,24,2.6667,,index (1–4)
cedefop-clssi,NO,Norway,2026,24,2.6667,,index (1–4)
cedefop-clssi,PL,Poland,2026,24,3.6667,,index (1–4)
cedefop-clssi,PT,Portugal,2026,24,3.3333,,index (1–4)
cedefop-clssi,RO,Romania,2026,24,3.3333,,index (1–4)
cedefop-clssi,SE,Sweden,2026,24,2.3333,,index (1–4)
cedefop-clssi,SI,Slovenia,2026,24,3.3333,,index (1–4)
cedefop-clssi,SK,Slovakia,2026,24,2.3333,,index (1–4)
cedefop-clssi,AT,Austria,2026,25,3.6667,,index (1–4)
cedefop-clssi,BE,Belgium,2026,25,3.3333,,index (1–4)
cedefop-clssi,BG,Bulgaria,2026,25,3.6667,,index (1–4)
cedefop-clssi,CH,Switzerland,2026,25,2.3333,,index (1–4)
cedefop-clssi,CY,Cyprus,2026,25,3.3333,,index (1–4)
cedefop-clssi,CZ,Czechia,2026,25,2.6667,,index (1–4)
cedefop-clssi,DE,Germany,2026,25,3.0,,index (1–4)
cedefop-clssi,DK,Denmark,2026,25,3.0,,index (1–4)
cedefop-clssi,EE,Estonia,2026,25,3.3333,,index (1–4)
cedefop-clssi,EL,Greece,2026,25,4.0,,index (1–4)
cedefop-clssi,ES,Spain,2026,25,3.3333,,index (1–4)
cedefop-clssi,EU27,European Union (27),2026,25,3.6667,,index (1–4)
cedefop-clssi,FI,Finland,2026,25,3.3333,,index (1–4)
cedefop-clssi,FR,France,2026,25,3.6667,,index (1–4)
cedefop-clssi,HR,Croatia,2026,25,4.0,,index (1–4)
cedefop-clssi,HU,Hungary,2026,25,3.6667,,index (1–4)
cedefop-clssi,IE,Ireland,2026,25,3.3333,,index (1–4)
cedefop-clssi,IS,Iceland,2026,25,3.0,,index (1–4)
cedefop-clssi,IT,Italy,2026,25,3.3333,,index (1–4)
cedefop-clssi,LT,Lithuania,2026,25,3.3333,,index (1–4)
cedefop-clssi,LU,Luxembourg,2026,25,2.0,,index (1–4)
cedefop-clssi,LV,Latvia,2026,25,3.0,,index (1–4)
cedefop-clssi,MT,Malta,2026,25,4.0,,index (1–4)
cedefop-clssi,NL,Netherlands,2026,25,2.6667,,index (1–4)
cedefop-clssi,NO,Norway,2026,25,3.6667,,index (1–4)
cedefop-clssi,PL,Poland,2026,25,3.6667,,index (1–4)
cedefop-clssi,PT,Portugal,2026,25,3.6667,,index (1–4)
cedefop-clssi,RO,Romania,2026,25,4.0,,index (1–4)
cedefop-clssi,SE,Sweden,2026,25,2.0,,index (1–4)
cedefop-clssi,SI,Slovenia,2026,25,3.3333,,index (1–4)
cedefop-clssi,SK,Slovakia,2026,25,3.0,,index (1–4)
cedefop-clssi,AT,Austria,2026,26,3.3333,,index (1–4)
cedefop-clssi,BE,Belgium,2026,26,3.3333,,index (1–4)
cedefop-clssi,BG,Bulgaria,2026,26,3.0,,index (1–4)
cedefop-clssi,CH,Switzerland,2026,26,2.3333,,index (1–4)
cedefop-clssi,CY,Cyprus,2026,26,3.0,,index (1–4)
cedefop-clssi,CZ,Czechia,2026,26,2.0,,index (1–4)
cedefop-clssi,DE,Germany,2026,26,3.0,,index (1–4)
cedefop-clssi,DK,Denmark,2026,26,3.3333,,index (1–4)
cedefop-clssi,EE,Estonia,2026,26,3.0,,index (1–4)
cedefop-clssi,EL,Greece,2026,26,3.0,,index (1–4)
cedefop-clssi,ES,Spain,2026,26,3.0,,index (1–4)
cedefop-clssi,EU27,European Union (27),2026,26,3.6667,,index (1–4)
cedefop-clssi,FI,Finland,2026,26,3.0,,index (1–4)
cedefop-clssi,FR,France,2026,26,3.3333,,index (1–4)
cedefop-clssi,HR,Croatia,2026,26,3.6667,,index (1–4)
cedefop-clssi,HU,Hungary,2026,26,3.6667,,index (1–4)
cedefop-clssi,IE,Ireland,2026,26,2.3333,,index (1–4)
cedefop-clssi,IS,Iceland,2026,26,2.3333,,index (1–4)
cedefop-clssi,IT,Italy,2026,26,3.6667,,index (1–4)
cedefop-clssi,LT,Lithuania,2026,26,3.0,,index (1–4)
cedefop-clssi,LU,Luxembourg,2026,26,2.6667,,index (1–4)
cedefop-clssi,LV,Latvia,2026,26,3.0,,index (1–4)
cedefop-clssi,MT,Malta,2026,26,3.6667,,index (1–4)
cedefop-clssi,NL,Netherlands,2026,26,2.3333,,index (1–4)
cedefop-clssi,NO,Norway,2026,26,2.6667,,index (1–4)
cedefop-clssi,PL,Poland,2026,26,3.3333,,index (1–4)
cedefop-clssi,PT,Portugal,2026,26,2.6667,,index (1–4)
cedefop-clssi,RO,Romania,2026,26,2.6667,,index (1–4)
cedefop-clssi,SE,Sweden,2026,26,2.6667,,index (1–4)
cedefop-clssi,SI,Slovenia,2026,26,3.0,,index (1–4)
cedefop-clssi,SK,Slovakia,2026,26,2.3333,,index (1–4)
cedefop-clssi,AT,Austria,2026,31,2.6667,,index (1–4)
cedefop-clssi,BE,Belgium,2026,31,2.3333,,index (1–4)
cedefop-clssi,BG,Bulgaria,2026,31,2.0,,index (1–4)
cedefop-clssi,CH,Switzerland,2026,31,2.6667,,index (1–4)
cedefop-clssi,CY,Cyprus,2026,31,2.6667,,index (1–4)
cedefop-clssi,CZ,Czechia,2026,31,2.3333,,index (1–4)
cedefop-clssi,DE,Germany,2026,31,2.0,,index (1–4)
cedefop-clssi,DK,Denmark,2026,31,3.0,,index (1–4)
cedefop-clssi,EE,Estonia,2026,31,2.6667,,index (1–4)
cedefop-clssi,EL,Greece,2026,31,3.0,,index (1–4)
cedefop-clssi,ES,Spain,2026,31,2.3333,,index (1–4)
cedefop-clssi,EU27,European Union (27),2026,31,2.6667,,index (1–4)
cedefop-clssi,FI,Finland,2026,31,3.0,,index (1–4)
cedefop-clssi,FR,France,2026,31,3.3333,,index (1–4)
cedefop-clssi,HR,Croatia,2026,31,2.3333,,index (1–4)
cedefop-clssi,HU,Hungary,2026,31,2.6667,,index (1–4)
cedefop-clssi,IE,Ireland,2026,31,2.0,,index (1–4)
cedefop-clssi,IS,Iceland,2026,31,2.3333,,index (1–4)
cedefop-clssi,IT,Italy,2026,31,2.3333,,index (1–4)
cedefop-clssi,LT,Lithuania,2026,31,2.6667,,index (1–4)
cedefop-clssi,LU,Luxembourg,2026,31,2.0,,index (1–4)
cedefop-clssi,LV,Latvia,2026,31,2.6667,,index (1–4)
cedefop-clssi,MT,Malta,2026,31,2.3333,,index (1–4)
cedefop-clssi,NL,Netherlands,2026,31,2.6667,,index (1–4)
cedefop-clssi,NO,Norway,2026,31,3.3333,,index (1–4)
cedefop-clssi,PL,Poland,2026,31,2.6667,,index (1–4)
cedefop-clssi,PT,Portugal,2026,31,2.0,,index (1–4)
cedefop-clssi,RO,Romania,2026,31,2.3333,,index (1–4)
cedefop-clssi,SE,Sweden,2026,31,3.0,,index (1–4)
cedefop-clssi,SI,Slovenia,2026,31,2.3333,,index (1–4)
cedefop-clssi,SK,Slovakia,2026,31,2.0,,index (1–4)
cedefop-clssi,AT,Austria,2026,32,3.0,,index (1–4)
cedefop-clssi,BE,Belgium,2026,32,2.6667,,index (1–4)
cedefop-clssi,BG,Bulgaria,2026,32,3.3333,,index (1–4)
cedefop-clssi,CH,Switzerland,2026,32,2.6667,,index (1–4)
cedefop-clssi,CY,Cyprus,2026,32,2.0,,index (1–4)
cedefop-clssi,CZ,Czechia,2026,32,2.0,,index (1–4)
cedefop-clssi,DE,Germany,2026,32,3.0,,index (1–4)
cedefop-clssi,DK,Denmark,2026,32,3.6667,,index (1–4)
cedefop-clssi,EE,Estonia,2026,32,2.0,,index (1–4)
cedefop-clssi,EL,Greece,2026,32,2.3333,,index (1–4)
cedefop-clssi,ES,Spain,2026,32,2.3333,,index (1–4)
cedefop-clssi,EU27,European Union (27),2026,32,3.0,,index (1–4)
cedefop-clssi,FI,Finland,2026,32,3.0,,index (1–4)
cedefop-clssi,FR,France,2026,32,3.0,,index (1–4)
cedefop-clssi,HR,Croatia,2026,32,2.6667,,index (1–4)
cedefop-clssi,HU,Hungary,2026,32,2.6667,,index (1–4)
cedefop-clssi,IE,Ireland,2026,32,3.6667,,index (1–4)
cedefop-clssi,IS,Iceland,2026,32,2.0,,index (1–4)
cedefop-clssi,IT,Italy,2026,32,3.0,,index (1–4)
cedefop-clssi,LT,Lithuania,2026,32,3.0,,index (1–4)
cedefop-clssi,LU,Luxembourg,2026,32,2.0,,index (1–4)
cedefop-clssi,LV,Latvia,2026,32,1.6667,,index (1–4)
cedefop-clssi,MT,Malta,2026,32,2.3333,,index (1–4)
cedefop-clssi,NL,Netherlands,2026,32,2.3333,,index (1–4)
cedefop-clssi,NO,Norway,2026,32,2.3333,,index (1–4)
cedefop-clssi,PL,Poland,2026,32,3.3333,,index (1–4)
cedefop-clssi,PT,Portugal,2026,32,3.3333,,index (1–4)
cedefop-clssi,RO,Romania,2026,32,2.6667,,index (1–4)
cedefop-clssi,SE,Sweden,2026,32,2.0,,index (1–4)
cedefop-clssi,SI,Slovenia,2026,32,2.3333,,index (1–4)
cedefop-clssi,SK,Slovakia,2026,32,1.3333,,index (1–4)
cedefop-clssi,AT,Austria,2026,33,2.3333,,index (1–4)
cedefop-clssi,BE,Belgium,2026,33,2.6667,,index (1–4)
cedefop-clssi,BG,Bulgaria,2026,33,3.3333,,index (1–4)
cedefop-clssi,CH,Switzerland,2026,33,2.6667,,index (1–4)
cedefop-clssi,CY,Cyprus,2026,33,2.6667,,index (1–4)
cedefop-clssi,CZ,Czechia,2026,33,2.0,,index (1–4)
cedefop-clssi,DE,Germany,2026,33,3.0,,index (1–4)
cedefop-clssi,DK,Denmark,2026,33,2.6667,,index (1–4)
cedefop-clssi,EE,Estonia,2026,33,3.0,,index (1–4)
cedefop-clssi,EL,Greece,2026,33,2.3333,,index (1–4)
cedefop-clssi,ES,Spain,2026,33,2.6667,,index (1–4)
cedefop-clssi,EU27,European Union (27),2026,33,2.6667,,index (1–4)
cedefop-clssi,FI,Finland,2026,33,2.6667,,index (1–4)
cedefop-clssi,FR,France,2026,33,2.0,,index (1–4)
cedefop-clssi,HR,Croatia,2026,33,3.3333,,index (1–4)
cedefop-clssi,HU,Hungary,2026,33,3.0,,index (1–4)
cedefop-clssi,IE,Ireland,2026,33,2.6667,,index (1–4)
cedefop-clssi,IS,Iceland,2026,33,2.6667,,index (1–4)
cedefop-clssi,IT,Italy,2026,33,1.6667,,index (1–4)
cedefop-clssi,LT,Lithuania,2026,33,2.6667,,index (1–4)
cedefop-clssi,LU,Luxembourg,2026,33,2.0,,index (1–4)
cedefop-clssi,LV,Latvia,2026,33,2.3333,,index (1–4)
cedefop-clssi,MT,Malta,2026,33,2.6667,,index (1–4)
cedefop-clssi,NL,Netherlands,2026,33,2.3333,,index (1–4)
cedefop-clssi,NO,Norway,2026,33,2.6667,,index (1–4)
cedefop-clssi,PL,Poland,2026,33,3.0,,index (1–4)
cedefop-clssi,PT,Portugal,2026,33,3.0,,index (1–4)
cedefop-clssi,RO,Romania,2026,33,3.0,,index (1–4)
cedefop-clssi,SE,Sweden,2026,33,1.6667,,index (1–4)
cedefop-clssi,SI,Slovenia,2026,33,2.6667,,index (1–4)
cedefop-clssi,SK,Slovakia,2026,33,1.6667,,index (1–4)
cedefop-clssi,AT,Austria,2026,34,2.6667,,index (1–4)
cedefop-clssi,BE,Belgium,2026,34,2.0,,index (1–4)
cedefop-clssi,BG,Bulgaria,2026,34,2.3333,,index (1–4)
cedefop-clssi,CH,Switzerland,2026,34,2.3333,,index (1–4)
cedefop-clssi,CY,Cyprus,2026,34,2.3333,,index (1–4)
cedefop-clssi,CZ,Czechia,2026,34,2.3333,,index (1–4)
cedefop-clssi,DE,Germany,2026,34,3.6667,,index (1–4)
cedefop-clssi,DK,Denmark,2026,34,2.0,,index (1–4)
cedefop-clssi,EE,Estonia,2026,34,2.3333,,index (1–4)
cedefop-clssi,EL,Greece,2026,34,3.0,,index (1–4)
cedefop-clssi,ES,Spain,2026,34,3.3333,,index (1–4)
cedefop-clssi,EU27,European Union (27),2026,34,3.3333,,index (1–4)
cedefop-clssi,FI,Finland,2026,34,2.6667,,index (1–4)
cedefop-clssi,FR,France,2026,34,3.0,,index (1–4)
cedefop-clssi,HR,Croatia,2026,34,3.0,,index (1–4)
cedefop-clssi,HU,Hungary,2026,34,3.0,,index (1–4)
cedefop-clssi,IE,Ireland,2026,34,2.3333,,index (1–4)
cedefop-clssi,IS,Iceland,2026,34,3.3333,,index (1–4)
cedefop-clssi,IT,Italy,2026,34,3.6667,,index (1–4)
cedefop-clssi,LT,Lithuania,2026,34,3.0,,index (1–4)
cedefop-clssi,LU,Luxembourg,2026,34,2.6667,,index (1–4)
cedefop-clssi,LV,Latvia,2026,34,3.0,,index (1–4)
cedefop-clssi,MT,Malta,2026,34,3.0,,index (1–4)
cedefop-clssi,NL,Netherlands,2026,34,3.3333,,index (1–4)
cedefop-clssi,NO,Norway,2026,34,1.6667,,index (1–4)
cedefop-clssi,PL,Poland,2026,34,3.0,,index (1–4)
cedefop-clssi,PT,Portugal,2026,34,3.3333,,index (1–4)
cedefop-clssi,RO,Romania,2026,34,3.6667,,index (1–4)
cedefop-clssi,SE,Sweden,2026,34,2.3333,,index (1–4)
cedefop-clssi,SI,Slovenia,2026,34,3.0,,index (1–4)
cedefop-clssi,SK,Slovakia,2026,34,2.0,,index (1–4)
cedefop-clssi,AT,Austria,2026,35,3.3333,,index (1–4)
cedefop-clssi,BE,Belgium,2026,35,2.6667,,index (1–4)
cedefop-clssi,BG,Bulgaria,2026,35,2.6667,,index (1–4)
cedefop-clssi,CH,Switzerland,2026,35,2.3333,,index (1–4)
cedefop-clssi,CY,Cyprus,2026,35,2.0,,index (1–4)
cedefop-clssi,CZ,Czechia,2026,35,2.0,,index (1–4)
cedefop-clssi,DE,Germany,2026,35,2.3333,,index (1–4)
cedefop-clssi,DK,Denmark,2026,35,2.3333,,index (1–4)
cedefop-clssi,EE,Estonia,2026,35,2.6667,,index (1–4)
cedefop-clssi,EL,Greece,2026,35,3.6667,,index (1–4)
cedefop-clssi,ES,Spain,2026,35,4.0,,index (1–4)
cedefop-clssi,EU27,European Union (27),2026,35,3.3333,,index (1–4)
cedefop-clssi,FI,Finland,2026,35,2.6667,,index (1–4)
cedefop-clssi,FR,France,2026,35,2.6667,,index (1–4)
cedefop-clssi,HR,Croatia,2026,35,2.3333,,index (1–4)
cedefop-clssi,HU,Hungary,2026,35,3.3333,,index (1–4)
cedefop-clssi,IE,Ireland,2026,35,3.0,,index (1–4)
cedefop-clssi,IS,Iceland,2026,35,3.0,,index (1–4)
cedefop-clssi,IT,Italy,2026,35,2.6667,,index (1–4)
cedefop-clssi,LT,Lithuania,2026,35,3.0,,index (1–4)
cedefop-clssi,LU,Luxembourg,2026,35,3.3333,,index (1–4)
cedefop-clssi,LV,Latvia,2026,35,3.3333,,index (1–4)
cedefop-clssi,MT,Malta,2026,35,2.6667,,index (1–4)
cedefop-clssi,NL,Netherlands,2026,35,3.3333,,index (1–4)
cedefop-clssi,NO,Norway,2026,35,3.0,,index (1–4)
cedefop-clssi,PL,Poland,2026,35,3.3333,,index (1–4)
cedefop-clssi,PT,Portugal,2026,35,3.0,,index (1–4)
cedefop-clssi,RO,Romania,2026,35,3.3333,,index (1–4)
cedefop-clssi,SE,Sweden,2026,35,2.3333,,index (1–4)
cedefop-clssi,SI,Slovenia,2026,35,2.6667,,index (1–4)
cedefop-clssi,SK,Slovakia,2026,35,1.3333,,index (1–4)
cedefop-clssi,AT,Austria,2026,41,2.3333,,index (1–4)
cedefop-clssi,BE,Belgium,2026,41,2.6667,,index (1–4)
cedefop-clssi,BG,Bulgaria,2026,41,3.0,,index (1–4)
cedefop-clssi,CH,Switzerland,2026,41,2.6667,,index (1–4)
cedefop-clssi,CY,Cyprus,2026,41,2.6667,,index (1–4)
cedefop-clssi,CZ,Czechia,2026,41,1.6667,,index (1–4)
cedefop-clssi,DE,Germany,2026,41,1.6667,,index (1–4)
cedefop-clssi,DK,Denmark,2026,41,2.3333,,index (1–4)
cedefop-clssi,EE,Estonia,2026,41,3.6667,,index (1–4)
cedefop-clssi,EL,Greece,2026,41,2.3333,,index (1–4)
cedefop-clssi,ES,Spain,2026,41,2.3333,,index (1–4)
cedefop-clssi,EU27,European Union (27),2026,41,2.0,,index (1–4)
cedefop-clssi,FI,Finland,2026,41,2.0,,index (1–4)
cedefop-clssi,FR,France,2026,41,2.6667,,index (1–4)
cedefop-clssi,HR,Croatia,2026,41,2.0,,index (1–4)
cedefop-clssi,HU,Hungary,2026,41,2.3333,,index (1–4)
cedefop-clssi,IE,Ireland,2026,41,1.3333,,index (1–4)
cedefop-clssi,IS,Iceland,2026,41,2.6667,,index (1–4)
cedefop-clssi,IT,Italy,2026,41,2.6667,,index (1–4)
cedefop-clssi,LT,Lithuania,2026,41,4.0,,index (1–4)
cedefop-clssi,LU,Luxembourg,2026,41,2.0,,index (1–4)
cedefop-clssi,LV,Latvia,2026,41,3.6667,,index (1–4)
cedefop-clssi,MT,Malta,2026,41,2.3333,,index (1–4)
cedefop-clssi,NL,Netherlands,2026,41,2.3333,,index (1–4)
cedefop-clssi,NO,Norway,2026,41,3.0,,index (1–4)
cedefop-clssi,PL,Poland,2026,41,3.0,,index (1–4)
cedefop-clssi,PT,Portugal,2026,41,3.0,,index (1–4)
cedefop-clssi,RO,Romania,2026,41,3.3333,,index (1–4)
cedefop-clssi,SE,Sweden,2026,41,2.0,,index (1–4)
cedefop-clssi,SI,Slovenia,2026,41,2.6667,,index (1–4)
cedefop-clssi,SK,Slovakia,2026,41,2.3333,,index (1–4)
cedefop-clssi,AT,Austria,2026,42,3.0,,index (1–4)
cedefop-clssi,BE,Belgium,2026,42,2.6667,,index (1–4)
cedefop-clssi,BG,Bulgaria,2026,42,3.6667,,index (1–4)
cedefop-clssi,CH,Switzerland,2026,42,2.6667,,index (1–4)
cedefop-clssi,CY,Cyprus,2026,42,2.0,,index (1–4)
cedefop-clssi,CZ,Czechia,2026,42,2.3333,,index (1–4)
cedefop-clssi,DE,Germany,2026,42,3.3333,,index (1–4)
cedefop-clssi,DK,Denmark,2026,42,2.0,,index (1–4)
cedefop-clssi,EE,Estonia,2026,42,3.0,,index (1–4)
cedefop-clssi,EL,Greece,2026,42,2.6667,,index (1–4)
cedefop-clssi,ES,Spain,2026,42,2.6667,,index (1–4)
cedefop-clssi,EU27,European Union (27),2026,42,3.0,,index (1–4)
cedefop-clssi,FI,Finland,2026,42,3.0,,index (1–4)
cedefop-clssi,FR,France,2026,42,3.6667,,index (1–4)
cedefop-clssi,HR,Croatia,2026,42,3.0,,index (1–4)
cedefop-clssi,HU,Hungary,2026,42,3.0,,index (1–4)
cedefop-clssi,IE,Ireland,2026,42,2.0,,index (1–4)
cedefop-clssi,IS,Iceland,2026,42,2.0,,index (1–4)
cedefop-clssi,IT,Italy,2026,42,2.3333,,index (1–4)
cedefop-clssi,LT,Lithuania,2026,42,3.0,,index (1–4)
cedefop-clssi,LU,Luxembourg,2026,42,2.3333,,index (1–4)
cedefop-clssi,LV,Latvia,2026,42,3.3333,,index (1–4)
cedefop-clssi,MT,Malta,2026,42,2.3333,,index (1–4)
cedefop-clssi,NL,Netherlands,2026,42,2.3333,,index (1–4)
cedefop-clssi,NO,Norway,2026,42,1.6667,,index (1–4)
cedefop-clssi,PL,Poland,2026,42,3.3333,,index (1–4)
cedefop-clssi,PT,Portugal,2026,42,2.6667,,index (1–4)
cedefop-clssi,RO,Romania,2026,42,3.0,,index (1–4)
cedefop-clssi,SE,Sweden,2026,42,2.3333,,index (1–4)
cedefop-clssi,SI,Slovenia,2026,42,3.0,,index (1–4)
cedefop-clssi,SK,Slovakia,2026,42,2.0,,index (1–4)
cedefop-clssi,AT,Austria,2026,43,3.0,,index (1–4)
cedefop-clssi,BE,Belgium,2026,43,2.3333,,index (1–4)
cedefop-clssi,BG,Bulgaria,2026,43,2.6667,,index (1–4)
cedefop-clssi,CH,Switzerland,2026,43,2.3333,,index (1–4)
cedefop-clssi,CY,Cyprus,2026,43,2.0,,index (1–4)
cedefop-clssi,CZ,Czechia,2026,43,2.0,,index (1–4)
cedefop-clssi,DE,Germany,2026,43,3.3333,,index (1–4)
cedefop-clssi,DK,Denmark,2026,43,1.6667,,index (1–4)
cedefop-clssi,EE,Estonia,2026,43,3.0,,index (1–4)
cedefop-clssi,EL,Greece,2026,43,2.3333,,index (1–4)
cedefop-clssi,ES,Spain,2026,43,2.6667,,index (1–4)
cedefop-clssi,EU27,European Union (27),2026,43,3.3333,,index (1–4)
cedefop-clssi,FI,Finland,2026,43,2.6667,,index (1–4)
cedefop-clssi,FR,France,2026,43,2.3333,,index (1–4)
cedefop-clssi,HR,Croatia,2026,43,2.3333,,index (1–4)
cedefop-clssi,HU,Hungary,2026,43,3.0,,index (1–4)
cedefop-clssi,IE,Ireland,2026,43,3.0,,index (1–4)
cedefop-clssi,IS,Iceland,2026,43,3.0,,index (1–4)
cedefop-clssi,IT,Italy,2026,43,3.0,,index (1–4)
cedefop-clssi,LT,Lithuania,2026,43,3.0,,index (1–4)
cedefop-clssi,LU,Luxembourg,2026,43,2.3333,,index (1–4)
cedefop-clssi,LV,Latvia,2026,43,2.3333,,index (1–4)
cedefop-clssi,MT,Malta,2026,43,2.3333,,index (1–4)
cedefop-clssi,NL,Netherlands,2026,43,3.0,,index (1–4)
cedefop-clssi,NO,Norway,2026,43,2.0,,index (1–4)
cedefop-clssi,PL,Poland,2026,43,3.0,,index (1–4)
cedefop-clssi,PT,Portugal,2026,43,2.3333,,index (1–4)
cedefop-clssi,RO,Romania,2026,43,3.0,,index (1–4)
cedefop-clssi,SE,Sweden,2026,43,2.6667,,index (1–4)
cedefop-clssi,SI,Slovenia,2026,43,2.6667,,index (1–4)
cedefop-clssi,SK,Slovakia,2026,43,2.0,,index (1–4)
cedefop-clssi,AT,Austria,2026,44,2.6667,,index (1–4)
cedefop-clssi,BE,Belgium,2026,44,2.6667,,index (1–4)
cedefop-clssi,BG,Bulgaria,2026,44,3.6667,,index (1–4)
cedefop-clssi,CH,Switzerland,2026,44,3.3333,,index (1–4)
cedefop-clssi,CY,Cyprus,2026,44,2.0,,index (1–4)
cedefop-clssi,CZ,Czechia,2026,44,1.6667,,index (1–4)
cedefop-clssi,DE,Germany,2026,44,2.0,,index (1–4)
cedefop-clssi,DK,Denmark,2026,44,2.3333,,index (1–4)
cedefop-clssi,EE,Estonia,2026,44,3.0,,index (1–4)
cedefop-clssi,EL,Greece,2026,44,2.0,,index (1–4)
cedefop-clssi,ES,Spain,2026,44,2.6667,,index (1–4)
cedefop-clssi,EU27,European Union (27),2026,44,2.6667,,index (1–4)
cedefop-clssi,FI,Finland,2026,44,2.3333,,index (1–4)
cedefop-clssi,FR,France,2026,44,2.6667,,index (1–4)
cedefop-clssi,HR,Croatia,2026,44,1.6667,,index (1–4)
cedefop-clssi,HU,Hungary,2026,44,2.0,,index (1–4)
cedefop-clssi,IE,Ireland,2026,44,2.6667,,index (1–4)
cedefop-clssi,IS,Iceland,2026,44,1.0,m,index (1–4)
cedefop-clssi,IT,Italy,2026,44,2.3333,,index (1–4)
cedefop-clssi,LT,Lithuania,2026,44,3.3333,,index (1–4)
cedefop-clssi,LU,Luxembourg,2026,44,2.6667,,index (1–4)
cedefop-clssi,LV,Latvia,2026,44,2.3333,,index (1–4)
cedefop-clssi,MT,Malta,2026,44,2.3333,,index (1–4)
cedefop-clssi,NL,Netherlands,2026,44,2.0,,index (1–4)
cedefop-clssi,NO,Norway,2026,44,1.0,,index (1–4)
cedefop-clssi,PL,Poland,2026,44,2.6667,,index (1–4)
cedefop-clssi,PT,Portugal,2026,44,2.0,,index (1–4)
cedefop-clssi,RO,Romania,2026,44,1.6667,,index (1–4)
cedefop-clssi,SE,Sweden,2026,44,2.0,,index (1–4)
cedefop-clssi,SI,Slovenia,2026,44,2.6667,,index (1–4)
cedefop-clssi,SK,Slovakia,2026,44,1.6667,,index (1–4)
cedefop-clssi,AT,Austria,2026,51,2.0,,index (1–4)
cedefop-clssi,BE,Belgium,2026,51,2.6667,,index (1–4)
cedefop-clssi,BG,Bulgaria,2026,51,3.0,,index (1–4)
cedefop-clssi,CH,Switzerland,2026,51,1.6667,,index (1–4)
cedefop-clssi,CY,Cyprus,2026,51,3.0,,index (1–4)
cedefop-clssi,CZ,Czechia,2026,51,3.3333,,index (1–4)
cedefop-clssi,DE,Germany,2026,51,1.6667,,index (1–4)
cedefop-clssi,DK,Denmark,2026,51,2.3333,,index (1–4)
cedefop-clssi,EE,Estonia,2026,51,2.0,,index (1–4)
cedefop-clssi,EL,Greece,2026,51,2.3333,,index (1–4)
cedefop-clssi,ES,Spain,2026,51,2.3333,,index (1–4)
cedefop-clssi,EU27,European Union (27),2026,51,2.6667,,index (1–4)
cedefop-clssi,FI,Finland,2026,51,2.0,,index (1–4)
cedefop-clssi,FR,France,2026,51,3.0,,index (1–4)
cedefop-clssi,HR,Croatia,2026,51,2.6667,,index (1–4)
cedefop-clssi,HU,Hungary,2026,51,2.6667,,index (1–4)
cedefop-clssi,IE,Ireland,2026,51,2.3333,,index (1–4)
cedefop-clssi,IS,Iceland,2026,51,2.6667,,index (1–4)
cedefop-clssi,IT,Italy,2026,51,3.0,,index (1–4)
cedefop-clssi,LT,Lithuania,2026,51,2.6667,,index (1–4)
cedefop-clssi,LU,Luxembourg,2026,51,2.6667,,index (1–4)
cedefop-clssi,LV,Latvia,2026,51,3.0,,index (1–4)
cedefop-clssi,MT,Malta,2026,51,1.3333,,index (1–4)
cedefop-clssi,NL,Netherlands,2026,51,2.6667,,index (1–4)
cedefop-clssi,NO,Norway,2026,51,2.3333,,index (1–4)
cedefop-clssi,PL,Poland,2026,51,2.6667,,index (1–4)
cedefop-clssi,PT,Portugal,2026,51,2.3333,,index (1–4)
cedefop-clssi,RO,Romania,2026,51,2.6667,,index (1–4)
cedefop-clssi,SE,Sweden,2026,51,3.0,,index (1–4)
cedefop-clssi,SI,Slovenia,2026,51,2.6667,,index (1–4)
cedefop-clssi,SK,Slovakia,2026,51,2.3333,,index (1–4)
cedefop-clssi,AT,Austria,2026,52,1.6667,,index (1–4)
cedefop-clssi,BE,Belgium,2026,52,2.3333,,index (1–4)
cedefop-clssi,BG,Bulgaria,2026,52,2.6667,,index (1–4)
cedefop-clssi,CH,Switzerland,2026,52,2.3333,,index (1–4)
cedefop-clssi,CY,Cyprus,2026,52,1.6667,,index (1–4)
cedefop-clssi,CZ,Czechia,2026,52,3.0,,index (1–4)
cedefop-clssi,DE,Germany,2026,52,2.3333,,index (1–4)
cedefop-clssi,DK,Denmark,2026,52,2.0,,index (1–4)
cedefop-clssi,EE,Estonia,2026,52,2.3333,,index (1–4)
cedefop-clssi,EL,Greece,2026,52,2.6667,,index (1–4)
cedefop-clssi,ES,Spain,2026,52,3.3333,,index (1–4)
cedefop-clssi,EU27,European Union (27),2026,52,3.0,,index (1–4)
cedefop-clssi,FI,Finland,2026,52,2.6667,,index (1–4)
cedefop-clssi,FR,France,2026,52,2.6667,,index (1–4)
cedefop-clssi,HR,Croatia,2026,52,2.3333,,index (1–4)
cedefop-clssi,HU,Hungary,2026,52,2.3333,,index (1–4)
cedefop-clssi,IE,Ireland,2026,52,2.3333,,index (1–4)
cedefop-clssi,IS,Iceland,2026,52,2.3333,,index (1–4)
cedefop-clssi,IT,Italy,2026,52,2.6667,,index (1–4)
cedefop-clssi,LT,Lithuania,2026,52,2.6667,,index (1–4)
cedefop-clssi,LU,Luxembourg,2026,52,2.6667,,index (1–4)
cedefop-clssi,LV,Latvia,2026,52,1.6667,,index (1–4)
cedefop-clssi,MT,Malta,2026,52,2.0,,index (1–4)
cedefop-clssi,NL,Netherlands,2026,52,2.0,,index (1–4)
cedefop-clssi,NO,Norway,2026,52,2.3333,,index (1–4)
cedefop-clssi,PL,Poland,2026,52,2.6667,,index (1–4)
cedefop-clssi,PT,Portugal,2026,52,3.6667,,index (1–4)
cedefop-clssi,RO,Romania,2026,52,2.0,,index (1–4)
cedefop-clssi,SE,Sweden,2026,52,2.3333,,index (1–4)
cedefop-clssi,SI,Slovenia,2026,52,2.3333,,index (1–4)
cedefop-clssi,SK,Slovakia,2026,52,1.6667,,index (1–4)
cedefop-clssi,AT,Austria,2026,53,1.6667,,index (1–4)
cedefop-clssi,BE,Belgium,2026,53,2.0,,index (1–4)
cedefop-clssi,BG,Bulgaria,2026,53,3.0,,index (1–4)
cedefop-clssi,CH,Switzerland,2026,53,1.3333,,index (1–4)
cedefop-clssi,CY,Cyprus,2026,53,2.0,,index (1–4)
cedefop-clssi,CZ,Czechia,2026,53,2.6667,,index (1–4)
cedefop-clssi,DE,Germany,2026,53,2.0,,index (1–4)
cedefop-clssi,DK,Denmark,2026,53,2.6667,,index (1–4)
cedefop-clssi,EE,Estonia,2026,53,2.0,,index (1–4)
cedefop-clssi,EL,Greece,2026,53,2.6667,,index (1–4)
cedefop-clssi,ES,Spain,2026,53,2.0,,index (1–4)
cedefop-clssi,EU27,European Union (27),2026,53,2.0,,index (1–4)
cedefop-clssi,FI,Finland,2026,53,2.0,,index (1–4)
cedefop-clssi,FR,France,2026,53,1.3333,,index (1–4)
cedefop-clssi,HR,Croatia,2026,53,2.3333,,index (1–4)
cedefop-clssi,HU,Hungary,2026,53,2.3333,,index (1–4)
cedefop-clssi,IE,Ireland,2026,53,2.0,,index (1–4)
cedefop-clssi,IS,Iceland,2026,53,3.0,,index (1–4)
cedefop-clssi,IT,Italy,2026,53,2.6667,,index (1–4)
cedefop-clssi,LT,Lithuania,2026,53,2.0,,index (1–4)
cedefop-clssi,LU,Luxembourg,2026,53,3.3333,,index (1–4)
cedefop-clssi,LV,Latvia,2026,53,2.0,,index (1–4)
cedefop-clssi,MT,Malta,2026,53,2.3333,,index (1–4)
cedefop-clssi,NL,Netherlands,2026,53,2.6667,,index (1–4)
cedefop-clssi,NO,Norway,2026,53,2.0,,index (1–4)
cedefop-clssi,PL,Poland,2026,53,2.3333,,index (1–4)
cedefop-clssi,PT,Portugal,2026,53,2.0,,index (1–4)
cedefop-clssi,RO,Romania,2026,53,2.3333,,index (1–4)
cedefop-clssi,SE,Sweden,2026,53,2.6667,,index (1–4)
cedefop-clssi,SI,Slovenia,2026,53,2.3333,,index (1–4)
cedefop-clssi,SK,Slovakia,2026,53,2.3333,,index (1–4)
cedefop-clssi,AT,Austria,2026,54,2.6667,,index (1–4)
cedefop-clssi,BE,Belgium,2026,54,2.0,,index (1–4)
cedefop-clssi,BG,Bulgaria,2026,54,2.3333,,index (1–4)
cedefop-clssi,CH,Switzerland,2026,54,2.3333,,index (1–4)
cedefop-clssi,CY,Cyprus,2026,54,2.6667,,index (1–4)
cedefop-clssi,CZ,Czechia,2026,54,2.6667,,index (1–4)
cedefop-clssi,DE,Germany,2026,54,2.3333,,index (1–4)
cedefop-clssi,DK,Denmark,2026,54,2.6667,,index (1–4)
cedefop-clssi,EE,Estonia,2026,54,2.6667,,index (1–4)
cedefop-clssi,EL,Greece,2026,54,1.6667,,index (1–4)
cedefop-clssi,ES,Spain,2026,54,2.3333,,index (1–4)
cedefop-clssi,EU27,European Union (27),2026,54,1.6667,,index (1–4)
cedefop-clssi,FI,Finland,2026,54,2.0,,index (1–4)
cedefop-clssi,FR,France,2026,54,1.3333,,index (1–4)
cedefop-clssi,HR,Croatia,2026,54,2.0,,index (1–4)
cedefop-clssi,HU,Hungary,2026,54,1.6667,,index (1–4)
cedefop-clssi,IE,Ireland,2026,54,2.0,,index (1–4)
cedefop-clssi,IS,Iceland,2026,54,3.3333,,index (1–4)
cedefop-clssi,IT,Italy,2026,54,2.0,,index (1–4)
cedefop-clssi,LT,Lithuania,2026,54,1.6667,,index (1–4)
cedefop-clssi,LU,Luxembourg,2026,54,2.6667,,index (1–4)
cedefop-clssi,LV,Latvia,2026,54,1.6667,,index (1–4)
cedefop-clssi,MT,Malta,2026,54,1.3333,,index (1–4)
cedefop-clssi,NL,Netherlands,2026,54,2.3333,,index (1–4)
cedefop-clssi,NO,Norway,2026,54,2.6667,,index (1–4)
cedefop-clssi,PL,Poland,2026,54,1.3333,,index (1–4)
cedefop-clssi,PT,Portugal,2026,54,2.3333,,index (1–4)
cedefop-clssi,RO,Romania,2026,54,2.0,,index (1–4)
cedefop-clssi,SE,Sweden,2026,54,2.0,,index (1–4)
cedefop-clssi,SI,Slovenia,2026,54,2.0,,index (1–4)
cedefop-clssi,SK,Slovakia,2026,54,1.0,,index (1–4)
cedefop-clssi,AT,Austria,2026,61,2.0,,index (1–4)
cedefop-clssi,BE,Belgium,2026,61,2.3333,,index (1–4)
cedefop-clssi,BG,Bulgaria,2026,61,1.3333,,index (1–4)
cedefop-clssi,CH,Switzerland,2026,61,3.3333,,index (1–4)
cedefop-clssi,CY,Cyprus,2026,61,2.6667,,index (1–4)
cedefop-clssi,CZ,Czechia,2026,61,2.6667,,index (1–4)
cedefop-clssi,DE,Germany,2026,61,2.6667,,index (1–4)
cedefop-clssi,DK,Denmark,2026,61,2.3333,,index (1–4)
cedefop-clssi,EE,Estonia,2026,61,2.6667,,index (1–4)
cedefop-clssi,EL,Greece,2026,61,1.3333,,index (1–4)
cedefop-clssi,ES,Spain,2026,61,1.3333,,index (1–4)
cedefop-clssi,EU27,European Union (27),2026,61,2.0,,index (1–4)
cedefop-clssi,FI,Finland,2026,61,1.6667,,index (1–4)
cedefop-clssi,FR,France,2026,61,2.6667,,index (1–4)
cedefop-clssi,HR,Croatia,2026,61,2.3333,,index (1–4)
cedefop-clssi,HU,Hungary,2026,61,1.3333,,index (1–4)
cedefop-clssi,IE,Ireland,2026,61,2.0,,index (1–4)
cedefop-clssi,IS,Iceland,2026,61,3.3333,,index (1–4)
cedefop-clssi,IT,Italy,2026,61,2.3333,,index (1–4)
cedefop-clssi,LT,Lithuania,2026,61,2.0,,index (1–4)
cedefop-clssi,LU,Luxembourg,2026,61,1.6667,,index (1–4)
cedefop-clssi,LV,Latvia,2026,61,2.3333,,index (1–4)
cedefop-clssi,MT,Malta,2026,61,2.0,,index (1–4)
cedefop-clssi,NL,Netherlands,2026,61,3.0,,index (1–4)
cedefop-clssi,NO,Norway,2026,61,1.0,,index (1–4)
cedefop-clssi,PL,Poland,2026,61,1.3333,,index (1–4)
cedefop-clssi,PT,Portugal,2026,61,2.0,,index (1–4)
cedefop-clssi,RO,Romania,2026,61,2.0,,index (1–4)
cedefop-clssi,SE,Sweden,2026,61,2.6667,,index (1–4)
cedefop-clssi,SI,Slovenia,2026,61,2.0,,index (1–4)
cedefop-clssi,SK,Slovakia,2026,61,1.3333,,index (1–4)
cedefop-clssi,AT,Austria,2026,62,2.0,,index (1–4)
cedefop-clssi,BE,Belgium,2026,62,1.3333,,index (1–4)
cedefop-clssi,BG,Bulgaria,2026,62,1.0,,index (1–4)
cedefop-clssi,CH,Switzerland,2026,62,2.6667,,index (1–4)
cedefop-clssi,CY,Cyprus,2026,62,4.0,m,index (1–4)
cedefop-clssi,CZ,Czechia,2026,62,3.0,,index (1–4)
cedefop-clssi,DE,Germany,2026,62,2.6667,,index (1–4)
cedefop-clssi,DK,Denmark,2026,62,2.3333,,index (1–4)
cedefop-clssi,EE,Estonia,2026,62,1.3333,,index (1–4)
cedefop-clssi,EL,Greece,2026,62,1.0,,index (1–4)
cedefop-clssi,ES,Spain,2026,62,2.0,,index (1–4)
cedefop-clssi,EU27,European Union (27),2026,62,2.0,,index (1–4)
cedefop-clssi,FI,Finland,2026,62,2.6667,,index (1–4)
cedefop-clssi,FR,France,2026,62,2.6667,,index (1–4)
cedefop-clssi,HR,Croatia,2026,62,1.0,,index (1–4)
cedefop-clssi,HU,Hungary,2026,62,1.3333,,index (1–4)
cedefop-clssi,IE,Ireland,2026,62,2.6667,,index (1–4)
cedefop-clssi,IS,Iceland,2026,62,4.0,m,index (1–4)
cedefop-clssi,IT,Italy,2026,62,2.0,,index (1–4)
cedefop-clssi,LT,Lithuania,2026,62,2.0,,index (1–4)
cedefop-clssi,LU,Luxembourg,2026,62,3.3333,,index (1–4)
cedefop-clssi,LV,Latvia,2026,62,2.6667,,index (1–4)
cedefop-clssi,MT,Malta,2026,62,2.5,m,index (1–4)
cedefop-clssi,NL,Netherlands,2026,62,2.3333,,index (1–4)
cedefop-clssi,NO,Norway,2026,62,2.0,,index (1–4)
cedefop-clssi,PL,Poland,2026,62,2.3333,,index (1–4)
cedefop-clssi,PT,Portugal,2026,62,2.0,,index (1–4)
cedefop-clssi,RO,Romania,2026,62,2.0,,index (1–4)
cedefop-clssi,SE,Sweden,2026,62,3.6667,,index (1–4)
cedefop-clssi,SI,Slovenia,2026,62,3.0,,index (1–4)
cedefop-clssi,SK,Slovakia,2026,62,1.6667,,index (1–4)
cedefop-clssi,AT,Austria,2026,71,2.0,,index (1–4)
cedefop-clssi,BE,Belgium,2026,71,1.6667,,index (1–4)
cedefop-clssi,BG,Bulgaria,2026,71,1.6667,,index (1–4)
cedefop-clssi,CH,Switzerland,2026,71,2.0,,index (1–4)
cedefop-clssi,CY,Cyprus,2026,71,2.3333,,index (1–4)
cedefop-clssi,CZ,Czechia,2026,71,3.0,,index (1–4)
cedefop-clssi,DE,Germany,2026,71,2.3333,,index (1–4)
cedefop-clssi,DK,Denmark,2026,71,2.3333,,index (1–4)
cedefop-clssi,EE,Estonia,2026,71,1.0,,index (1–4)
cedefop-clssi,EL,Greece,2026,71,2.0,,index (1–4)
cedefop-clssi,ES,Spain,2026,71,1.6667,,index (1–4)
cedefop-clssi,EU27,European Union (27),2026,71,1.3333,,index (1–4)
cedefop-clssi,FI,Finland,2026,71,1.6667,,index (1–4)
cedefop-clssi,FR,France,2026,71,1.6667,,index (1–4)
cedefop-clssi,HR,Croatia,2026,71,1.3333,,index (1–4)
cedefop-clssi,HU,Hungary,2026,71,1.0,,index (1–4)
cedefop-clssi,IE,Ireland,2026,71,2.0,,index (1–4)
cedefop-clssi,IS,Iceland,2026,71,1.6667,,index (1–4)
cedefop-clssi,IT,Italy,2026,71,2.0,,index (1–4)
cedefop-clssi,LT,Lithuania,2026,71,1.3333,,index (1–4)
cedefop-clssi,LU,Luxembourg,2026,71,1.6667,,index (1–4)
cedefop-clssi,LV,Latvia,2026,71,1.3333,,index (1–4)
cedefop-clssi,MT,Malta,2026,71,2.0,,index (1–4)
cedefop-clssi,NL,Netherlands,2026,71,2.6667,,index (1–4)
cedefop-clssi,NO,Norway,2026,71,2.3333,,index (1–4)
cedefop-clssi,PL,Poland,2026,71,1.3333,,index (1–4)
cedefop-clssi,PT,Portugal,2026,71,1.0,,index (1–4)
cedefop-clssi,RO,Romania,2026,71,1.3333,,index (1–4)
cedefop-clssi,SE,Sweden,2026,71,2.6667,,index (1–4)
cedefop-clssi,SI,Slovenia,2026,71,1.3333,,index (1–4)
cedefop-clssi,SK,Slovakia,2026,71,1.6667,,index (1–4)
cedefop-clssi,AT,Austria,2026,72,2.6667,,index (1–4)
cedefop-clssi,BE,Belgium,2026,72,2.6667,,index (1–4)
cedefop-clssi,BG,Bulgaria,2026,72,2.3333,,index (1–4)
cedefop-clssi,CH,Switzerland,2026,72,3.3333,,index (1–4)
cedefop-clssi,CY,Cyprus,2026,72,3.0,,index (1–4)
cedefop-clssi,CZ,Czechia,2026,72,3.0,,index (1–4)
cedefop-clssi,DE,Germany,2026,72,2.6667,,index (1–4)
cedefop-clssi,DK,Denmark,2026,72,3.0,,index (1–4)
cedefop-clssi,EE,Estonia,2026,72,2.3333,,index (1–4)
cedefop-clssi,EL,Greece,2026,72,2.6667,,index (1–4)
cedefop-clssi,ES,Spain,2026,72,2.3333,,index (1–4)
cedefop-clssi,EU27,European Union (27),2026,72,1.6667,,index (1–4)
cedefop-clssi,FI,Finland,2026,72,2.3333,,index (1–4)
cedefop-clssi,FR,France,2026,72,1.6667,,index (1–4)
cedefop-clssi,HR,Croatia,2026,72,2.0,,index (1–4)
cedefop-clssi,HU,Hungary,2026,72,2.0,,index (1–4)
cedefop-clssi,IE,Ireland,2026,72,2.6667,,index (1–4)
cedefop-clssi,IS,Iceland,2026,72,1.6667,,index (1–4)
cedefop-clssi,IT,Italy,2026,72,2.0,,index (1–4)
cedefop-clssi,LT,Lithuania,2026,72,2.0,,index (1–4)
cedefop-clssi,LU,Luxembourg,2026,72,2.3333,,index (1–4)
cedefop-clssi,LV,Latvia,2026,72,2.3333,,index (1–4)
cedefop-clssi,MT,Malta,2026,72,1.6667,,index (1–4)
cedefop-clssi,NL,Netherlands,2026,72,3.0,,index (1–4)
cedefop-clssi,NO,Norway,2026,72,3.0,,index (1–4)
cedefop-clssi,PL,Poland,2026,72,1.3333,,index (1–4)
cedefop-clssi,PT,Portugal,2026,72,2.3333,,index (1–4)
cedefop-clssi,RO,Romania,2026,72,2.3333,,index (1–4)
cedefop-clssi,SE,Sweden,2026,72,2.6667,,index (1–4)
cedefop-clssi,SI,Slovenia,2026,72,2.3333,,index (1–4)
cedefop-clssi,SK,Slovakia,2026,72,1.6667,,index (1–4)
cedefop-clssi,AT,Austria,2026,73,1.3333,,index (1–4)
cedefop-clssi,BE,Belgium,2026,73,1.6667,,index (1–4)
cedefop-clssi,BG,Bulgaria,2026,73,1.6667,,index (1–4)
cedefop-clssi,CH,Switzerland,2026,73,2.3333,,index (1–4)
cedefop-clssi,CY,Cyprus,2026,73,1.6667,,index (1–4)
cedefop-clssi,CZ,Czechia,2026,73,2.6667,,index (1–4)
cedefop-clssi,DE,Germany,2026,73,2.0,,index (1–4)
cedefop-clssi,DK,Denmark,2026,73,3.0,,index (1–4)
cedefop-clssi,EE,Estonia,2026,73,2.0,,index (1–4)
cedefop-clssi,EL,Greece,2026,73,2.3333,,index (1–4)
cedefop-clssi,ES,Spain,2026,73,1.6667,,index (1–4)
cedefop-clssi,EU27,European Union (27),2026,73,1.6667,,index (1–4)
cedefop-clssi,FI,Finland,2026,73,1.3333,,index (1–4)
cedefop-clssi,FR,France,2026,73,2.0,,index (1–4)
cedefop-clssi,HR,Croatia,2026,73,2.3333,,index (1–4)
cedefop-clssi,HU,Hungary,2026,73,2.0,,index (1–4)
cedefop-clssi,IE,Ireland,2026,73,2.6667,,index (1–4)
cedefop-clssi,IS,Iceland,2026,73,3.0,,index (1–4)
cedefop-clssi,IT,Italy,2026,73,1.3333,,index (1–4)
cedefop-clssi,LT,Lithuania,2026,73,2.0,,index (1–4)
cedefop-clssi,LU,Luxembourg,2026,73,2.0,,index (1–4)
cedefop-clssi,LV,Latvia,2026,73,2.0,,index (1–4)
cedefop-clssi,MT,Malta,2026,73,2.0,,index (1–4)
cedefop-clssi,NL,Netherlands,2026,73,3.6667,,index (1–4)
cedefop-clssi,NO,Norway,2026,73,2.3333,,index (1–4)
cedefop-clssi,PL,Poland,2026,73,1.3333,,index (1–4)
cedefop-clssi,PT,Portugal,2026,73,2.0,,index (1–4)
cedefop-clssi,RO,Romania,2026,73,2.0,,index (1–4)
cedefop-clssi,SE,Sweden,2026,73,2.3333,,index (1–4)
cedefop-clssi,SI,Slovenia,2026,73,2.3333,,index (1–4)
cedefop-clssi,SK,Slovakia,2026,73,1.3333,,index (1–4)
cedefop-clssi,AT,Austria,2026,74,3.0,,index (1–4)
cedefop-clssi,BE,Belgium,2026,74,3.3333,,index (1–4)
cedefop-clssi,BG,Bulgaria,2026,74,2.3333,,index (1–4)
cedefop-clssi,CH,Switzerland,2026,74,3.3333,,index (1–4)
cedefop-clssi,CY,Cyprus,2026,74,2.6667,,index (1–4)
cedefop-clssi,CZ,Czechia,2026,74,3.3333,,index (1–4)
cedefop-clssi,DE,Germany,2026,74,3.6667,,index (1–4)
cedefop-clssi,DK,Denmark,2026,74,3.3333,,index (1–4)
cedefop-clssi,EE,Estonia,2026,74,2.6667,,index (1–4)
cedefop-clssi,EL,Greece,2026,74,3.3333,,index (1–4)
cedefop-clssi,ES,Spain,2026,74,2.0,,index (1–4)
cedefop-clssi,EU27,European Union (27),2026,74,3.0,,index (1–4)
cedefop-clssi,FI,Finland,2026,74,1.6667,,index (1–4)
cedefop-clssi,FR,France,2026,74,1.6667,,index (1–4)
cedefop-clssi,HR,Croatia,2026,74,3.3333,,index (1–4)
cedefop-clssi,HU,Hungary,2026,74,2.3333,,index (1–4)
cedefop-clssi,IE,Ireland,2026,74,2.6667,,index (1–4)
cedefop-clssi,IS,Iceland,2026,74,2.6667,,index (1–4)
cedefop-clssi,IT,Italy,2026,74,2.6667,,index (1–4)
cedefop-clssi,LT,Lithuania,2026,74,2.6667,,index (1–4)
cedefop-clssi,LU,Luxembourg,2026,74,2.0,,index (1–4)
cedefop-clssi,LV,Latvia,2026,74,2.0,,index (1–4)
cedefop-clssi,MT,Malta,2026,74,2.6667,,index (1–4)
cedefop-clssi,NL,Netherlands,2026,74,3.0,,index (1–4)
cedefop-clssi,NO,Norway,2026,74,3.3333,,index (1–4)
cedefop-clssi,PL,Poland,2026,74,2.3333,,index (1–4)
cedefop-clssi,PT,Portugal,2026,74,2.0,,index (1–4)
cedefop-clssi,RO,Romania,2026,74,2.0,,index (1–4)
cedefop-clssi,SE,Sweden,2026,74,3.0,,index (1–4)
cedefop-clssi,SI,Slovenia,2026,74,2.6667,,index (1–4)
cedefop-clssi,SK,Slovakia,2026,74,1.6667,,index (1–4)
cedefop-clssi,AT,Austria,2026,75,1.6667,,index (1–4)
cedefop-clssi,BE,Belgium,2026,75,2.3333,,index (1–4)
cedefop-clssi,BG,Bulgaria,2026,75,2.0,,index (1–4)
cedefop-clssi,CH,Switzerland,2026,75,3.0,,index (1–4)
cedefop-clssi,CY,Cyprus,2026,75,3.3333,,index (1–4)
cedefop-clssi,CZ,Czechia,2026,75,2.3333,,index (1–4)
cedefop-clssi,DE,Germany,2026,75,2.0,,index (1–4)
cedefop-clssi,DK,Denmark,2026,75,2.0,,index (1–4)
cedefop-clssi,EE,Estonia,2026,75,3.0,,index (1–4)
cedefop-clssi,EL,Greece,2026,75,2.3333,,index (1–4)
cedefop-clssi,ES,Spain,2026,75,1.6667,,index (1–4)
cedefop-clssi,EU27,European Union (27),2026,75,1.6667,,index (1–4)
cedefop-clssi,FI,Finland,2026,75,2.3333,,index (1–4)
cedefop-clssi,FR,France,2026,75,2.0,,index (1–4)
cedefop-clssi,HR,Croatia,2026,75,1.3333,,index (1–4)
cedefop-clssi,HU,Hungary,2026,75,2.3333,,index (1–4)
cedefop-clssi,IE,Ireland,2026,75,2.0,,index (1–4)
cedefop-clssi,IS,Iceland,2026,75,2.3333,,index (1–4)
cedefop-clssi,IT,Italy,2026,75,1.6667,,index (1–4)
cedefop-clssi,LT,Lithuania,2026,75,1.3333,,index (1–4)
cedefop-clssi,LU,Luxembourg,2026,75,3.0,,index (1–4)
cedefop-clssi,LV,Latvia,2026,75,1.3333,,index (1–4)
cedefop-clssi,MT,Malta,2026,75,1.6667,,index (1–4)
cedefop-clssi,NL,Netherlands,2026,75,2.0,,index (1–4)
cedefop-clssi,NO,Norway,2026,75,1.3333,,index (1–4)
cedefop-clssi,PL,Poland,2026,75,1.6667,,index (1–4)
cedefop-clssi,PT,Portugal,2026,75,1.6667,,index (1–4)
cedefop-clssi,RO,Romania,2026,75,1.6667,,index (1–4)
cedefop-clssi,SE,Sweden,2026,75,2.3333,,index (1–4)
cedefop-clssi,SI,Slovenia,2026,75,1.6667,,index (1–4)
cedefop-clssi,SK,Slovakia,2026,75,1.6667,,index (1–4)
cedefop-clssi,AT,Austria,2026,81,1.0,,index (1–4)
cedefop-clssi,BE,Belgium,2026,81,1.3333,,index (1–4)
cedefop-clssi,BG,Bulgaria,2026,81,2.0,,index (1–4)
cedefop-clssi,CH,Switzerland,2026,81,1.6667,,index (1–4)
cedefop-clssi,CY,Cyprus,2026,81,2.6667,,index (1–4)
cedefop-clssi,CZ,Czechia,2026,81,2.6667,,index (1–4)
cedefop-clssi,DE,Germany,2026,81,1.3333,,index (1–4)
cedefop-clssi,DK,Denmark,2026,81,1.3333,,index (1–4)
cedefop-clssi,EE,Estonia,2026,81,1.0,,index (1–4)
cedefop-clssi,EL,Greece,2026,81,2.0,,index (1–4)
cedefop-clssi,ES,Spain,2026,81,2.0,,index (1–4)
cedefop-clssi,EU27,European Union (27),2026,81,2.0,,index (1–4)
cedefop-clssi,FI,Finland,2026,81,2.3333,,index (1–4)
cedefop-clssi,FR,France,2026,81,2.6667,,index (1–4)
cedefop-clssi,HR,Croatia,2026,81,1.6667,,index (1–4)
cedefop-clssi,HU,Hungary,2026,81,1.6667,,index (1–4)
cedefop-clssi,IE,Ireland,2026,81,2.3333,,index (1–4)
cedefop-clssi,IS,Iceland,2026,81,2.3333,,index (1–4)
cedefop-clssi,IT,Italy,2026,81,1.6667,,index (1–4)
cedefop-clssi,LT,Lithuania,2026,81,2.0,,index (1–4)
cedefop-clssi,LU,Luxembourg,2026,81,3.0,,index (1–4)
cedefop-clssi,LV,Latvia,2026,81,1.6667,,index (1–4)
cedefop-clssi,MT,Malta,2026,81,2.3333,,index (1–4)
cedefop-clssi,NL,Netherlands,2026,81,2.0,,index (1–4)
cedefop-clssi,NO,Norway,2026,81,2.6667,,index (1–4)
cedefop-clssi,PL,Poland,2026,81,2.0,,index (1–4)
cedefop-clssi,PT,Portugal,2026,81,1.3333,,index (1–4)
cedefop-clssi,RO,Romania,2026,81,2.0,,index (1–4)
cedefop-clssi,SE,Sweden,2026,81,3.0,,index (1–4)
cedefop-clssi,SI,Slovenia,2026,81,2.0,,index (1–4)
cedefop-clssi,SK,Slovakia,2026,81,1.6667,,index (1–4)
cedefop-clssi,AT,Austria,2026,82,1.3333,,index (1–4)
cedefop-clssi,BE,Belgium,2026,82,2.3333,,index (1–4)
cedefop-clssi,BG,Bulgaria,2026,82,2.6667,,index (1–4)
cedefop-clssi,CH,Switzerland,2026,82,3.0,,index (1–4)
cedefop-clssi,CY,Cyprus,2026,82,2.5,m,index (1–4)
cedefop-clssi,CZ,Czechia,2026,82,2.6667,,index (1–4)
cedefop-clssi,DE,Germany,2026,82,2.0,,index (1–4)
cedefop-clssi,DK,Denmark,2026,82,1.6667,,index (1–4)
cedefop-clssi,EE,Estonia,2026,82,2.0,,index (1–4)
cedefop-clssi,EL,Greece,2026,82,2.3333,,index (1–4)
cedefop-clssi,ES,Spain,2026,82,2.0,,index (1–4)
cedefop-clssi,EU27,European Union (27),2026,82,2.0,,index (1–4)
cedefop-clssi,FI,Finland,2026,82,2.6667,,index (1–4)
cedefop-clssi,FR,France,2026,82,2.3333,,index (1–4)
cedefop-clssi,HR,Croatia,2026,82,2.6667,,index (1–4)
cedefop-clssi,HU,Hungary,2026,82,2.0,,index (1–4)
cedefop-clssi,IE,Ireland,2026,82,1.6667,,index (1–4)
cedefop-clssi,IS,Iceland,2026,82,2.0,m,index (1–4)
cedefop-clssi,IT,Italy,2026,82,1.3333,,index (1–4)
cedefop-clssi,LT,Lithuania,2026,82,2.3333,,index (1–4)
cedefop-clssi,LU,Luxembourg,2026,82,2.3333,,index (1–4)
cedefop-clssi,LV,Latvia,2026,82,2.3333,,index (1–4)
cedefop-clssi,MT,Malta,2026,82,3.0,,index (1–4)
cedefop-clssi,NL,Netherlands,2026,82,2.3333,,index (1–4)
cedefop-clssi,NO,Norway,2026,82,3.0,,index (1–4)
cedefop-clssi,PL,Poland,2026,82,2.3333,,index (1–4)
cedefop-clssi,PT,Portugal,2026,82,3.0,,index (1–4)
cedefop-clssi,RO,Romania,2026,82,2.6667,,index (1–4)
cedefop-clssi,SE,Sweden,2026,82,2.6667,,index (1–4)
cedefop-clssi,SI,Slovenia,2026,82,2.0,,index (1–4)
cedefop-clssi,SK,Slovakia,2026,82,1.6667,,index (1–4)
cedefop-clssi,AT,Austria,2026,83,1.6667,,index (1–4)
cedefop-clssi,BE,Belgium,2026,83,1.3333,,index (1–4)
cedefop-clssi,BG,Bulgaria,2026,83,1.6667,,index (1–4)
cedefop-clssi,CH,Switzerland,2026,83,2.0,,index (1–4)
cedefop-clssi,CY,Cyprus,2026,83,2.0,,index (1–4)
cedefop-clssi,CZ,Czechia,2026,83,2.6667,,index (1–4)
cedefop-clssi,DE,Germany,2026,83,1.6667,,index (1–4)
cedefop-clssi,DK,Denmark,2026,83,1.6667,,index (1–4)
cedefop-clssi,EE,Estonia,2026,83,1.6667,,index (1–4)
cedefop-clssi,EL,Greece,2026,83,1.6667,,index (1–4)
cedefop-clssi,ES,Spain,2026,83,1.6667,,index (1–4)
cedefop-clssi,EU27,European Union (27),2026,83,1.3333,,index (1–4)
cedefop-clssi,FI,Finland,2026,83,2.0,,index (1–4)
cedefop-clssi,FR,France,2026,83,1.3333,,index (1–4)
cedefop-clssi,HR,Croatia,2026,83,2.0,,index (1–4)
cedefop-clssi,HU,Hungary,2026,83,1.3333,,index (1–4)
cedefop-clssi,IE,Ireland,2026,83,1.3333,,index (1–4)
cedefop-clssi,IS,Iceland,2026,83,1.0,,index (1–4)
cedefop-clssi,IT,Italy,2026,83,1.3333,,index (1–4)
cedefop-clssi,LT,Lithuania,2026,83,1.0,,index (1–4)
cedefop-clssi,LU,Luxembourg,2026,83,2.3333,,index (1–4)
cedefop-clssi,LV,Latvia,2026,83,1.3333,,index (1–4)
cedefop-clssi,MT,Malta,2026,83,3.0,,index (1–4)
cedefop-clssi,NL,Netherlands,2026,83,2.3333,,index (1–4)
cedefop-clssi,NO,Norway,2026,83,1.6667,,index (1–4)
cedefop-clssi,PL,Poland,2026,83,1.3333,,index (1–4)
cedefop-clssi,PT,Portugal,2026,83,1.6667,,index (1–4)
cedefop-clssi,RO,Romania,2026,83,2.0,,index (1–4)
cedefop-clssi,SE,Sweden,2026,83,3.0,,index (1–4)
cedefop-clssi,SI,Slovenia,2026,83,2.0,,index (1–4)
cedefop-clssi,SK,Slovakia,2026,83,1.0,,index (1–4)
cedefop-clssi,AT,Austria,2026,91,1.0,,index (1–4)
cedefop-clssi,BE,Belgium,2026,91,1.3333,,index (1–4)
cedefop-clssi,BG,Bulgaria,2026,91,2.6667,,index (1–4)
cedefop-clssi,CH,Switzerland,2026,91,1.3333,,index (1–4)
cedefop-clssi,CY,Cyprus,2026,91,1.3333,,index (1–4)
cedefop-clssi,CZ,Czechia,2026,91,2.3333,,index (1–4)
cedefop-clssi,DE,Germany,2026,91,1.0,,index (1–4)
cedefop-clssi,DK,Denmark,2026,91,1.6667,,index (1–4)
cedefop-clssi,EE,Estonia,2026,91,2.6667,,index (1–4)
cedefop-clssi,EL,Greece,2026,91,1.3333,,index (1–4)
cedefop-clssi,ES,Spain,2026,91,1.0,,index (1–4)
cedefop-clssi,EU27,European Union (27),2026,91,1.0,,index (1–4)
cedefop-clssi,FI,Finland,2026,91,1.0,,index (1–4)
cedefop-clssi,FR,France,2026,91,2.3333,,index (1–4)
cedefop-clssi,HR,Croatia,2026,91,1.6667,,index (1–4)
cedefop-clssi,HU,Hungary,2026,91,1.3333,,index (1–4)
cedefop-clssi,IE,Ireland,2026,91,1.0,,index (1–4)
cedefop-clssi,IS,Iceland,2026,91,3.0,,index (1–4)
cedefop-clssi,IT,Italy,2026,91,1.6667,,index (1–4)
cedefop-clssi,LT,Lithuania,2026,91,2.6667,,index (1–4)
cedefop-clssi,LU,Luxembourg,2026,91,2.3333,,index (1–4)
cedefop-clssi,LV,Latvia,2026,91,2.0,,index (1–4)
cedefop-clssi,MT,Malta,2026,91,1.3333,,index (1–4)
cedefop-clssi,NL,Netherlands,2026,91,1.0,,index (1–4)
cedefop-clssi,NO,Norway,2026,91,2.0,,index (1–4)
cedefop-clssi,PL,Poland,2026,91,1.6667,,index (1–4)
cedefop-clssi,PT,Portugal,2026,91,1.0,,index (1–4)
cedefop-clssi,RO,Romania,2026,91,1.0,,index (1–4)
cedefop-clssi,SE,Sweden,2026,91,1.3333,,index (1–4)
cedefop-clssi,SI,Slovenia,2026,91,1.3333,,index (1–4)
cedefop-clssi,SK,Slovakia,2026,91,2.3333,,index (1–4)
cedefop-clssi,AT,Austria,2026,92,3.0,,index (1–4)
cedefop-clssi,BE,Belgium,2026,92,2.6667,,index (1–4)
cedefop-clssi,BG,Bulgaria,2026,92,1.6667,,index (1–4)
cedefop-clssi,CH,Switzerland,2026,92,3.0,,index (1–4)
cedefop-clssi,CY,Cyprus,2026,92,2.3333,,index (1–4)
cedefop-clssi,CZ,Czechia,2026,92,2.6667,,index (1–4)
cedefop-clssi,DE,Germany,2026,92,2.3333,,index (1–4)
cedefop-clssi,DK,Denmark,2026,92,2.0,,index (1–4)
cedefop-clssi,EE,Estonia,2026,92,2.0,,index (1–4)
cedefop-clssi,EL,Greece,2026,92,1.0,,index (1–4)
cedefop-clssi,ES,Spain,2026,92,2.0,,index (1–4)
cedefop-clssi,EU27,European Union (27),2026,92,2.0,,index (1–4)
cedefop-clssi,FI,Finland,2026,92,2.0,,index (1–4)
cedefop-clssi,FR,France,2026,92,1.6667,,index (1–4)
cedefop-clssi,HR,Croatia,2026,92,1.6667,,index (1–4)
cedefop-clssi,HU,Hungary,2026,92,2.6667,,index (1–4)
cedefop-clssi,IE,Ireland,2026,92,2.3333,,index (1–4)
cedefop-clssi,IS,Iceland,2026,92,2.5,m,index (1–4)
cedefop-clssi,IT,Italy,2026,92,1.0,,index (1–4)
cedefop-clssi,LT,Lithuania,2026,92,2.0,,index (1–4)
cedefop-clssi,LU,Luxembourg,2026,92,3.6667,,index (1–4)
cedefop-clssi,LV,Latvia,2026,92,1.6667,,index (1–4)
cedefop-clssi,MT,Malta,2026,92,1.6667,,index (1–4)
cedefop-clssi,NL,Netherlands,2026,92,3.0,,index (1–4)
cedefop-clssi,NO,Norway,2026,92,2.0,,index (1–4)
cedefop-clssi,PL,Poland,2026,92,2.0,,index (1–4)
cedefop-clssi,PT,Portugal,2026,92,2.0,,index (1–4)
cedefop-clssi,RO,Romania,2026,92,2.0,,index (1–4)
cedefop-clssi,SE,Sweden,2026,92,3.0,,index (1–4)
cedefop-clssi,SI,Slovenia,2026,92,2.3333,,index (1–4)
cedefop-clssi,SK,Slovakia,2026,92,1.3333,,index (1–4)
cedefop-clssi,AT,Austria,2026,93,1.6667,,index (1–4)
cedefop-clssi,BE,Belgium,2026,93,2.6667,,index (1–4)
cedefop-clssi,BG,Bulgaria,2026,93,1.6667,,index (1–4)
cedefop-clssi,CH,Switzerland,2026,93,2.0,,index (1–4)
cedefop-clssi,CY,Cyprus,2026,93,2.0,,index (1–4)
cedefop-clssi,CZ,Czechia,2026,93,2.0,,index (1–4)
cedefop-clssi,DE,Germany,2026,93,2.0,,index (1–4)
cedefop-clssi,DK,Denmark,2026,93,1.6667,,index (1–4)
cedefop-clssi,EE,Estonia,2026,93,1.6667,,index (1–4)
cedefop-clssi,EL,Greece,2026,93,2.0,,index (1–4)
cedefop-clssi,ES,Spain,2026,93,2.6667,,index (1–4)
cedefop-clssi,EU27,European Union (27),2026,93,2.3333,,index (1–4)
cedefop-clssi,FI,Finland,2026,93,2.6667,,index (1–4)
cedefop-clssi,FR,France,2026,93,2.0,,index (1–4)
cedefop-clssi,HR,Croatia,2026,93,1.3333,,index (1–4)
cedefop-clssi,HU,Hungary,2026,93,2.3333,,index (1–4)
cedefop-clssi,IE,Ireland,2026,93,2.0,,index (1–4)
cedefop-clssi,IS,Iceland,2026,93,3.0,,index (1–4)
cedefop-clssi,IT,Italy,2026,93,2.0,,index (1–4)
cedefop-clssi,LT,Lithuania,2026,93,2.0,,index (1–4)
cedefop-clssi,LU,Luxembourg,2026,93,2.6667,,index (1–4)
cedefop-clssi,LV,Latvia,2026,93,2.3333,,index (1–4)
cedefop-clssi,MT,Malta,2026,93,1.3333,,index (1–4)
cedefop-clssi,NL,Netherlands,2026,93,2.3333,,index (1–4)
cedefop-clssi,NO,Norway,2026,93,2.3333,,index (1–4)
cedefop-clssi,PL,Poland,2026,93,2.0,,index (1–4)
cedefop-clssi,PT,Portugal,2026,93,2.6667,,index (1–4)
cedefop-clssi,RO,Romania,2026,93,2.0,,index (1–4)
cedefop-clssi,SE,Sweden,2026,93,3.0,,index (1–4)
cedefop-clssi,SI,Slovenia,2026,93,1.3333,,index (1–4)
cedefop-clssi,SK,Slovakia,2026,93,2.0,,index (1–4)
cedefop-clssi,AT,Austria,2026,94,1.6667,,index (1–4)
cedefop-clssi,BE,Belgium,2026,94,2.6667,,index (1–4)
cedefop-clssi,BG,Bulgaria,2026,94,2.0,,index (1–4)
cedefop-clssi,CH,Switzerland,2026,94,1.3333,,index (1–4)
cedefop-clssi,CY,Cyprus,2026,94,3.0,,index (1–4)
cedefop-clssi,CZ,Czechia,2026,94,3.3333,,index (1–4)
cedefop-clssi,DE,Germany,2026,94,1.6667,,index (1–4)
cedefop-clssi,DK,Denmark,2026,94,2.3333,,index (1–4)
cedefop-clssi,EE,Estonia,2026,94,1.6667,,index (1–4)
cedefop-clssi,EL,Greece,2026,94,2.0,,index (1–4)
cedefop-clssi,ES,Spain,2026,94,2.0,,index (1–4)
cedefop-clssi,EU27,European Union (27),2026,94,2.3333,,index (1–4)
cedefop-clssi,FI,Finland,2026,94,2.6667,,index (1–4)
cedefop-clssi,FR,France,2026,94,2.0,,index (1–4)
cedefop-clssi,HR,Croatia,2026,94,2.0,,index (1–4)
cedefop-clssi,HU,Hungary,2026,94,2.0,,index (1–4)
cedefop-clssi,IE,Ireland,2026,94,3.0,,index (1–4)
cedefop-clssi,IS,Iceland,2026,94,2.6667,,index (1–4)
cedefop-clssi,IT,Italy,2026,94,2.6667,,index (1–4)
cedefop-clssi,LT,Lithuania,2026,94,2.0,,index (1–4)
cedefop-clssi,LU,Luxembourg,2026,94,2.6667,,index (1–4)
cedefop-clssi,LV,Latvia,2026,94,3.0,,index (1–4)
cedefop-clssi,MT,Malta,2026,94,1.6667,,index (1–4)
cedefop-clssi,NL,Netherlands,2026,94,2.0,,index (1–4)
cedefop-clssi,NO,Norway,2026,94,1.6667,,index (1–4)
cedefop-clssi,PL,Poland,2026,94,2.3333,,index (1–4)
cedefop-clssi,PT,Portugal,2026,94,2.3333,,index (1–4)
cedefop-clssi,RO,Romania,2026,94,2.0,,index (1–4)
cedefop-clssi,SE,Sweden,2026,94,2.6667,,index (1–4)
cedefop-clssi,SI,Slovenia,2026,94,2.0,,index (1–4)
cedefop-clssi,SK,Slovakia,2026,94,3.0,,index (1–4)
cedefop-clssi,AT,Austria,2026,96,2.0,,index (1–4)
cedefop-clssi,BE,Belgium,2026,96,1.3333,,index (1–4)
cedefop-clssi,BG,Bulgaria,2026,96,2.3333,,index (1–4)
cedefop-clssi,CH,Switzerland,2026,96,2.0,,index (1–4)
cedefop-clssi,CY,Cyprus,2026,96,2.3333,,index (1–4)
cedefop-clssi,CZ,Czechia,2026,96,3.0,,index (1–4)
cedefop-clssi,DE,Germany,2026,96,2.3333,,index (1–4)
cedefop-clssi,DK,Denmark,2026,96,2.3333,,index (1–4)
cedefop-clssi,EE,Estonia,2026,96,2.0,,index (1–4)
cedefop-clssi,EL,Greece,2026,96,2.0,,index (1–4)
cedefop-clssi,ES,Spain,2026,96,2.3333,,index (1–4)
cedefop-clssi,EU27,European Union (27),2026,96,2.3333,,index (1–4)
cedefop-clssi,FI,Finland,2026,96,3.3333,,index (1–4)
cedefop-clssi,FR,France,2026,96,2.3333,,index (1–4)
cedefop-clssi,HR,Croatia,2026,96,2.0,,index (1–4)
cedefop-clssi,HU,Hungary,2026,96,2.6667,,index (1–4)
cedefop-clssi,IE,Ireland,2026,96,1.3333,,index (1–4)
cedefop-clssi,IS,Iceland,2026,96,3.3333,,index (1–4)
cedefop-clssi,IT,Italy,2026,96,2.3333,,index (1–4)
cedefop-clssi,LT,Lithuania,2026,96,2.6667,,index (1–4)
cedefop-clssi,LU,Luxembourg,2026,96,2.3333,,index (1–4)
cedefop-clssi,LV,Latvia,2026,96,2.3333,,index (1–4)
cedefop-clssi,MT,Malta,2026,96,2.0,,index (1–4)
cedefop-clssi,NL,Netherlands,2026,96,1.6667,,index (1–4)
cedefop-clssi,NO,Norway,2026,96,1.0,,index (1–4)
cedefop-clssi,PL,Poland,2026,96,1.6667,,index (1–4)
cedefop-clssi,PT,Portugal,2026,96,2.0,,index (1–4)
cedefop-clssi,RO,Romania,2026,96,2.3333,,index (1–4)
cedefop-clssi,SE,Sweden,2026,96,2.6667,,index (1–4)
cedefop-clssi,SI,Slovenia,2026,96,1.6667,,index (1–4)
cedefop-clssi,SK,Slovakia,2026,96,3.0,,index (1–4)
