indicator,geo,geo_name,time,value,flag,unit
cedefop-kivet-1102,AT,Austria,2016,31.3,,%
cedefop-kivet-1102,AT,Austria,2022,26.0,,%
cedefop-kivet-1102,BE,Belgium,2016,20.3,,%
cedefop-kivet-1102,BE,Belgium,2022,15.9,,%
cedefop-kivet-1102,BG,Bulgaria,2016,7.6,,%
cedefop-kivet-1102,CH,Switzerland,2016,34.7,,%
cedefop-kivet-1102,CH,Switzerland,2022,21.0,,%
cedefop-kivet-1102,CY,Cyprus,2016,24.4,,%
cedefop-kivet-1102,CY,Cyprus,2022,16.5,,%
cedefop-kivet-1102,CZ,Czechia,2016,16.2,,%
cedefop-kivet-1102,CZ,Czechia,2022,21.3,,%
cedefop-kivet-1102,DE,Germany,2016,27.4,,%
cedefop-kivet-1102,DE,Germany,2022,37.1,,%
cedefop-kivet-1102,DK,Denmark,2016,31.6,,%
cedefop-kivet-1102,DK,Denmark,2022,30.6,,%
cedefop-kivet-1102,EE,Estonia,2016,23.5,,%
cedefop-kivet-1102,EE,Estonia,2022,24.0,,%
cedefop-kivet-1102,EL,Greece,2016,3.0,u,%
cedefop-kivet-1102,EL,Greece,2022,5.5,u,%
cedefop-kivet-1102,ES,Spain,2016,23.8,,%
cedefop-kivet-1102,ES,Spain,2022,28.7,,%
cedefop-kivet-1102,EU27,European Union (27),2016,22.9,,%
cedefop-kivet-1102,EU27,European Union (27),2022,25.1,,%
cedefop-kivet-1102,FI,Finland,2016,36.3,,%
cedefop-kivet-1102,FI,Finland,2022,39.3,,%
cedefop-kivet-1102,FR,France,2016,25.1,,%
cedefop-kivet-1102,FR,France,2022,25.4,b,%
cedefop-kivet-1102,HR,Croatia,2016,7.4,u,%
cedefop-kivet-1102,HU,Hungary,2016,41.6,,%
cedefop-kivet-1102,HU,Hungary,2022,42.3,,%
cedefop-kivet-1102,IE,Ireland,2016,28.0,,%
cedefop-kivet-1102,IE,Ireland,2022,25.3,,%
cedefop-kivet-1102,IT,Italy,2016,21.2,,%
cedefop-kivet-1102,IT,Italy,2022,15.9,b,%
cedefop-kivet-1102,LU,Luxembourg,2016,21.1,,%
cedefop-kivet-1102,LU,Luxembourg,2022,24.2,,%
cedefop-kivet-1102,LV,Latvia,2016,26.7,,%
cedefop-kivet-1102,LV,Latvia,2022,31.7,,%
cedefop-kivet-1102,MK,North Macedonia,2016,1.0,u,%
cedefop-kivet-1102,MT,Malta,2016,24.3,,%
cedefop-kivet-1102,MT,Malta,2022,21.3,,%
cedefop-kivet-1102,NL,Netherlands,2016,38.3,,%
cedefop-kivet-1102,NL,Netherlands,2022,42.0,,%
cedefop-kivet-1102,NO,Norway,2016,42.7,,%
cedefop-kivet-1102,NO,Norway,2022,41.7,,%
cedefop-kivet-1102,PL,Poland,2016,5.4,,%
cedefop-kivet-1102,PL,Poland,2022,5.5,u,%
cedefop-kivet-1102,PT,Portugal,2016,31.5,,%
cedefop-kivet-1102,PT,Portugal,2022,27.3,,%
cedefop-kivet-1102,RO,Romania,2016,1.0,u,%
cedefop-kivet-1102,RO,Romania,2022,7.0,b,%
cedefop-kivet-1102,SE,Sweden,2016,45.1,,%
cedefop-kivet-1102,SE,Sweden,2022,53.2,,%
cedefop-kivet-1102,SI,Slovenia,2016,14.7,,%
cedefop-kivet-1102,SI,Slovenia,2022,16.9,u,%
cedefop-kivet-1102,SK,Slovakia,2022,22.7,u,%
cedefop-kivet-1102,TR,Türkiye,2016,11.4,,%
cedefop-kivet-1102,TR,Türkiye,2022,9.8,,%
cedefop-kivet-1102,UK,United Kingdom,2016,28.1,,%
