indicator,geo,geo_name,time,form,sex,type,value,flag,unit
ch-bfs-learners-vet-form,CH,Switzerland,2007,DUAL,F,EBA,2792.0,,learners
ch-bfs-learners-vet-form,CH,Switzerland,2008,DUAL,F,EBA,3251.0,,learners
ch-bfs-learners-vet-form,CH,Switzerland,2009,DUAL,F,EBA,3683.0,,learners
ch-bfs-learners-vet-form,CH,Switzerland,2010,DUAL,F,EBA,3738.0,,learners
ch-bfs-learners-vet-form,CH,Switzerland,2011,DUAL,F,EBA,4024.0,,learners
ch-bfs-learners-vet-form,CH,Switzerland,2012,DUAL,F,EBA,4959.0,,learners
ch-bfs-learners-vet-form,CH,Switzerland,2013,DUAL,F,EBA,5374.0,,learners
ch-bfs-learners-vet-form,CH,Switzerland,2014,DUAL,F,EBA,5460.0,,learners
ch-bfs-learners-vet-form,CH,Switzerland,2015,DUAL,F,EBA,5563.0,,learners
ch-bfs-learners-vet-form,CH,Switzerland,2016,DUAL,F,EBA,5457.0,,learners
ch-bfs-learners-vet-form,CH,Switzerland,2017,DUAL,F,EBA,5279.0,,learners
ch-bfs-learners-vet-form,CH,Switzerland,2018,DUAL,F,EBA,5226.0,,learners
ch-bfs-learners-vet-form,CH,Switzerland,2019,DUAL,F,EBA,5228.0,,learners
ch-bfs-learners-vet-form,CH,Switzerland,2020,DUAL,F,EBA,5144.0,,learners
ch-bfs-learners-vet-form,CH,Switzerland,2021,DUAL,F,EBA,5102.0,,learners
ch-bfs-learners-vet-form,CH,Switzerland,2022,DUAL,F,EBA,4863.0,,learners
ch-bfs-learners-vet-form,CH,Switzerland,2023,DUAL,F,EBA,4533.0,,learners
ch-bfs-learners-vet-form,CH,Switzerland,2024,DUAL,F,EBA,4474.0,,learners
ch-bfs-learners-vet-form,CH,Switzerland,2025,DUAL,F,EBA,4468.0,,learners
ch-bfs-learners-vet-form,CH,Switzerland,2007,DUAL,F,EFZ,71399.0,,learners
ch-bfs-learners-vet-form,CH,Switzerland,2008,DUAL,F,EFZ,75470.0,,learners
ch-bfs-learners-vet-form,CH,Switzerland,2009,DUAL,F,EFZ,77742.0,,learners
ch-bfs-learners-vet-form,CH,Switzerland,2010,DUAL,F,EFZ,77982.0,,learners
ch-bfs-learners-vet-form,CH,Switzerland,2011,DUAL,F,EFZ,78064.0,,learners
ch-bfs-learners-vet-form,CH,Switzerland,2012,DUAL,F,EFZ,78111.0,,learners
ch-bfs-learners-vet-form,CH,Switzerland,2013,DUAL,F,EFZ,76918.0,,learners
ch-bfs-learners-vet-form,CH,Switzerland,2014,DUAL,F,EFZ,76914.0,,learners
ch-bfs-learners-vet-form,CH,Switzerland,2015,DUAL,F,EFZ,76064.0,,learners
ch-bfs-learners-vet-form,CH,Switzerland,2016,DUAL,F,EFZ,75318.0,,learners
ch-bfs-learners-vet-form,CH,Switzerland,2017,DUAL,F,EFZ,74222.0,,learners
ch-bfs-learners-vet-form,CH,Switzerland,2018,DUAL,F,EFZ,72748.0,,learners
ch-bfs-learners-vet-form,CH,Switzerland,2019,DUAL,F,EFZ,71753.0,,learners
ch-bfs-learners-vet-form,CH,Switzerland,2020,DUAL,F,EFZ,71556.0,,learners
ch-bfs-learners-vet-form,CH,Switzerland,2021,DUAL,F,EFZ,71617.0,,learners
ch-bfs-learners-vet-form,CH,Switzerland,2022,DUAL,F,EFZ,71429.0,,learners
ch-bfs-learners-vet-form,CH,Switzerland,2023,DUAL,F,EFZ,72035.0,,learners
ch-bfs-learners-vet-form,CH,Switzerland,2024,DUAL,F,EFZ,73452.0,,learners
ch-bfs-learners-vet-form,CH,Switzerland,2025,DUAL,F,EFZ,74636.0,,learners
ch-bfs-learners-vet-form,CH,Switzerland,2007,DUAL,F,NONREG,1615.0,,learners
ch-bfs-learners-vet-form,CH,Switzerland,2008,DUAL,F,NONREG,1379.0,,learners
ch-bfs-learners-vet-form,CH,Switzerland,2009,DUAL,F,NONREG,1055.0,,learners
ch-bfs-learners-vet-form,CH,Switzerland,2010,DUAL,F,NONREG,1077.0,,learners
ch-bfs-learners-vet-form,CH,Switzerland,2011,DUAL,F,NONREG,208.0,,learners
ch-bfs-learners-vet-form,CH,Switzerland,2012,DUAL,F,NONREG,48.0,,learners
ch-bfs-learners-vet-form,CH,Switzerland,2013,DUAL,F,NONREG,46.0,,learners
ch-bfs-learners-vet-form,CH,Switzerland,2014,DUAL,F,NONREG,49.0,,learners
ch-bfs-learners-vet-form,CH,Switzerland,2015,DUAL,F,NONREG,48.0,,learners
ch-bfs-learners-vet-form,CH,Switzerland,2016,DUAL,F,NONREG,45.0,,learners
ch-bfs-learners-vet-form,CH,Switzerland,2017,DUAL,F,NONREG,46.0,,learners
ch-bfs-learners-vet-form,CH,Switzerland,2018,DUAL,F,NONREG,20.0,,learners
ch-bfs-learners-vet-form,CH,Switzerland,2019,DUAL,F,NONREG,0.0,,learners
ch-bfs-learners-vet-form,CH,Switzerland,2020,DUAL,F,NONREG,0.0,,learners
ch-bfs-learners-vet-form,CH,Switzerland,2021,DUAL,F,NONREG,0.0,,learners
ch-bfs-learners-vet-form,CH,Switzerland,2022,DUAL,F,NONREG,0.0,,learners
ch-bfs-learners-vet-form,CH,Switzerland,2023,DUAL,F,NONREG,0.0,,learners
ch-bfs-learners-vet-form,CH,Switzerland,2024,DUAL,F,NONREG,0.0,,learners
ch-bfs-learners-vet-form,CH,Switzerland,2025,DUAL,F,NONREG,0.0,,learners
ch-bfs-learners-vet-form,CH,Switzerland,2007,DUAL,F,TOTAL,75806.0,,learners
ch-bfs-learners-vet-form,CH,Switzerland,2008,DUAL,F,TOTAL,80100.0,,learners
ch-bfs-learners-vet-form,CH,Switzerland,2009,DUAL,F,TOTAL,82480.0,,learners
ch-bfs-learners-vet-form,CH,Switzerland,2010,DUAL,F,TOTAL,82797.0,,learners
ch-bfs-learners-vet-form,CH,Switzerland,2011,DUAL,F,TOTAL,82296.0,,learners
ch-bfs-learners-vet-form,CH,Switzerland,2012,DUAL,F,TOTAL,83118.0,,learners
ch-bfs-learners-vet-form,CH,Switzerland,2013,DUAL,F,TOTAL,82338.0,,learners
ch-bfs-learners-vet-form,CH,Switzerland,2014,DUAL,F,TOTAL,82423.0,,learners
ch-bfs-learners-vet-form,CH,Switzerland,2015,DUAL,F,TOTAL,81675.0,,learners
ch-bfs-learners-vet-form,CH,Switzerland,2016,DUAL,F,TOTAL,80820.0,,learners
ch-bfs-learners-vet-form,CH,Switzerland,2017,DUAL,F,TOTAL,79547.0,,learners
ch-bfs-learners-vet-form,CH,Switzerland,2018,DUAL,F,TOTAL,77994.0,,learners
ch-bfs-learners-vet-form,CH,Switzerland,2019,DUAL,F,TOTAL,76981.0,,learners
ch-bfs-learners-vet-form,CH,Switzerland,2020,DUAL,F,TOTAL,76700.0,,learners
ch-bfs-learners-vet-form,CH,Switzerland,2021,DUAL,F,TOTAL,76719.0,,learners
ch-bfs-learners-vet-form,CH,Switzerland,2022,DUAL,F,TOTAL,76292.0,,learners
ch-bfs-learners-vet-form,CH,Switzerland,2023,DUAL,F,TOTAL,76568.0,,learners
ch-bfs-learners-vet-form,CH,Switzerland,2024,DUAL,F,TOTAL,77926.0,,learners
ch-bfs-learners-vet-form,CH,Switzerland,2025,DUAL,F,TOTAL,79104.0,,learners
ch-bfs-learners-vet-form,CH,Switzerland,2007,DUAL,M,EBA,2219.0,,learners
ch-bfs-learners-vet-form,CH,Switzerland,2008,DUAL,M,EBA,3341.0,,learners
ch-bfs-learners-vet-form,CH,Switzerland,2009,DUAL,M,EBA,4123.0,,learners
ch-bfs-learners-vet-form,CH,Switzerland,2010,DUAL,M,EBA,4513.0,,learners
ch-bfs-learners-vet-form,CH,Switzerland,2011,DUAL,M,EBA,5174.0,,learners
ch-bfs-learners-vet-form,CH,Switzerland,2012,DUAL,M,EBA,5893.0,,learners
ch-bfs-learners-vet-form,CH,Switzerland,2013,DUAL,M,EBA,6420.0,,learners
ch-bfs-learners-vet-form,CH,Switzerland,2014,DUAL,M,EBA,6658.0,,learners
ch-bfs-learners-vet-form,CH,Switzerland,2015,DUAL,M,EBA,6905.0,,learners
ch-bfs-learners-vet-form,CH,Switzerland,2016,DUAL,M,EBA,7434.0,,learners
ch-bfs-learners-vet-form,CH,Switzerland,2017,DUAL,M,EBA,7672.0,,learners
ch-bfs-learners-vet-form,CH,Switzerland,2018,DUAL,M,EBA,8131.0,,learners
ch-bfs-learners-vet-form,CH,Switzerland,2019,DUAL,M,EBA,8794.0,,learners
ch-bfs-learners-vet-form,CH,Switzerland,2020,DUAL,M,EBA,8995.0,,learners
ch-bfs-learners-vet-form,CH,Switzerland,2021,DUAL,M,EBA,8791.0,,learners
ch-bfs-learners-vet-form,CH,Switzerland,2022,DUAL,M,EBA,8216.0,,learners
ch-bfs-learners-vet-form,CH,Switzerland,2023,DUAL,M,EBA,7797.0,,learners
ch-bfs-learners-vet-form,CH,Switzerland,2024,DUAL,M,EBA,7584.0,,learners
ch-bfs-learners-vet-form,CH,Switzerland,2025,DUAL,M,EBA,7902.0,,learners
ch-bfs-learners-vet-form,CH,Switzerland,2007,DUAL,M,EFZ,109913.0,,learners
ch-bfs-learners-vet-form,CH,Switzerland,2008,DUAL,M,EFZ,110705.0,,learners
ch-bfs-learners-vet-form,CH,Switzerland,2009,DUAL,M,EFZ,111207.0,,learners
ch-bfs-learners-vet-form,CH,Switzerland,2010,DUAL,M,EFZ,110543.0,,learners
ch-bfs-learners-vet-form,CH,Switzerland,2011,DUAL,M,EFZ,111124.0,,learners
ch-bfs-learners-vet-form,CH,Switzerland,2012,DUAL,M,EFZ,110760.0,,learners
ch-bfs-learners-vet-form,CH,Switzerland,2013,DUAL,M,EFZ,108734.0,,learners
ch-bfs-learners-vet-form,CH,Switzerland,2014,DUAL,M,EFZ,108279.0,,learners
ch-bfs-learners-vet-form,CH,Switzerland,2015,DUAL,M,EFZ,107177.0,,learners
ch-bfs-learners-vet-form,CH,Switzerland,2016,DUAL,M,EFZ,106133.0,,learners
ch-bfs-learners-vet-form,CH,Switzerland,2017,DUAL,M,EFZ,105620.0,,learners
ch-bfs-learners-vet-form,CH,Switzerland,2018,DUAL,M,EFZ,104328.0,,learners
ch-bfs-learners-vet-form,CH,Switzerland,2019,DUAL,M,EFZ,103323.0,,learners
ch-bfs-learners-vet-form,CH,Switzerland,2020,DUAL,M,EFZ,102657.0,,learners
ch-bfs-learners-vet-form,CH,Switzerland,2021,DUAL,M,EFZ,102325.0,,learners
ch-bfs-learners-vet-form,CH,Switzerland,2022,DUAL,M,EFZ,101181.0,,learners
ch-bfs-learners-vet-form,CH,Switzerland,2023,DUAL,M,EFZ,101992.0,,learners
ch-bfs-learners-vet-form,CH,Switzerland,2024,DUAL,M,EFZ,102791.0,,learners
ch-bfs-learners-vet-form,CH,Switzerland,2025,DUAL,M,EFZ,104158.0,,learners
ch-bfs-learners-vet-form,CH,Switzerland,2007,DUAL,M,NONREG,548.0,,learners
ch-bfs-learners-vet-form,CH,Switzerland,2008,DUAL,M,NONREG,389.0,,learners
ch-bfs-learners-vet-form,CH,Switzerland,2009,DUAL,M,NONREG,396.0,,learners
ch-bfs-learners-vet-form,CH,Switzerland,2010,DUAL,M,NONREG,522.0,,learners
ch-bfs-learners-vet-form,CH,Switzerland,2011,DUAL,M,NONREG,44.0,,learners
ch-bfs-learners-vet-form,CH,Switzerland,2012,DUAL,M,NONREG,12.0,,learners
ch-bfs-learners-vet-form,CH,Switzerland,2013,DUAL,M,NONREG,9.0,,learners
ch-bfs-learners-vet-form,CH,Switzerland,2014,DUAL,M,NONREG,10.0,,learners
ch-bfs-learners-vet-form,CH,Switzerland,2015,DUAL,M,NONREG,9.0,,learners
ch-bfs-learners-vet-form,CH,Switzerland,2016,DUAL,M,NONREG,9.0,,learners
ch-bfs-learners-vet-form,CH,Switzerland,2017,DUAL,M,NONREG,13.0,,learners
ch-bfs-learners-vet-form,CH,Switzerland,2018,DUAL,M,NONREG,10.0,,learners
ch-bfs-learners-vet-form,CH,Switzerland,2019,DUAL,M,NONREG,0.0,,learners
ch-bfs-learners-vet-form,CH,Switzerland,2020,DUAL,M,NONREG,1.0,,learners
ch-bfs-learners-vet-form,CH,Switzerland,2021,DUAL,M,NONREG,0.0,,learners
ch-bfs-learners-vet-form,CH,Switzerland,2022,DUAL,M,NONREG,0.0,,learners
ch-bfs-learners-vet-form,CH,Switzerland,2023,DUAL,M,NONREG,0.0,,learners
ch-bfs-learners-vet-form,CH,Switzerland,2024,DUAL,M,NONREG,0.0,,learners
ch-bfs-learners-vet-form,CH,Switzerland,2025,DUAL,M,NONREG,0.0,,learners
ch-bfs-learners-vet-form,CH,Switzerland,2007,DUAL,M,TOTAL,112680.0,,learners
ch-bfs-learners-vet-form,CH,Switzerland,2008,DUAL,M,TOTAL,114435.0,,learners
ch-bfs-learners-vet-form,CH,Switzerland,2009,DUAL,M,TOTAL,115726.0,,learners
ch-bfs-learners-vet-form,CH,Switzerland,2010,DUAL,M,TOTAL,115578.0,,learners
ch-bfs-learners-vet-form,CH,Switzerland,2011,DUAL,M,TOTAL,116342.0,,learners
ch-bfs-learners-vet-form,CH,Switzerland,2012,DUAL,M,TOTAL,116665.0,,learners
ch-bfs-learners-vet-form,CH,Switzerland,2013,DUAL,M,TOTAL,115163.0,,learners
ch-bfs-learners-vet-form,CH,Switzerland,2014,DUAL,M,TOTAL,114947.0,,learners
ch-bfs-learners-vet-form,CH,Switzerland,2015,DUAL,M,TOTAL,114091.0,,learners
ch-bfs-learners-vet-form,CH,Switzerland,2016,DUAL,M,TOTAL,113576.0,,learners
ch-bfs-learners-vet-form,CH,Switzerland,2017,DUAL,M,TOTAL,113305.0,,learners
ch-bfs-learners-vet-form,CH,Switzerland,2018,DUAL,M,TOTAL,112469.0,,learners
ch-bfs-learners-vet-form,CH,Switzerland,2019,DUAL,M,TOTAL,112117.0,,learners
ch-bfs-learners-vet-form,CH,Switzerland,2020,DUAL,M,TOTAL,111653.0,,learners
ch-bfs-learners-vet-form,CH,Switzerland,2021,DUAL,M,TOTAL,111116.0,,learners
ch-bfs-learners-vet-form,CH,Switzerland,2022,DUAL,M,TOTAL,109397.0,,learners
ch-bfs-learners-vet-form,CH,Switzerland,2023,DUAL,M,TOTAL,109789.0,,learners
ch-bfs-learners-vet-form,CH,Switzerland,2024,DUAL,M,TOTAL,110375.0,,learners
ch-bfs-learners-vet-form,CH,Switzerland,2025,DUAL,M,TOTAL,112060.0,,learners
ch-bfs-learners-vet-form,CH,Switzerland,2007,DUAL,T,EBA,5011.0,,learners
ch-bfs-learners-vet-form,CH,Switzerland,2008,DUAL,T,EBA,6592.0,,learners
ch-bfs-learners-vet-form,CH,Switzerland,2009,DUAL,T,EBA,7806.0,,learners
ch-bfs-learners-vet-form,CH,Switzerland,2010,DUAL,T,EBA,8251.0,,learners
ch-bfs-learners-vet-form,CH,Switzerland,2011,DUAL,T,EBA,9198.0,,learners
ch-bfs-learners-vet-form,CH,Switzerland,2012,DUAL,T,EBA,10852.0,,learners
ch-bfs-learners-vet-form,CH,Switzerland,2013,DUAL,T,EBA,11794.0,,learners
ch-bfs-learners-vet-form,CH,Switzerland,2014,DUAL,T,EBA,12118.0,,learners
ch-bfs-learners-vet-form,CH,Switzerland,2015,DUAL,T,EBA,12468.0,,learners
ch-bfs-learners-vet-form,CH,Switzerland,2016,DUAL,T,EBA,12891.0,,learners
ch-bfs-learners-vet-form,CH,Switzerland,2017,DUAL,T,EBA,12951.0,,learners
ch-bfs-learners-vet-form,CH,Switzerland,2018,DUAL,T,EBA,13357.0,,learners
ch-bfs-learners-vet-form,CH,Switzerland,2019,DUAL,T,EBA,14022.0,,learners
ch-bfs-learners-vet-form,CH,Switzerland,2020,DUAL,T,EBA,14139.0,,learners
ch-bfs-learners-vet-form,CH,Switzerland,2021,DUAL,T,EBA,13893.0,,learners
ch-bfs-learners-vet-form,CH,Switzerland,2022,DUAL,T,EBA,13079.0,,learners
ch-bfs-learners-vet-form,CH,Switzerland,2023,DUAL,T,EBA,12330.0,,learners
ch-bfs-learners-vet-form,CH,Switzerland,2024,DUAL,T,EBA,12058.0,,learners
ch-bfs-learners-vet-form,CH,Switzerland,2025,DUAL,T,EBA,12370.0,,learners
ch-bfs-learners-vet-form,CH,Switzerland,2007,DUAL,T,EFZ,181312.0,,learners
ch-bfs-learners-vet-form,CH,Switzerland,2008,DUAL,T,EFZ,186175.0,,learners
ch-bfs-learners-vet-form,CH,Switzerland,2009,DUAL,T,EFZ,188949.0,,learners
ch-bfs-learners-vet-form,CH,Switzerland,2010,DUAL,T,EFZ,188525.0,,learners
ch-bfs-learners-vet-form,CH,Switzerland,2011,DUAL,T,EFZ,189188.0,,learners
ch-bfs-learners-vet-form,CH,Switzerland,2012,DUAL,T,EFZ,188871.0,,learners
ch-bfs-learners-vet-form,CH,Switzerland,2013,DUAL,T,EFZ,185652.0,,learners
ch-bfs-learners-vet-form,CH,Switzerland,2014,DUAL,T,EFZ,185193.0,,learners
ch-bfs-learners-vet-form,CH,Switzerland,2015,DUAL,T,EFZ,183241.0,,learners
ch-bfs-learners-vet-form,CH,Switzerland,2016,DUAL,T,EFZ,181451.0,,learners
ch-bfs-learners-vet-form,CH,Switzerland,2017,DUAL,T,EFZ,179842.0,,learners
ch-bfs-learners-vet-form,CH,Switzerland,2018,DUAL,T,EFZ,177076.0,,learners
ch-bfs-learners-vet-form,CH,Switzerland,2019,DUAL,T,EFZ,175076.0,,learners
ch-bfs-learners-vet-form,CH,Switzerland,2020,DUAL,T,EFZ,174213.0,,learners
ch-bfs-learners-vet-form,CH,Switzerland,2021,DUAL,T,EFZ,173942.0,,learners
ch-bfs-learners-vet-form,CH,Switzerland,2022,DUAL,T,EFZ,172610.0,,learners
ch-bfs-learners-vet-form,CH,Switzerland,2023,DUAL,T,EFZ,174027.0,,learners
ch-bfs-learners-vet-form,CH,Switzerland,2024,DUAL,T,EFZ,176243.0,,learners
ch-bfs-learners-vet-form,CH,Switzerland,2025,DUAL,T,EFZ,178794.0,,learners
ch-bfs-learners-vet-form,CH,Switzerland,2007,DUAL,T,NONREG,2163.0,,learners
ch-bfs-learners-vet-form,CH,Switzerland,2008,DUAL,T,NONREG,1768.0,,learners
ch-bfs-learners-vet-form,CH,Switzerland,2009,DUAL,T,NONREG,1451.0,,learners
ch-bfs-learners-vet-form,CH,Switzerland,2010,DUAL,T,NONREG,1599.0,,learners
ch-bfs-learners-vet-form,CH,Switzerland,2011,DUAL,T,NONREG,252.0,,learners
ch-bfs-learners-vet-form,CH,Switzerland,2012,DUAL,T,NONREG,60.0,,learners
ch-bfs-learners-vet-form,CH,Switzerland,2013,DUAL,T,NONREG,55.0,,learners
ch-bfs-learners-vet-form,CH,Switzerland,2014,DUAL,T,NONREG,59.0,,learners
ch-bfs-learners-vet-form,CH,Switzerland,2015,DUAL,T,NONREG,57.0,,learners
ch-bfs-learners-vet-form,CH,Switzerland,2016,DUAL,T,NONREG,54.0,,learners
ch-bfs-learners-vet-form,CH,Switzerland,2017,DUAL,T,NONREG,59.0,,learners
ch-bfs-learners-vet-form,CH,Switzerland,2018,DUAL,T,NONREG,30.0,,learners
ch-bfs-learners-vet-form,CH,Switzerland,2019,DUAL,T,NONREG,0.0,,learners
ch-bfs-learners-vet-form,CH,Switzerland,2020,DUAL,T,NONREG,1.0,,learners
ch-bfs-learners-vet-form,CH,Switzerland,2021,DUAL,T,NONREG,0.0,,learners
ch-bfs-learners-vet-form,CH,Switzerland,2022,DUAL,T,NONREG,0.0,,learners
ch-bfs-learners-vet-form,CH,Switzerland,2023,DUAL,T,NONREG,0.0,,learners
ch-bfs-learners-vet-form,CH,Switzerland,2024,DUAL,T,NONREG,0.0,,learners
ch-bfs-learners-vet-form,CH,Switzerland,2025,DUAL,T,NONREG,0.0,,learners
ch-bfs-learners-vet-form,CH,Switzerland,2007,DUAL,T,TOTAL,188486.0,,learners
ch-bfs-learners-vet-form,CH,Switzerland,2008,DUAL,T,TOTAL,194535.0,,learners
ch-bfs-learners-vet-form,CH,Switzerland,2009,DUAL,T,TOTAL,198206.0,,learners
ch-bfs-learners-vet-form,CH,Switzerland,2010,DUAL,T,TOTAL,198375.0,,learners
ch-bfs-learners-vet-form,CH,Switzerland,2011,DUAL,T,TOTAL,198638.0,,learners
ch-bfs-learners-vet-form,CH,Switzerland,2012,DUAL,T,TOTAL,199783.0,,learners
ch-bfs-learners-vet-form,CH,Switzerland,2013,DUAL,T,TOTAL,197501.0,,learners
ch-bfs-learners-vet-form,CH,Switzerland,2014,DUAL,T,TOTAL,197370.0,,learners
ch-bfs-learners-vet-form,CH,Switzerland,2015,DUAL,T,TOTAL,195766.0,,learners
ch-bfs-learners-vet-form,CH,Switzerland,2016,DUAL,T,TOTAL,194396.0,,learners
ch-bfs-learners-vet-form,CH,Switzerland,2017,DUAL,T,TOTAL,192852.0,,learners
ch-bfs-learners-vet-form,CH,Switzerland,2018,DUAL,T,TOTAL,190463.0,,learners
ch-bfs-learners-vet-form,CH,Switzerland,2019,DUAL,T,TOTAL,189098.0,,learners
ch-bfs-learners-vet-form,CH,Switzerland,2020,DUAL,T,TOTAL,188353.0,,learners
ch-bfs-learners-vet-form,CH,Switzerland,2021,DUAL,T,TOTAL,187835.0,,learners
ch-bfs-learners-vet-form,CH,Switzerland,2022,DUAL,T,TOTAL,185689.0,,learners
ch-bfs-learners-vet-form,CH,Switzerland,2023,DUAL,T,TOTAL,186357.0,,learners
ch-bfs-learners-vet-form,CH,Switzerland,2024,DUAL,T,TOTAL,188301.0,,learners
ch-bfs-learners-vet-form,CH,Switzerland,2025,DUAL,T,TOTAL,191164.0,,learners
ch-bfs-learners-vet-form,CH,Switzerland,2007,SCHOOL,F,EBA,37.0,,learners
ch-bfs-learners-vet-form,CH,Switzerland,2008,SCHOOL,F,EBA,48.0,,learners
ch-bfs-learners-vet-form,CH,Switzerland,2009,SCHOOL,F,EBA,63.0,,learners
ch-bfs-learners-vet-form,CH,Switzerland,2010,SCHOOL,F,EBA,68.0,,learners
ch-bfs-learners-vet-form,CH,Switzerland,2011,SCHOOL,F,EBA,61.0,,learners
ch-bfs-learners-vet-form,CH,Switzerland,2012,SCHOOL,F,EBA,59.0,,learners
ch-bfs-learners-vet-form,CH,Switzerland,2013,SCHOOL,F,EBA,93.0,,learners
ch-bfs-learners-vet-form,CH,Switzerland,2014,SCHOOL,F,EBA,133.0,,learners
ch-bfs-learners-vet-form,CH,Switzerland,2015,SCHOOL,F,EBA,172.0,,learners
ch-bfs-learners-vet-form,CH,Switzerland,2016,SCHOOL,F,EBA,173.0,,learners
ch-bfs-learners-vet-form,CH,Switzerland,2017,SCHOOL,F,EBA,151.0,,learners
ch-bfs-learners-vet-form,CH,Switzerland,2018,SCHOOL,F,EBA,181.0,,learners
ch-bfs-learners-vet-form,CH,Switzerland,2019,SCHOOL,F,EBA,162.0,,learners
ch-bfs-learners-vet-form,CH,Switzerland,2020,SCHOOL,F,EBA,178.0,,learners
ch-bfs-learners-vet-form,CH,Switzerland,2021,SCHOOL,F,EBA,205.0,,learners
ch-bfs-learners-vet-form,CH,Switzerland,2022,SCHOOL,F,EBA,198.0,,learners
ch-bfs-learners-vet-form,CH,Switzerland,2023,SCHOOL,F,EBA,200.0,,learners
ch-bfs-learners-vet-form,CH,Switzerland,2024,SCHOOL,F,EBA,186.0,,learners
ch-bfs-learners-vet-form,CH,Switzerland,2025,SCHOOL,F,EBA,173.0,,learners
ch-bfs-learners-vet-form,CH,Switzerland,2007,SCHOOL,F,EFZ,2958.0,,learners
ch-bfs-learners-vet-form,CH,Switzerland,2008,SCHOOL,F,EFZ,3933.0,,learners
ch-bfs-learners-vet-form,CH,Switzerland,2009,SCHOOL,F,EFZ,3623.0,,learners
ch-bfs-learners-vet-form,CH,Switzerland,2010,SCHOOL,F,EFZ,4905.0,,learners
ch-bfs-learners-vet-form,CH,Switzerland,2011,SCHOOL,F,EFZ,5663.0,,learners
ch-bfs-learners-vet-form,CH,Switzerland,2012,SCHOOL,F,EFZ,6130.0,,learners
ch-bfs-learners-vet-form,CH,Switzerland,2013,SCHOOL,F,EFZ,8401.0,,learners
ch-bfs-learners-vet-form,CH,Switzerland,2014,SCHOOL,F,EFZ,10790.0,,learners
ch-bfs-learners-vet-form,CH,Switzerland,2015,SCHOOL,F,EFZ,10594.0,,learners
ch-bfs-learners-vet-form,CH,Switzerland,2016,SCHOOL,F,EFZ,10619.0,,learners
ch-bfs-learners-vet-form,CH,Switzerland,2017,SCHOOL,F,EFZ,10247.0,,learners
ch-bfs-learners-vet-form,CH,Switzerland,2018,SCHOOL,F,EFZ,9903.0,,learners
ch-bfs-learners-vet-form,CH,Switzerland,2019,SCHOOL,F,EFZ,9498.0,,learners
ch-bfs-learners-vet-form,CH,Switzerland,2020,SCHOOL,F,EFZ,9375.0,,learners
ch-bfs-learners-vet-form,CH,Switzerland,2021,SCHOOL,F,EFZ,8913.0,,learners
ch-bfs-learners-vet-form,CH,Switzerland,2022,SCHOOL,F,EFZ,8686.0,,learners
ch-bfs-learners-vet-form,CH,Switzerland,2023,SCHOOL,F,EFZ,8619.0,,learners
ch-bfs-learners-vet-form,CH,Switzerland,2024,SCHOOL,F,EFZ,8804.0,,learners
ch-bfs-learners-vet-form,CH,Switzerland,2025,SCHOOL,F,EFZ,8951.0,,learners
ch-bfs-learners-vet-form,CH,Switzerland,2007,SCHOOL,F,NONREG,351.0,,learners
ch-bfs-learners-vet-form,CH,Switzerland,2008,SCHOOL,F,NONREG,384.0,,learners
ch-bfs-learners-vet-form,CH,Switzerland,2009,SCHOOL,F,NONREG,264.0,,learners
ch-bfs-learners-vet-form,CH,Switzerland,2010,SCHOOL,F,NONREG,295.0,,learners
ch-bfs-learners-vet-form,CH,Switzerland,2011,SCHOOL,F,NONREG,27.0,,learners
ch-bfs-learners-vet-form,CH,Switzerland,2012,SCHOOL,F,NONREG,22.0,,learners
ch-bfs-learners-vet-form,CH,Switzerland,2013,SCHOOL,F,NONREG,34.0,,learners
ch-bfs-learners-vet-form,CH,Switzerland,2014,SCHOOL,F,NONREG,23.0,,learners
ch-bfs-learners-vet-form,CH,Switzerland,2015,SCHOOL,F,NONREG,34.0,,learners
ch-bfs-learners-vet-form,CH,Switzerland,2016,SCHOOL,F,NONREG,22.0,,learners
ch-bfs-learners-vet-form,CH,Switzerland,2017,SCHOOL,F,NONREG,0.0,,learners
ch-bfs-learners-vet-form,CH,Switzerland,2018,SCHOOL,F,NONREG,0.0,,learners
ch-bfs-learners-vet-form,CH,Switzerland,2019,SCHOOL,F,NONREG,0.0,,learners
ch-bfs-learners-vet-form,CH,Switzerland,2020,SCHOOL,F,NONREG,0.0,,learners
ch-bfs-learners-vet-form,CH,Switzerland,2021,SCHOOL,F,NONREG,0.0,,learners
ch-bfs-learners-vet-form,CH,Switzerland,2022,SCHOOL,F,NONREG,0.0,,learners
ch-bfs-learners-vet-form,CH,Switzerland,2023,SCHOOL,F,NONREG,0.0,,learners
ch-bfs-learners-vet-form,CH,Switzerland,2024,SCHOOL,F,NONREG,0.0,,learners
ch-bfs-learners-vet-form,CH,Switzerland,2025,SCHOOL,F,NONREG,0.0,,learners
ch-bfs-learners-vet-form,CH,Switzerland,2007,SCHOOL,F,TOTAL,3346.0,,learners
ch-bfs-learners-vet-form,CH,Switzerland,2008,SCHOOL,F,TOTAL,4365.0,,learners
ch-bfs-learners-vet-form,CH,Switzerland,2009,SCHOOL,F,TOTAL,3950.0,,learners
ch-bfs-learners-vet-form,CH,Switzerland,2010,SCHOOL,F,TOTAL,5268.0,,learners
ch-bfs-learners-vet-form,CH,Switzerland,2011,SCHOOL,F,TOTAL,5751.0,,learners
ch-bfs-learners-vet-form,CH,Switzerland,2012,SCHOOL,F,TOTAL,6211.0,,learners
ch-bfs-learners-vet-form,CH,Switzerland,2013,SCHOOL,F,TOTAL,8528.0,,learners
ch-bfs-learners-vet-form,CH,Switzerland,2014,SCHOOL,F,TOTAL,10946.0,,learners
ch-bfs-learners-vet-form,CH,Switzerland,2015,SCHOOL,F,TOTAL,10800.0,,learners
ch-bfs-learners-vet-form,CH,Switzerland,2016,SCHOOL,F,TOTAL,10814.0,,learners
ch-bfs-learners-vet-form,CH,Switzerland,2017,SCHOOL,F,TOTAL,10398.0,,learners
ch-bfs-learners-vet-form,CH,Switzerland,2018,SCHOOL,F,TOTAL,10084.0,,learners
ch-bfs-learners-vet-form,CH,Switzerland,2019,SCHOOL,F,TOTAL,9660.0,,learners
ch-bfs-learners-vet-form,CH,Switzerland,2020,SCHOOL,F,TOTAL,9553.0,,learners
ch-bfs-learners-vet-form,CH,Switzerland,2021,SCHOOL,F,TOTAL,9118.0,,learners
ch-bfs-learners-vet-form,CH,Switzerland,2022,SCHOOL,F,TOTAL,8884.0,,learners
ch-bfs-learners-vet-form,CH,Switzerland,2023,SCHOOL,F,TOTAL,8819.0,,learners
ch-bfs-learners-vet-form,CH,Switzerland,2024,SCHOOL,F,TOTAL,8990.0,,learners
ch-bfs-learners-vet-form,CH,Switzerland,2025,SCHOOL,F,TOTAL,9124.0,,learners
ch-bfs-learners-vet-form,CH,Switzerland,2007,SCHOOL,M,EBA,41.0,,learners
ch-bfs-learners-vet-form,CH,Switzerland,2008,SCHOOL,M,EBA,90.0,,learners
ch-bfs-learners-vet-form,CH,Switzerland,2009,SCHOOL,M,EBA,110.0,,learners
ch-bfs-learners-vet-form,CH,Switzerland,2010,SCHOOL,M,EBA,138.0,,learners
ch-bfs-learners-vet-form,CH,Switzerland,2011,SCHOOL,M,EBA,157.0,,learners
ch-bfs-learners-vet-form,CH,Switzerland,2012,SCHOOL,M,EBA,170.0,,learners
ch-bfs-learners-vet-form,CH,Switzerland,2013,SCHOOL,M,EBA,195.0,,learners
ch-bfs-learners-vet-form,CH,Switzerland,2014,SCHOOL,M,EBA,252.0,,learners
ch-bfs-learners-vet-form,CH,Switzerland,2015,SCHOOL,M,EBA,309.0,,learners
ch-bfs-learners-vet-form,CH,Switzerland,2016,SCHOOL,M,EBA,340.0,,learners
ch-bfs-learners-vet-form,CH,Switzerland,2017,SCHOOL,M,EBA,298.0,,learners
ch-bfs-learners-vet-form,CH,Switzerland,2018,SCHOOL,M,EBA,315.0,,learners
ch-bfs-learners-vet-form,CH,Switzerland,2019,SCHOOL,M,EBA,323.0,,learners
ch-bfs-learners-vet-form,CH,Switzerland,2020,SCHOOL,M,EBA,318.0,,learners
ch-bfs-learners-vet-form,CH,Switzerland,2021,SCHOOL,M,EBA,281.0,,learners
ch-bfs-learners-vet-form,CH,Switzerland,2022,SCHOOL,M,EBA,266.0,,learners
ch-bfs-learners-vet-form,CH,Switzerland,2023,SCHOOL,M,EBA,259.0,,learners
ch-bfs-learners-vet-form,CH,Switzerland,2024,SCHOOL,M,EBA,244.0,,learners
ch-bfs-learners-vet-form,CH,Switzerland,2025,SCHOOL,M,EBA,240.0,,learners
ch-bfs-learners-vet-form,CH,Switzerland,2007,SCHOOL,M,EFZ,4131.0,,learners
ch-bfs-learners-vet-form,CH,Switzerland,2008,SCHOOL,M,EFZ,5920.0,,learners
ch-bfs-learners-vet-form,CH,Switzerland,2009,SCHOOL,M,EFZ,5902.0,,learners
ch-bfs-learners-vet-form,CH,Switzerland,2010,SCHOOL,M,EFZ,6733.0,,learners
ch-bfs-learners-vet-form,CH,Switzerland,2011,SCHOOL,M,EFZ,7661.0,,learners
ch-bfs-learners-vet-form,CH,Switzerland,2012,SCHOOL,M,EFZ,8225.0,,learners
ch-bfs-learners-vet-form,CH,Switzerland,2013,SCHOOL,M,EFZ,10715.0,,learners
ch-bfs-learners-vet-form,CH,Switzerland,2014,SCHOOL,M,EFZ,13822.0,,learners
ch-bfs-learners-vet-form,CH,Switzerland,2015,SCHOOL,M,EFZ,14220.0,,learners
ch-bfs-learners-vet-form,CH,Switzerland,2016,SCHOOL,M,EFZ,14238.0,,learners
ch-bfs-learners-vet-form,CH,Switzerland,2017,SCHOOL,M,EFZ,14218.0,,learners
ch-bfs-learners-vet-form,CH,Switzerland,2018,SCHOOL,M,EFZ,13936.0,,learners
ch-bfs-learners-vet-form,CH,Switzerland,2019,SCHOOL,M,EFZ,13651.0,,learners
ch-bfs-learners-vet-form,CH,Switzerland,2020,SCHOOL,M,EFZ,13663.0,,learners
ch-bfs-learners-vet-form,CH,Switzerland,2021,SCHOOL,M,EFZ,13518.0,,learners
ch-bfs-learners-vet-form,CH,Switzerland,2022,SCHOOL,M,EFZ,13550.0,,learners
ch-bfs-learners-vet-form,CH,Switzerland,2023,SCHOOL,M,EFZ,13787.0,,learners
ch-bfs-learners-vet-form,CH,Switzerland,2024,SCHOOL,M,EFZ,14091.0,,learners
ch-bfs-learners-vet-form,CH,Switzerland,2025,SCHOOL,M,EFZ,14524.0,,learners
ch-bfs-learners-vet-form,CH,Switzerland,2007,SCHOOL,M,NONREG,491.0,,learners
ch-bfs-learners-vet-form,CH,Switzerland,2008,SCHOOL,M,NONREG,594.0,,learners
ch-bfs-learners-vet-form,CH,Switzerland,2009,SCHOOL,M,NONREG,296.0,,learners
ch-bfs-learners-vet-form,CH,Switzerland,2010,SCHOOL,M,NONREG,386.0,,learners
ch-bfs-learners-vet-form,CH,Switzerland,2011,SCHOOL,M,NONREG,4.0,,learners
ch-bfs-learners-vet-form,CH,Switzerland,2012,SCHOOL,M,NONREG,7.0,,learners
ch-bfs-learners-vet-form,CH,Switzerland,2013,SCHOOL,M,NONREG,6.0,,learners
ch-bfs-learners-vet-form,CH,Switzerland,2014,SCHOOL,M,NONREG,8.0,,learners
ch-bfs-learners-vet-form,CH,Switzerland,2015,SCHOOL,M,NONREG,5.0,,learners
ch-bfs-learners-vet-form,CH,Switzerland,2016,SCHOOL,M,NONREG,10.0,,learners
ch-bfs-learners-vet-form,CH,Switzerland,2017,SCHOOL,M,NONREG,0.0,,learners
ch-bfs-learners-vet-form,CH,Switzerland,2018,SCHOOL,M,NONREG,0.0,,learners
ch-bfs-learners-vet-form,CH,Switzerland,2019,SCHOOL,M,NONREG,0.0,,learners
ch-bfs-learners-vet-form,CH,Switzerland,2020,SCHOOL,M,NONREG,0.0,,learners
ch-bfs-learners-vet-form,CH,Switzerland,2021,SCHOOL,M,NONREG,0.0,,learners
ch-bfs-learners-vet-form,CH,Switzerland,2022,SCHOOL,M,NONREG,0.0,,learners
ch-bfs-learners-vet-form,CH,Switzerland,2023,SCHOOL,M,NONREG,0.0,,learners
ch-bfs-learners-vet-form,CH,Switzerland,2024,SCHOOL,M,NONREG,0.0,,learners
ch-bfs-learners-vet-form,CH,Switzerland,2025,SCHOOL,M,NONREG,0.0,,learners
ch-bfs-learners-vet-form,CH,Switzerland,2007,SCHOOL,M,TOTAL,4663.0,,learners
ch-bfs-learners-vet-form,CH,Switzerland,2008,SCHOOL,M,TOTAL,6604.0,,learners
ch-bfs-learners-vet-form,CH,Switzerland,2009,SCHOOL,M,TOTAL,6308.0,,learners
ch-bfs-learners-vet-form,CH,Switzerland,2010,SCHOOL,M,TOTAL,7257.0,,learners
ch-bfs-learners-vet-form,CH,Switzerland,2011,SCHOOL,M,TOTAL,7822.0,,learners
ch-bfs-learners-vet-form,CH,Switzerland,2012,SCHOOL,M,TOTAL,8402.0,,learners
ch-bfs-learners-vet-form,CH,Switzerland,2013,SCHOOL,M,TOTAL,10916.0,,learners
ch-bfs-learners-vet-form,CH,Switzerland,2014,SCHOOL,M,TOTAL,14082.0,,learners
ch-bfs-learners-vet-form,CH,Switzerland,2015,SCHOOL,M,TOTAL,14534.0,,learners
ch-bfs-learners-vet-form,CH,Switzerland,2016,SCHOOL,M,TOTAL,14588.0,,learners
ch-bfs-learners-vet-form,CH,Switzerland,2017,SCHOOL,M,TOTAL,14516.0,,learners
ch-bfs-learners-vet-form,CH,Switzerland,2018,SCHOOL,M,TOTAL,14251.0,,learners
ch-bfs-learners-vet-form,CH,Switzerland,2019,SCHOOL,M,TOTAL,13974.0,,learners
ch-bfs-learners-vet-form,CH,Switzerland,2020,SCHOOL,M,TOTAL,13981.0,,learners
ch-bfs-learners-vet-form,CH,Switzerland,2021,SCHOOL,M,TOTAL,13799.0,,learners
ch-bfs-learners-vet-form,CH,Switzerland,2022,SCHOOL,M,TOTAL,13816.0,,learners
ch-bfs-learners-vet-form,CH,Switzerland,2023,SCHOOL,M,TOTAL,14046.0,,learners
ch-bfs-learners-vet-form,CH,Switzerland,2024,SCHOOL,M,TOTAL,14335.0,,learners
ch-bfs-learners-vet-form,CH,Switzerland,2025,SCHOOL,M,TOTAL,14764.0,,learners
ch-bfs-learners-vet-form,CH,Switzerland,2007,SCHOOL,T,EBA,78.0,,learners
ch-bfs-learners-vet-form,CH,Switzerland,2008,SCHOOL,T,EBA,138.0,,learners
ch-bfs-learners-vet-form,CH,Switzerland,2009,SCHOOL,T,EBA,173.0,,learners
ch-bfs-learners-vet-form,CH,Switzerland,2010,SCHOOL,T,EBA,206.0,,learners
ch-bfs-learners-vet-form,CH,Switzerland,2011,SCHOOL,T,EBA,218.0,,learners
ch-bfs-learners-vet-form,CH,Switzerland,2012,SCHOOL,T,EBA,229.0,,learners
ch-bfs-learners-vet-form,CH,Switzerland,2013,SCHOOL,T,EBA,288.0,,learners
ch-bfs-learners-vet-form,CH,Switzerland,2014,SCHOOL,T,EBA,385.0,,learners
ch-bfs-learners-vet-form,CH,Switzerland,2015,SCHOOL,T,EBA,481.0,,learners
ch-bfs-learners-vet-form,CH,Switzerland,2016,SCHOOL,T,EBA,513.0,,learners
ch-bfs-learners-vet-form,CH,Switzerland,2017,SCHOOL,T,EBA,449.0,,learners
ch-bfs-learners-vet-form,CH,Switzerland,2018,SCHOOL,T,EBA,496.0,,learners
ch-bfs-learners-vet-form,CH,Switzerland,2019,SCHOOL,T,EBA,485.0,,learners
ch-bfs-learners-vet-form,CH,Switzerland,2020,SCHOOL,T,EBA,496.0,,learners
ch-bfs-learners-vet-form,CH,Switzerland,2021,SCHOOL,T,EBA,486.0,,learners
ch-bfs-learners-vet-form,CH,Switzerland,2022,SCHOOL,T,EBA,464.0,,learners
ch-bfs-learners-vet-form,CH,Switzerland,2023,SCHOOL,T,EBA,459.0,,learners
ch-bfs-learners-vet-form,CH,Switzerland,2024,SCHOOL,T,EBA,430.0,,learners
ch-bfs-learners-vet-form,CH,Switzerland,2025,SCHOOL,T,EBA,413.0,,learners
ch-bfs-learners-vet-form,CH,Switzerland,2007,SCHOOL,T,EFZ,7089.0,,learners
ch-bfs-learners-vet-form,CH,Switzerland,2008,SCHOOL,T,EFZ,9853.0,,learners
ch-bfs-learners-vet-form,CH,Switzerland,2009,SCHOOL,T,EFZ,9525.0,,learners
ch-bfs-learners-vet-form,CH,Switzerland,2010,SCHOOL,T,EFZ,11638.0,,learners
ch-bfs-learners-vet-form,CH,Switzerland,2011,SCHOOL,T,EFZ,13324.0,,learners
ch-bfs-learners-vet-form,CH,Switzerland,2012,SCHOOL,T,EFZ,14355.0,,learners
ch-bfs-learners-vet-form,CH,Switzerland,2013,SCHOOL,T,EFZ,19116.0,,learners
ch-bfs-learners-vet-form,CH,Switzerland,2014,SCHOOL,T,EFZ,24612.0,,learners
ch-bfs-learners-vet-form,CH,Switzerland,2015,SCHOOL,T,EFZ,24814.0,,learners
ch-bfs-learners-vet-form,CH,Switzerland,2016,SCHOOL,T,EFZ,24857.0,,learners
ch-bfs-learners-vet-form,CH,Switzerland,2017,SCHOOL,T,EFZ,24465.0,,learners
ch-bfs-learners-vet-form,CH,Switzerland,2018,SCHOOL,T,EFZ,23839.0,,learners
ch-bfs-learners-vet-form,CH,Switzerland,2019,SCHOOL,T,EFZ,23149.0,,learners
ch-bfs-learners-vet-form,CH,Switzerland,2020,SCHOOL,T,EFZ,23038.0,,learners
ch-bfs-learners-vet-form,CH,Switzerland,2021,SCHOOL,T,EFZ,22431.0,,learners
ch-bfs-learners-vet-form,CH,Switzerland,2022,SCHOOL,T,EFZ,22236.0,,learners
ch-bfs-learners-vet-form,CH,Switzerland,2023,SCHOOL,T,EFZ,22406.0,,learners
ch-bfs-learners-vet-form,CH,Switzerland,2024,SCHOOL,T,EFZ,22895.0,,learners
ch-bfs-learners-vet-form,CH,Switzerland,2025,SCHOOL,T,EFZ,23475.0,,learners
ch-bfs-learners-vet-form,CH,Switzerland,2007,SCHOOL,T,NONREG,842.0,,learners
ch-bfs-learners-vet-form,CH,Switzerland,2008,SCHOOL,T,NONREG,978.0,,learners
ch-bfs-learners-vet-form,CH,Switzerland,2009,SCHOOL,T,NONREG,560.0,,learners
ch-bfs-learners-vet-form,CH,Switzerland,2010,SCHOOL,T,NONREG,681.0,,learners
ch-bfs-learners-vet-form,CH,Switzerland,2011,SCHOOL,T,NONREG,31.0,,learners
ch-bfs-learners-vet-form,CH,Switzerland,2012,SCHOOL,T,NONREG,29.0,,learners
ch-bfs-learners-vet-form,CH,Switzerland,2013,SCHOOL,T,NONREG,40.0,,learners
ch-bfs-learners-vet-form,CH,Switzerland,2014,SCHOOL,T,NONREG,31.0,,learners
ch-bfs-learners-vet-form,CH,Switzerland,2015,SCHOOL,T,NONREG,39.0,,learners
ch-bfs-learners-vet-form,CH,Switzerland,2016,SCHOOL,T,NONREG,32.0,,learners
ch-bfs-learners-vet-form,CH,Switzerland,2017,SCHOOL,T,NONREG,0.0,,learners
ch-bfs-learners-vet-form,CH,Switzerland,2018,SCHOOL,T,NONREG,0.0,,learners
ch-bfs-learners-vet-form,CH,Switzerland,2019,SCHOOL,T,NONREG,0.0,,learners
ch-bfs-learners-vet-form,CH,Switzerland,2020,SCHOOL,T,NONREG,0.0,,learners
ch-bfs-learners-vet-form,CH,Switzerland,2021,SCHOOL,T,NONREG,0.0,,learners
ch-bfs-learners-vet-form,CH,Switzerland,2022,SCHOOL,T,NONREG,0.0,,learners
ch-bfs-learners-vet-form,CH,Switzerland,2023,SCHOOL,T,NONREG,0.0,,learners
ch-bfs-learners-vet-form,CH,Switzerland,2024,SCHOOL,T,NONREG,0.0,,learners
ch-bfs-learners-vet-form,CH,Switzerland,2025,SCHOOL,T,NONREG,0.0,,learners
ch-bfs-learners-vet-form,CH,Switzerland,2007,SCHOOL,T,TOTAL,8009.0,,learners
ch-bfs-learners-vet-form,CH,Switzerland,2008,SCHOOL,T,TOTAL,10969.0,,learners
ch-bfs-learners-vet-form,CH,Switzerland,2009,SCHOOL,T,TOTAL,10258.0,,learners
ch-bfs-learners-vet-form,CH,Switzerland,2010,SCHOOL,T,TOTAL,12525.0,,learners
ch-bfs-learners-vet-form,CH,Switzerland,2011,SCHOOL,T,TOTAL,13573.0,,learners
ch-bfs-learners-vet-form,CH,Switzerland,2012,SCHOOL,T,TOTAL,14613.0,,learners
ch-bfs-learners-vet-form,CH,Switzerland,2013,SCHOOL,T,TOTAL,19444.0,,learners
ch-bfs-learners-vet-form,CH,Switzerland,2014,SCHOOL,T,TOTAL,25028.0,,learners
ch-bfs-learners-vet-form,CH,Switzerland,2015,SCHOOL,T,TOTAL,25334.0,,learners
ch-bfs-learners-vet-form,CH,Switzerland,2016,SCHOOL,T,TOTAL,25402.0,,learners
ch-bfs-learners-vet-form,CH,Switzerland,2017,SCHOOL,T,TOTAL,24914.0,,learners
ch-bfs-learners-vet-form,CH,Switzerland,2018,SCHOOL,T,TOTAL,24335.0,,learners
ch-bfs-learners-vet-form,CH,Switzerland,2019,SCHOOL,T,TOTAL,23634.0,,learners
ch-bfs-learners-vet-form,CH,Switzerland,2020,SCHOOL,T,TOTAL,23534.0,,learners
ch-bfs-learners-vet-form,CH,Switzerland,2021,SCHOOL,T,TOTAL,22917.0,,learners
ch-bfs-learners-vet-form,CH,Switzerland,2022,SCHOOL,T,TOTAL,22700.0,,learners
ch-bfs-learners-vet-form,CH,Switzerland,2023,SCHOOL,T,TOTAL,22865.0,,learners
ch-bfs-learners-vet-form,CH,Switzerland,2024,SCHOOL,T,TOTAL,23325.0,,learners
ch-bfs-learners-vet-form,CH,Switzerland,2025,SCHOOL,T,TOTAL,23888.0,,learners
ch-bfs-learners-vet-form,CH,Switzerland,2005,TOTAL,F,EBA,985.0,,learners
ch-bfs-learners-vet-form,CH,Switzerland,2006,TOTAL,F,EBA,2244.0,,learners
ch-bfs-learners-vet-form,CH,Switzerland,2007,TOTAL,F,EBA,2829.0,,learners
ch-bfs-learners-vet-form,CH,Switzerland,2008,TOTAL,F,EBA,3299.0,,learners
ch-bfs-learners-vet-form,CH,Switzerland,2009,TOTAL,F,EBA,3746.0,,learners
ch-bfs-learners-vet-form,CH,Switzerland,2010,TOTAL,F,EBA,3806.0,,learners
ch-bfs-learners-vet-form,CH,Switzerland,2011,TOTAL,F,EBA,4085.0,,learners
ch-bfs-learners-vet-form,CH,Switzerland,2012,TOTAL,F,EBA,5018.0,,learners
ch-bfs-learners-vet-form,CH,Switzerland,2013,TOTAL,F,EBA,5467.0,,learners
ch-bfs-learners-vet-form,CH,Switzerland,2014,TOTAL,F,EBA,5593.0,,learners
ch-bfs-learners-vet-form,CH,Switzerland,2015,TOTAL,F,EBA,5735.0,,learners
ch-bfs-learners-vet-form,CH,Switzerland,2016,TOTAL,F,EBA,5630.0,,learners
ch-bfs-learners-vet-form,CH,Switzerland,2017,TOTAL,F,EBA,5430.0,,learners
ch-bfs-learners-vet-form,CH,Switzerland,2018,TOTAL,F,EBA,5407.0,,learners
ch-bfs-learners-vet-form,CH,Switzerland,2019,TOTAL,F,EBA,5390.0,,learners
ch-bfs-learners-vet-form,CH,Switzerland,2020,TOTAL,F,EBA,5322.0,,learners
ch-bfs-learners-vet-form,CH,Switzerland,2021,TOTAL,F,EBA,5307.0,,learners
ch-bfs-learners-vet-form,CH,Switzerland,2022,TOTAL,F,EBA,5061.0,,learners
ch-bfs-learners-vet-form,CH,Switzerland,2023,TOTAL,F,EBA,4733.0,,learners
ch-bfs-learners-vet-form,CH,Switzerland,2024,TOTAL,F,EBA,4660.0,,learners
ch-bfs-learners-vet-form,CH,Switzerland,2025,TOTAL,F,EBA,4641.0,,learners
ch-bfs-learners-vet-form,CH,Switzerland,2005,TOTAL,F,EFZ,68355.0,,learners
ch-bfs-learners-vet-form,CH,Switzerland,2006,TOTAL,F,EFZ,70568.0,,learners
ch-bfs-learners-vet-form,CH,Switzerland,2007,TOTAL,F,EFZ,74357.0,,learners
ch-bfs-learners-vet-form,CH,Switzerland,2008,TOTAL,F,EFZ,79403.0,,learners
ch-bfs-learners-vet-form,CH,Switzerland,2009,TOTAL,F,EFZ,81365.0,,learners
ch-bfs-learners-vet-form,CH,Switzerland,2010,TOTAL,F,EFZ,82887.0,,learners
ch-bfs-learners-vet-form,CH,Switzerland,2011,TOTAL,F,EFZ,83727.0,,learners
ch-bfs-learners-vet-form,CH,Switzerland,2012,TOTAL,F,EFZ,84241.0,,learners
ch-bfs-learners-vet-form,CH,Switzerland,2013,TOTAL,F,EFZ,85319.0,,learners
ch-bfs-learners-vet-form,CH,Switzerland,2014,TOTAL,F,EFZ,87704.0,,learners
ch-bfs-learners-vet-form,CH,Switzerland,2015,TOTAL,F,EFZ,86658.0,,learners
ch-bfs-learners-vet-form,CH,Switzerland,2016,TOTAL,F,EFZ,85937.0,,learners
ch-bfs-learners-vet-form,CH,Switzerland,2017,TOTAL,F,EFZ,84469.0,,learners
ch-bfs-learners-vet-form,CH,Switzerland,2018,TOTAL,F,EFZ,82651.0,,learners
ch-bfs-learners-vet-form,CH,Switzerland,2019,TOTAL,F,EFZ,81251.0,,learners
ch-bfs-learners-vet-form,CH,Switzerland,2020,TOTAL,F,EFZ,80931.0,,learners
ch-bfs-learners-vet-form,CH,Switzerland,2021,TOTAL,F,EFZ,80530.0,,learners
ch-bfs-learners-vet-form,CH,Switzerland,2022,TOTAL,F,EFZ,80115.0,,learners
ch-bfs-learners-vet-form,CH,Switzerland,2023,TOTAL,F,EFZ,80654.0,,learners
ch-bfs-learners-vet-form,CH,Switzerland,2024,TOTAL,F,EFZ,82256.0,,learners
ch-bfs-learners-vet-form,CH,Switzerland,2025,TOTAL,F,EFZ,83587.0,,learners
ch-bfs-learners-vet-form,CH,Switzerland,2005,TOTAL,F,NONREG,4299.0,,learners
ch-bfs-learners-vet-form,CH,Switzerland,2006,TOTAL,F,NONREG,3653.0,,learners
ch-bfs-learners-vet-form,CH,Switzerland,2007,TOTAL,F,NONREG,1966.0,,learners
ch-bfs-learners-vet-form,CH,Switzerland,2008,TOTAL,F,NONREG,1763.0,,learners
ch-bfs-learners-vet-form,CH,Switzerland,2009,TOTAL,F,NONREG,1319.0,,learners
ch-bfs-learners-vet-form,CH,Switzerland,2010,TOTAL,F,NONREG,1372.0,,learners
ch-bfs-learners-vet-form,CH,Switzerland,2011,TOTAL,F,NONREG,235.0,,learners
ch-bfs-learners-vet-form,CH,Switzerland,2012,TOTAL,F,NONREG,70.0,,learners
ch-bfs-learners-vet-form,CH,Switzerland,2013,TOTAL,F,NONREG,80.0,,learners
ch-bfs-learners-vet-form,CH,Switzerland,2014,TOTAL,F,NONREG,72.0,,learners
ch-bfs-learners-vet-form,CH,Switzerland,2015,TOTAL,F,NONREG,82.0,,learners
ch-bfs-learners-vet-form,CH,Switzerland,2016,TOTAL,F,NONREG,67.0,,learners
ch-bfs-learners-vet-form,CH,Switzerland,2017,TOTAL,F,NONREG,46.0,,learners
ch-bfs-learners-vet-form,CH,Switzerland,2018,TOTAL,F,NONREG,20.0,,learners
ch-bfs-learners-vet-form,CH,Switzerland,2019,TOTAL,F,NONREG,0.0,,learners
ch-bfs-learners-vet-form,CH,Switzerland,2020,TOTAL,F,NONREG,0.0,,learners
ch-bfs-learners-vet-form,CH,Switzerland,2021,TOTAL,F,NONREG,0.0,,learners
ch-bfs-learners-vet-form,CH,Switzerland,2022,TOTAL,F,NONREG,0.0,,learners
ch-bfs-learners-vet-form,CH,Switzerland,2023,TOTAL,F,NONREG,0.0,,learners
ch-bfs-learners-vet-form,CH,Switzerland,2024,TOTAL,F,NONREG,0.0,,learners
ch-bfs-learners-vet-form,CH,Switzerland,2025,TOTAL,F,NONREG,0.0,,learners
ch-bfs-learners-vet-form,CH,Switzerland,2005,TOTAL,F,TOTAL,73639.0,,learners
ch-bfs-learners-vet-form,CH,Switzerland,2006,TOTAL,F,TOTAL,76465.0,,learners
ch-bfs-learners-vet-form,CH,Switzerland,2007,TOTAL,F,TOTAL,79152.0,,learners
ch-bfs-learners-vet-form,CH,Switzerland,2008,TOTAL,F,TOTAL,84465.0,,learners
ch-bfs-learners-vet-form,CH,Switzerland,2009,TOTAL,F,TOTAL,86430.0,,learners
ch-bfs-learners-vet-form,CH,Switzerland,2010,TOTAL,F,TOTAL,88065.0,,learners
ch-bfs-learners-vet-form,CH,Switzerland,2011,TOTAL,F,TOTAL,88047.0,,learners
ch-bfs-learners-vet-form,CH,Switzerland,2012,TOTAL,F,TOTAL,89329.0,,learners
ch-bfs-learners-vet-form,CH,Switzerland,2013,TOTAL,F,TOTAL,90866.0,,learners
ch-bfs-learners-vet-form,CH,Switzerland,2014,TOTAL,F,TOTAL,93369.0,,learners
ch-bfs-learners-vet-form,CH,Switzerland,2015,TOTAL,F,TOTAL,92475.0,,learners
ch-bfs-learners-vet-form,CH,Switzerland,2016,TOTAL,F,TOTAL,91634.0,,learners
ch-bfs-learners-vet-form,CH,Switzerland,2017,TOTAL,F,TOTAL,89945.0,,learners
ch-bfs-learners-vet-form,CH,Switzerland,2018,TOTAL,F,TOTAL,88078.0,,learners
ch-bfs-learners-vet-form,CH,Switzerland,2019,TOTAL,F,TOTAL,86641.0,,learners
ch-bfs-learners-vet-form,CH,Switzerland,2020,TOTAL,F,TOTAL,86253.0,,learners
ch-bfs-learners-vet-form,CH,Switzerland,2021,TOTAL,F,TOTAL,85837.0,,learners
ch-bfs-learners-vet-form,CH,Switzerland,2022,TOTAL,F,TOTAL,85176.0,,learners
ch-bfs-learners-vet-form,CH,Switzerland,2023,TOTAL,F,TOTAL,85387.0,,learners
ch-bfs-learners-vet-form,CH,Switzerland,2024,TOTAL,F,TOTAL,86916.0,,learners
ch-bfs-learners-vet-form,CH,Switzerland,2025,TOTAL,F,TOTAL,88228.0,,learners
ch-bfs-learners-vet-form,CH,Switzerland,2005,TOTAL,M,EBA,619.0,,learners
ch-bfs-learners-vet-form,CH,Switzerland,2006,TOTAL,M,EBA,1386.0,,learners
ch-bfs-learners-vet-form,CH,Switzerland,2007,TOTAL,M,EBA,2260.0,,learners
ch-bfs-learners-vet-form,CH,Switzerland,2008,TOTAL,M,EBA,3431.0,,learners
ch-bfs-learners-vet-form,CH,Switzerland,2009,TOTAL,M,EBA,4233.0,,learners
ch-bfs-learners-vet-form,CH,Switzerland,2010,TOTAL,M,EBA,4651.0,,learners
ch-bfs-learners-vet-form,CH,Switzerland,2011,TOTAL,M,EBA,5331.0,,learners
ch-bfs-learners-vet-form,CH,Switzerland,2012,TOTAL,M,EBA,6063.0,,learners
ch-bfs-learners-vet-form,CH,Switzerland,2013,TOTAL,M,EBA,6615.0,,learners
ch-bfs-learners-vet-form,CH,Switzerland,2014,TOTAL,M,EBA,6910.0,,learners
ch-bfs-learners-vet-form,CH,Switzerland,2015,TOTAL,M,EBA,7214.0,,learners
ch-bfs-learners-vet-form,CH,Switzerland,2016,TOTAL,M,EBA,7774.0,,learners
ch-bfs-learners-vet-form,CH,Switzerland,2017,TOTAL,M,EBA,7970.0,,learners
ch-bfs-learners-vet-form,CH,Switzerland,2018,TOTAL,M,EBA,8446.0,,learners
ch-bfs-learners-vet-form,CH,Switzerland,2019,TOTAL,M,EBA,9117.0,,learners
ch-bfs-learners-vet-form,CH,Switzerland,2020,TOTAL,M,EBA,9313.0,,learners
ch-bfs-learners-vet-form,CH,Switzerland,2021,TOTAL,M,EBA,9072.0,,learners
ch-bfs-learners-vet-form,CH,Switzerland,2022,TOTAL,M,EBA,8482.0,,learners
ch-bfs-learners-vet-form,CH,Switzerland,2023,TOTAL,M,EBA,8056.0,,learners
ch-bfs-learners-vet-form,CH,Switzerland,2024,TOTAL,M,EBA,7828.0,,learners
ch-bfs-learners-vet-form,CH,Switzerland,2025,TOTAL,M,EBA,8142.0,,learners
ch-bfs-learners-vet-form,CH,Switzerland,2005,TOTAL,M,EFZ,109978.0,,learners
ch-bfs-learners-vet-form,CH,Switzerland,2006,TOTAL,M,EFZ,112540.0,,learners
ch-bfs-learners-vet-form,CH,Switzerland,2007,TOTAL,M,EFZ,114044.0,,learners
ch-bfs-learners-vet-form,CH,Switzerland,2008,TOTAL,M,EFZ,116625.0,,learners
ch-bfs-learners-vet-form,CH,Switzerland,2009,TOTAL,M,EFZ,117109.0,,learners
ch-bfs-learners-vet-form,CH,Switzerland,2010,TOTAL,M,EFZ,117276.0,,learners
ch-bfs-learners-vet-form,CH,Switzerland,2011,TOTAL,M,EFZ,118785.0,,learners
ch-bfs-learners-vet-form,CH,Switzerland,2012,TOTAL,M,EFZ,118985.0,,learners
ch-bfs-learners-vet-form,CH,Switzerland,2013,TOTAL,M,EFZ,119449.0,,learners
ch-bfs-learners-vet-form,CH,Switzerland,2014,TOTAL,M,EFZ,122101.0,,learners
ch-bfs-learners-vet-form,CH,Switzerland,2015,TOTAL,M,EFZ,121397.0,,learners
ch-bfs-learners-vet-form,CH,Switzerland,2016,TOTAL,M,EFZ,120371.0,,learners
ch-bfs-learners-vet-form,CH,Switzerland,2017,TOTAL,M,EFZ,119838.0,,learners
ch-bfs-learners-vet-form,CH,Switzerland,2018,TOTAL,M,EFZ,118264.0,,learners
ch-bfs-learners-vet-form,CH,Switzerland,2019,TOTAL,M,EFZ,116974.0,,learners
ch-bfs-learners-vet-form,CH,Switzerland,2020,TOTAL,M,EFZ,116320.0,,learners
ch-bfs-learners-vet-form,CH,Switzerland,2021,TOTAL,M,EFZ,115843.0,,learners
ch-bfs-learners-vet-form,CH,Switzerland,2022,TOTAL,M,EFZ,114731.0,,learners
ch-bfs-learners-vet-form,CH,Switzerland,2023,TOTAL,M,EFZ,115779.0,,learners
ch-bfs-learners-vet-form,CH,Switzerland,2024,TOTAL,M,EFZ,116882.0,,learners
ch-bfs-learners-vet-form,CH,Switzerland,2025,TOTAL,M,EFZ,118682.0,,learners
ch-bfs-learners-vet-form,CH,Switzerland,2005,TOTAL,M,NONREG,1176.0,,learners
ch-bfs-learners-vet-form,CH,Switzerland,2006,TOTAL,M,NONREG,1157.0,,learners
ch-bfs-learners-vet-form,CH,Switzerland,2007,TOTAL,M,NONREG,1039.0,,learners
ch-bfs-learners-vet-form,CH,Switzerland,2008,TOTAL,M,NONREG,983.0,,learners
ch-bfs-learners-vet-form,CH,Switzerland,2009,TOTAL,M,NONREG,692.0,,learners
ch-bfs-learners-vet-form,CH,Switzerland,2010,TOTAL,M,NONREG,908.0,,learners
ch-bfs-learners-vet-form,CH,Switzerland,2011,TOTAL,M,NONREG,48.0,,learners
ch-bfs-learners-vet-form,CH,Switzerland,2012,TOTAL,M,NONREG,19.0,,learners
ch-bfs-learners-vet-form,CH,Switzerland,2013,TOTAL,M,NONREG,15.0,,learners
ch-bfs-learners-vet-form,CH,Switzerland,2014,TOTAL,M,NONREG,18.0,,learners
ch-bfs-learners-vet-form,CH,Switzerland,2015,TOTAL,M,NONREG,14.0,,learners
ch-bfs-learners-vet-form,CH,Switzerland,2016,TOTAL,M,NONREG,19.0,,learners
ch-bfs-learners-vet-form,CH,Switzerland,2017,TOTAL,M,NONREG,13.0,,learners
ch-bfs-learners-vet-form,CH,Switzerland,2018,TOTAL,M,NONREG,10.0,,learners
ch-bfs-learners-vet-form,CH,Switzerland,2019,TOTAL,M,NONREG,0.0,,learners
ch-bfs-learners-vet-form,CH,Switzerland,2020,TOTAL,M,NONREG,1.0,,learners
ch-bfs-learners-vet-form,CH,Switzerland,2021,TOTAL,M,NONREG,0.0,,learners
ch-bfs-learners-vet-form,CH,Switzerland,2022,TOTAL,M,NONREG,0.0,,learners
ch-bfs-learners-vet-form,CH,Switzerland,2023,TOTAL,M,NONREG,0.0,,learners
ch-bfs-learners-vet-form,CH,Switzerland,2024,TOTAL,M,NONREG,0.0,,learners
ch-bfs-learners-vet-form,CH,Switzerland,2025,TOTAL,M,NONREG,0.0,,learners
ch-bfs-learners-vet-form,CH,Switzerland,2005,TOTAL,M,TOTAL,111773.0,,learners
ch-bfs-learners-vet-form,CH,Switzerland,2006,TOTAL,M,TOTAL,115083.0,,learners
ch-bfs-learners-vet-form,CH,Switzerland,2007,TOTAL,M,TOTAL,117343.0,,learners
ch-bfs-learners-vet-form,CH,Switzerland,2008,TOTAL,M,TOTAL,121039.0,,learners
ch-bfs-learners-vet-form,CH,Switzerland,2009,TOTAL,M,TOTAL,122034.0,,learners
ch-bfs-learners-vet-form,CH,Switzerland,2010,TOTAL,M,TOTAL,122835.0,,learners
ch-bfs-learners-vet-form,CH,Switzerland,2011,TOTAL,M,TOTAL,124164.0,,learners
ch-bfs-learners-vet-form,CH,Switzerland,2012,TOTAL,M,TOTAL,125067.0,,learners
ch-bfs-learners-vet-form,CH,Switzerland,2013,TOTAL,M,TOTAL,126079.0,,learners
ch-bfs-learners-vet-form,CH,Switzerland,2014,TOTAL,M,TOTAL,129029.0,,learners
ch-bfs-learners-vet-form,CH,Switzerland,2015,TOTAL,M,TOTAL,128625.0,,learners
ch-bfs-learners-vet-form,CH,Switzerland,2016,TOTAL,M,TOTAL,128164.0,,learners
ch-bfs-learners-vet-form,CH,Switzerland,2017,TOTAL,M,TOTAL,127821.0,,learners
ch-bfs-learners-vet-form,CH,Switzerland,2018,TOTAL,M,TOTAL,126720.0,,learners
ch-bfs-learners-vet-form,CH,Switzerland,2019,TOTAL,M,TOTAL,126091.0,,learners
ch-bfs-learners-vet-form,CH,Switzerland,2020,TOTAL,M,TOTAL,125634.0,,learners
ch-bfs-learners-vet-form,CH,Switzerland,2021,TOTAL,M,TOTAL,124915.0,,learners
ch-bfs-learners-vet-form,CH,Switzerland,2022,TOTAL,M,TOTAL,123213.0,,learners
ch-bfs-learners-vet-form,CH,Switzerland,2023,TOTAL,M,TOTAL,123835.0,,learners
ch-bfs-learners-vet-form,CH,Switzerland,2024,TOTAL,M,TOTAL,124710.0,,learners
ch-bfs-learners-vet-form,CH,Switzerland,2025,TOTAL,M,TOTAL,126824.0,,learners
ch-bfs-learners-vet-form,CH,Switzerland,2005,TOTAL,T,EBA,1604.0,,learners
ch-bfs-learners-vet-form,CH,Switzerland,2006,TOTAL,T,EBA,3630.0,,learners
ch-bfs-learners-vet-form,CH,Switzerland,2007,TOTAL,T,EBA,5089.0,,learners
ch-bfs-learners-vet-form,CH,Switzerland,2008,TOTAL,T,EBA,6730.0,,learners
ch-bfs-learners-vet-form,CH,Switzerland,2009,TOTAL,T,EBA,7979.0,,learners
ch-bfs-learners-vet-form,CH,Switzerland,2010,TOTAL,T,EBA,8457.0,,learners
ch-bfs-learners-vet-form,CH,Switzerland,2011,TOTAL,T,EBA,9416.0,,learners
ch-bfs-learners-vet-form,CH,Switzerland,2012,TOTAL,T,EBA,11081.0,,learners
ch-bfs-learners-vet-form,CH,Switzerland,2013,TOTAL,T,EBA,12082.0,,learners
ch-bfs-learners-vet-form,CH,Switzerland,2014,TOTAL,T,EBA,12503.0,,learners
ch-bfs-learners-vet-form,CH,Switzerland,2015,TOTAL,T,EBA,12949.0,,learners
ch-bfs-learners-vet-form,CH,Switzerland,2016,TOTAL,T,EBA,13404.0,,learners
ch-bfs-learners-vet-form,CH,Switzerland,2017,TOTAL,T,EBA,13400.0,,learners
ch-bfs-learners-vet-form,CH,Switzerland,2018,TOTAL,T,EBA,13853.0,,learners
ch-bfs-learners-vet-form,CH,Switzerland,2019,TOTAL,T,EBA,14507.0,,learners
ch-bfs-learners-vet-form,CH,Switzerland,2020,TOTAL,T,EBA,14635.0,,learners
ch-bfs-learners-vet-form,CH,Switzerland,2021,TOTAL,T,EBA,14379.0,,learners
ch-bfs-learners-vet-form,CH,Switzerland,2022,TOTAL,T,EBA,13543.0,,learners
ch-bfs-learners-vet-form,CH,Switzerland,2023,TOTAL,T,EBA,12789.0,,learners
ch-bfs-learners-vet-form,CH,Switzerland,2024,TOTAL,T,EBA,12488.0,,learners
ch-bfs-learners-vet-form,CH,Switzerland,2025,TOTAL,T,EBA,12783.0,,learners
ch-bfs-learners-vet-form,CH,Switzerland,2005,TOTAL,T,EFZ,178333.0,,learners
ch-bfs-learners-vet-form,CH,Switzerland,2006,TOTAL,T,EFZ,183108.0,,learners
ch-bfs-learners-vet-form,CH,Switzerland,2007,TOTAL,T,EFZ,188401.0,,learners
ch-bfs-learners-vet-form,CH,Switzerland,2008,TOTAL,T,EFZ,196028.0,,learners
ch-bfs-learners-vet-form,CH,Switzerland,2009,TOTAL,T,EFZ,198474.0,,learners
ch-bfs-learners-vet-form,CH,Switzerland,2010,TOTAL,T,EFZ,200163.0,,learners
ch-bfs-learners-vet-form,CH,Switzerland,2011,TOTAL,T,EFZ,202512.0,,learners
ch-bfs-learners-vet-form,CH,Switzerland,2012,TOTAL,T,EFZ,203226.0,,learners
ch-bfs-learners-vet-form,CH,Switzerland,2013,TOTAL,T,EFZ,204768.0,,learners
ch-bfs-learners-vet-form,CH,Switzerland,2014,TOTAL,T,EFZ,209805.0,,learners
ch-bfs-learners-vet-form,CH,Switzerland,2015,TOTAL,T,EFZ,208055.0,,learners
ch-bfs-learners-vet-form,CH,Switzerland,2016,TOTAL,T,EFZ,206308.0,,learners
ch-bfs-learners-vet-form,CH,Switzerland,2017,TOTAL,T,EFZ,204307.0,,learners
ch-bfs-learners-vet-form,CH,Switzerland,2018,TOTAL,T,EFZ,200915.0,,learners
ch-bfs-learners-vet-form,CH,Switzerland,2019,TOTAL,T,EFZ,198225.0,,learners
ch-bfs-learners-vet-form,CH,Switzerland,2020,TOTAL,T,EFZ,197251.0,,learners
ch-bfs-learners-vet-form,CH,Switzerland,2021,TOTAL,T,EFZ,196373.0,,learners
ch-bfs-learners-vet-form,CH,Switzerland,2022,TOTAL,T,EFZ,194846.0,,learners
ch-bfs-learners-vet-form,CH,Switzerland,2023,TOTAL,T,EFZ,196433.0,,learners
ch-bfs-learners-vet-form,CH,Switzerland,2024,TOTAL,T,EFZ,199138.0,,learners
ch-bfs-learners-vet-form,CH,Switzerland,2025,TOTAL,T,EFZ,202269.0,,learners
ch-bfs-learners-vet-form,CH,Switzerland,2005,TOTAL,T,NONREG,5475.0,,learners
ch-bfs-learners-vet-form,CH,Switzerland,2006,TOTAL,T,NONREG,4810.0,,learners
ch-bfs-learners-vet-form,CH,Switzerland,2007,TOTAL,T,NONREG,3005.0,,learners
ch-bfs-learners-vet-form,CH,Switzerland,2008,TOTAL,T,NONREG,2746.0,,learners
ch-bfs-learners-vet-form,CH,Switzerland,2009,TOTAL,T,NONREG,2011.0,,learners
ch-bfs-learners-vet-form,CH,Switzerland,2010,TOTAL,T,NONREG,2280.0,,learners
ch-bfs-learners-vet-form,CH,Switzerland,2011,TOTAL,T,NONREG,283.0,,learners
ch-bfs-learners-vet-form,CH,Switzerland,2012,TOTAL,T,NONREG,89.0,,learners
ch-bfs-learners-vet-form,CH,Switzerland,2013,TOTAL,T,NONREG,95.0,,learners
ch-bfs-learners-vet-form,CH,Switzerland,2014,TOTAL,T,NONREG,90.0,,learners
ch-bfs-learners-vet-form,CH,Switzerland,2015,TOTAL,T,NONREG,96.0,,learners
ch-bfs-learners-vet-form,CH,Switzerland,2016,TOTAL,T,NONREG,86.0,,learners
ch-bfs-learners-vet-form,CH,Switzerland,2017,TOTAL,T,NONREG,59.0,,learners
ch-bfs-learners-vet-form,CH,Switzerland,2018,TOTAL,T,NONREG,30.0,,learners
ch-bfs-learners-vet-form,CH,Switzerland,2019,TOTAL,T,NONREG,0.0,,learners
ch-bfs-learners-vet-form,CH,Switzerland,2020,TOTAL,T,NONREG,1.0,,learners
ch-bfs-learners-vet-form,CH,Switzerland,2021,TOTAL,T,NONREG,0.0,,learners
ch-bfs-learners-vet-form,CH,Switzerland,2022,TOTAL,T,NONREG,0.0,,learners
ch-bfs-learners-vet-form,CH,Switzerland,2023,TOTAL,T,NONREG,0.0,,learners
ch-bfs-learners-vet-form,CH,Switzerland,2024,TOTAL,T,NONREG,0.0,,learners
ch-bfs-learners-vet-form,CH,Switzerland,2025,TOTAL,T,NONREG,0.0,,learners
ch-bfs-learners-vet-form,CH,Switzerland,2005,TOTAL,T,TOTAL,185412.0,,learners
ch-bfs-learners-vet-form,CH,Switzerland,2006,TOTAL,T,TOTAL,191548.0,,learners
ch-bfs-learners-vet-form,CH,Switzerland,2007,TOTAL,T,TOTAL,196495.0,,learners
ch-bfs-learners-vet-form,CH,Switzerland,2008,TOTAL,T,TOTAL,205504.0,,learners
ch-bfs-learners-vet-form,CH,Switzerland,2009,TOTAL,T,TOTAL,208464.0,,learners
ch-bfs-learners-vet-form,CH,Switzerland,2010,TOTAL,T,TOTAL,210900.0,,learners
ch-bfs-learners-vet-form,CH,Switzerland,2011,TOTAL,T,TOTAL,212211.0,,learners
ch-bfs-learners-vet-form,CH,Switzerland,2012,TOTAL,T,TOTAL,214396.0,,learners
ch-bfs-learners-vet-form,CH,Switzerland,2013,TOTAL,T,TOTAL,216945.0,,learners
ch-bfs-learners-vet-form,CH,Switzerland,2014,TOTAL,T,TOTAL,222398.0,,learners
ch-bfs-learners-vet-form,CH,Switzerland,2015,TOTAL,T,TOTAL,221100.0,,learners
ch-bfs-learners-vet-form,CH,Switzerland,2016,TOTAL,T,TOTAL,219798.0,,learners
ch-bfs-learners-vet-form,CH,Switzerland,2017,TOTAL,T,TOTAL,217766.0,,learners
ch-bfs-learners-vet-form,CH,Switzerland,2018,TOTAL,T,TOTAL,214798.0,,learners
ch-bfs-learners-vet-form,CH,Switzerland,2019,TOTAL,T,TOTAL,212732.0,,learners
ch-bfs-learners-vet-form,CH,Switzerland,2020,TOTAL,T,TOTAL,211887.0,,learners
ch-bfs-learners-vet-form,CH,Switzerland,2021,TOTAL,T,TOTAL,210752.0,,learners
ch-bfs-learners-vet-form,CH,Switzerland,2022,TOTAL,T,TOTAL,208389.0,,learners
ch-bfs-learners-vet-form,CH,Switzerland,2023,TOTAL,T,TOTAL,209222.0,,learners
ch-bfs-learners-vet-form,CH,Switzerland,2024,TOTAL,T,TOTAL,211626.0,,learners
ch-bfs-learners-vet-form,CH,Switzerland,2025,TOTAL,T,TOTAL,215052.0,,learners
ch-bfs-learners-vet-form,CH,Switzerland,2005,UNK,F,EBA,985.0,,learners
ch-bfs-learners-vet-form,CH,Switzerland,2006,UNK,F,EBA,2244.0,,learners
ch-bfs-learners-vet-form,CH,Switzerland,2007,UNK,F,EBA,0.0,,learners
ch-bfs-learners-vet-form,CH,Switzerland,2008,UNK,F,EBA,0.0,,learners
ch-bfs-learners-vet-form,CH,Switzerland,2009,UNK,F,EBA,0.0,,learners
ch-bfs-learners-vet-form,CH,Switzerland,2010,UNK,F,EBA,0.0,,learners
ch-bfs-learners-vet-form,CH,Switzerland,2011,UNK,F,EBA,0.0,,learners
ch-bfs-learners-vet-form,CH,Switzerland,2012,UNK,F,EBA,0.0,,learners
ch-bfs-learners-vet-form,CH,Switzerland,2013,UNK,F,EBA,0.0,,learners
ch-bfs-learners-vet-form,CH,Switzerland,2014,UNK,F,EBA,0.0,,learners
ch-bfs-learners-vet-form,CH,Switzerland,2015,UNK,F,EBA,0.0,,learners
ch-bfs-learners-vet-form,CH,Switzerland,2016,UNK,F,EBA,0.0,,learners
ch-bfs-learners-vet-form,CH,Switzerland,2017,UNK,F,EBA,0.0,,learners
ch-bfs-learners-vet-form,CH,Switzerland,2018,UNK,F,EBA,0.0,,learners
ch-bfs-learners-vet-form,CH,Switzerland,2019,UNK,F,EBA,0.0,,learners
ch-bfs-learners-vet-form,CH,Switzerland,2020,UNK,F,EBA,0.0,,learners
ch-bfs-learners-vet-form,CH,Switzerland,2021,UNK,F,EBA,0.0,,learners
ch-bfs-learners-vet-form,CH,Switzerland,2022,UNK,F,EBA,0.0,,learners
ch-bfs-learners-vet-form,CH,Switzerland,2023,UNK,F,EBA,0.0,,learners
ch-bfs-learners-vet-form,CH,Switzerland,2024,UNK,F,EBA,0.0,,learners
ch-bfs-learners-vet-form,CH,Switzerland,2025,UNK,F,EBA,0.0,,learners
ch-bfs-learners-vet-form,CH,Switzerland,2005,UNK,F,EFZ,68355.0,,learners
ch-bfs-learners-vet-form,CH,Switzerland,2006,UNK,F,EFZ,70568.0,,learners
ch-bfs-learners-vet-form,CH,Switzerland,2007,UNK,F,EFZ,0.0,,learners
ch-bfs-learners-vet-form,CH,Switzerland,2008,UNK,F,EFZ,0.0,,learners
ch-bfs-learners-vet-form,CH,Switzerland,2009,UNK,F,EFZ,0.0,,learners
ch-bfs-learners-vet-form,CH,Switzerland,2010,UNK,F,EFZ,0.0,,learners
ch-bfs-learners-vet-form,CH,Switzerland,2011,UNK,F,EFZ,0.0,,learners
ch-bfs-learners-vet-form,CH,Switzerland,2012,UNK,F,EFZ,0.0,,learners
ch-bfs-learners-vet-form,CH,Switzerland,2013,UNK,F,EFZ,0.0,,learners
ch-bfs-learners-vet-form,CH,Switzerland,2014,UNK,F,EFZ,0.0,,learners
ch-bfs-learners-vet-form,CH,Switzerland,2015,UNK,F,EFZ,0.0,,learners
ch-bfs-learners-vet-form,CH,Switzerland,2016,UNK,F,EFZ,0.0,,learners
ch-bfs-learners-vet-form,CH,Switzerland,2017,UNK,F,EFZ,0.0,,learners
ch-bfs-learners-vet-form,CH,Switzerland,2018,UNK,F,EFZ,0.0,,learners
ch-bfs-learners-vet-form,CH,Switzerland,2019,UNK,F,EFZ,0.0,,learners
ch-bfs-learners-vet-form,CH,Switzerland,2020,UNK,F,EFZ,0.0,,learners
ch-bfs-learners-vet-form,CH,Switzerland,2021,UNK,F,EFZ,0.0,,learners
ch-bfs-learners-vet-form,CH,Switzerland,2022,UNK,F,EFZ,0.0,,learners
ch-bfs-learners-vet-form,CH,Switzerland,2023,UNK,F,EFZ,0.0,,learners
ch-bfs-learners-vet-form,CH,Switzerland,2024,UNK,F,EFZ,0.0,,learners
ch-bfs-learners-vet-form,CH,Switzerland,2025,UNK,F,EFZ,0.0,,learners
ch-bfs-learners-vet-form,CH,Switzerland,2005,UNK,F,NONREG,4299.0,,learners
ch-bfs-learners-vet-form,CH,Switzerland,2006,UNK,F,NONREG,3653.0,,learners
ch-bfs-learners-vet-form,CH,Switzerland,2007,UNK,F,NONREG,0.0,,learners
ch-bfs-learners-vet-form,CH,Switzerland,2008,UNK,F,NONREG,0.0,,learners
ch-bfs-learners-vet-form,CH,Switzerland,2009,UNK,F,NONREG,0.0,,learners
ch-bfs-learners-vet-form,CH,Switzerland,2010,UNK,F,NONREG,0.0,,learners
ch-bfs-learners-vet-form,CH,Switzerland,2011,UNK,F,NONREG,0.0,,learners
ch-bfs-learners-vet-form,CH,Switzerland,2012,UNK,F,NONREG,0.0,,learners
ch-bfs-learners-vet-form,CH,Switzerland,2013,UNK,F,NONREG,0.0,,learners
ch-bfs-learners-vet-form,CH,Switzerland,2014,UNK,F,NONREG,0.0,,learners
ch-bfs-learners-vet-form,CH,Switzerland,2015,UNK,F,NONREG,0.0,,learners
ch-bfs-learners-vet-form,CH,Switzerland,2016,UNK,F,NONREG,0.0,,learners
ch-bfs-learners-vet-form,CH,Switzerland,2017,UNK,F,NONREG,0.0,,learners
ch-bfs-learners-vet-form,CH,Switzerland,2018,UNK,F,NONREG,0.0,,learners
ch-bfs-learners-vet-form,CH,Switzerland,2019,UNK,F,NONREG,0.0,,learners
ch-bfs-learners-vet-form,CH,Switzerland,2020,UNK,F,NONREG,0.0,,learners
ch-bfs-learners-vet-form,CH,Switzerland,2021,UNK,F,NONREG,0.0,,learners
ch-bfs-learners-vet-form,CH,Switzerland,2022,UNK,F,NONREG,0.0,,learners
ch-bfs-learners-vet-form,CH,Switzerland,2023,UNK,F,NONREG,0.0,,learners
ch-bfs-learners-vet-form,CH,Switzerland,2024,UNK,F,NONREG,0.0,,learners
ch-bfs-learners-vet-form,CH,Switzerland,2025,UNK,F,NONREG,0.0,,learners
ch-bfs-learners-vet-form,CH,Switzerland,2005,UNK,F,TOTAL,73639.0,,learners
ch-bfs-learners-vet-form,CH,Switzerland,2006,UNK,F,TOTAL,76465.0,,learners
ch-bfs-learners-vet-form,CH,Switzerland,2007,UNK,F,TOTAL,0.0,,learners
ch-bfs-learners-vet-form,CH,Switzerland,2008,UNK,F,TOTAL,0.0,,learners
ch-bfs-learners-vet-form,CH,Switzerland,2009,UNK,F,TOTAL,0.0,,learners
ch-bfs-learners-vet-form,CH,Switzerland,2010,UNK,F,TOTAL,0.0,,learners
ch-bfs-learners-vet-form,CH,Switzerland,2011,UNK,F,TOTAL,0.0,,learners
ch-bfs-learners-vet-form,CH,Switzerland,2012,UNK,F,TOTAL,0.0,,learners
ch-bfs-learners-vet-form,CH,Switzerland,2013,UNK,F,TOTAL,0.0,,learners
ch-bfs-learners-vet-form,CH,Switzerland,2014,UNK,F,TOTAL,0.0,,learners
ch-bfs-learners-vet-form,CH,Switzerland,2015,UNK,F,TOTAL,0.0,,learners
ch-bfs-learners-vet-form,CH,Switzerland,2016,UNK,F,TOTAL,0.0,,learners
ch-bfs-learners-vet-form,CH,Switzerland,2017,UNK,F,TOTAL,0.0,,learners
ch-bfs-learners-vet-form,CH,Switzerland,2018,UNK,F,TOTAL,0.0,,learners
ch-bfs-learners-vet-form,CH,Switzerland,2019,UNK,F,TOTAL,0.0,,learners
ch-bfs-learners-vet-form,CH,Switzerland,2020,UNK,F,TOTAL,0.0,,learners
ch-bfs-learners-vet-form,CH,Switzerland,2021,UNK,F,TOTAL,0.0,,learners
ch-bfs-learners-vet-form,CH,Switzerland,2022,UNK,F,TOTAL,0.0,,learners
ch-bfs-learners-vet-form,CH,Switzerland,2023,UNK,F,TOTAL,0.0,,learners
ch-bfs-learners-vet-form,CH,Switzerland,2024,UNK,F,TOTAL,0.0,,learners
ch-bfs-learners-vet-form,CH,Switzerland,2025,UNK,F,TOTAL,0.0,,learners
ch-bfs-learners-vet-form,CH,Switzerland,2005,UNK,M,EBA,619.0,,learners
ch-bfs-learners-vet-form,CH,Switzerland,2006,UNK,M,EBA,1386.0,,learners
ch-bfs-learners-vet-form,CH,Switzerland,2007,UNK,M,EBA,0.0,,learners
ch-bfs-learners-vet-form,CH,Switzerland,2008,UNK,M,EBA,0.0,,learners
ch-bfs-learners-vet-form,CH,Switzerland,2009,UNK,M,EBA,0.0,,learners
ch-bfs-learners-vet-form,CH,Switzerland,2010,UNK,M,EBA,0.0,,learners
ch-bfs-learners-vet-form,CH,Switzerland,2011,UNK,M,EBA,0.0,,learners
ch-bfs-learners-vet-form,CH,Switzerland,2012,UNK,M,EBA,0.0,,learners
ch-bfs-learners-vet-form,CH,Switzerland,2013,UNK,M,EBA,0.0,,learners
ch-bfs-learners-vet-form,CH,Switzerland,2014,UNK,M,EBA,0.0,,learners
ch-bfs-learners-vet-form,CH,Switzerland,2015,UNK,M,EBA,0.0,,learners
ch-bfs-learners-vet-form,CH,Switzerland,2016,UNK,M,EBA,0.0,,learners
ch-bfs-learners-vet-form,CH,Switzerland,2017,UNK,M,EBA,0.0,,learners
ch-bfs-learners-vet-form,CH,Switzerland,2018,UNK,M,EBA,0.0,,learners
ch-bfs-learners-vet-form,CH,Switzerland,2019,UNK,M,EBA,0.0,,learners
ch-bfs-learners-vet-form,CH,Switzerland,2020,UNK,M,EBA,0.0,,learners
ch-bfs-learners-vet-form,CH,Switzerland,2021,UNK,M,EBA,0.0,,learners
ch-bfs-learners-vet-form,CH,Switzerland,2022,UNK,M,EBA,0.0,,learners
ch-bfs-learners-vet-form,CH,Switzerland,2023,UNK,M,EBA,0.0,,learners
ch-bfs-learners-vet-form,CH,Switzerland,2024,UNK,M,EBA,0.0,,learners
ch-bfs-learners-vet-form,CH,Switzerland,2025,UNK,M,EBA,0.0,,learners
ch-bfs-learners-vet-form,CH,Switzerland,2005,UNK,M,EFZ,109978.0,,learners
ch-bfs-learners-vet-form,CH,Switzerland,2006,UNK,M,EFZ,112540.0,,learners
ch-bfs-learners-vet-form,CH,Switzerland,2007,UNK,M,EFZ,0.0,,learners
ch-bfs-learners-vet-form,CH,Switzerland,2008,UNK,M,EFZ,0.0,,learners
ch-bfs-learners-vet-form,CH,Switzerland,2009,UNK,M,EFZ,0.0,,learners
ch-bfs-learners-vet-form,CH,Switzerland,2010,UNK,M,EFZ,0.0,,learners
ch-bfs-learners-vet-form,CH,Switzerland,2011,UNK,M,EFZ,0.0,,learners
ch-bfs-learners-vet-form,CH,Switzerland,2012,UNK,M,EFZ,0.0,,learners
ch-bfs-learners-vet-form,CH,Switzerland,2013,UNK,M,EFZ,0.0,,learners
ch-bfs-learners-vet-form,CH,Switzerland,2014,UNK,M,EFZ,0.0,,learners
ch-bfs-learners-vet-form,CH,Switzerland,2015,UNK,M,EFZ,0.0,,learners
ch-bfs-learners-vet-form,CH,Switzerland,2016,UNK,M,EFZ,0.0,,learners
ch-bfs-learners-vet-form,CH,Switzerland,2017,UNK,M,EFZ,0.0,,learners
ch-bfs-learners-vet-form,CH,Switzerland,2018,UNK,M,EFZ,0.0,,learners
ch-bfs-learners-vet-form,CH,Switzerland,2019,UNK,M,EFZ,0.0,,learners
ch-bfs-learners-vet-form,CH,Switzerland,2020,UNK,M,EFZ,0.0,,learners
ch-bfs-learners-vet-form,CH,Switzerland,2021,UNK,M,EFZ,0.0,,learners
ch-bfs-learners-vet-form,CH,Switzerland,2022,UNK,M,EFZ,0.0,,learners
ch-bfs-learners-vet-form,CH,Switzerland,2023,UNK,M,EFZ,0.0,,learners
ch-bfs-learners-vet-form,CH,Switzerland,2024,UNK,M,EFZ,0.0,,learners
ch-bfs-learners-vet-form,CH,Switzerland,2025,UNK,M,EFZ,0.0,,learners
ch-bfs-learners-vet-form,CH,Switzerland,2005,UNK,M,NONREG,1176.0,,learners
ch-bfs-learners-vet-form,CH,Switzerland,2006,UNK,M,NONREG,1157.0,,learners
ch-bfs-learners-vet-form,CH,Switzerland,2007,UNK,M,NONREG,0.0,,learners
ch-bfs-learners-vet-form,CH,Switzerland,2008,UNK,M,NONREG,0.0,,learners
ch-bfs-learners-vet-form,CH,Switzerland,2009,UNK,M,NONREG,0.0,,learners
ch-bfs-learners-vet-form,CH,Switzerland,2010,UNK,M,NONREG,0.0,,learners
ch-bfs-learners-vet-form,CH,Switzerland,2011,UNK,M,NONREG,0.0,,learners
ch-bfs-learners-vet-form,CH,Switzerland,2012,UNK,M,NONREG,0.0,,learners
ch-bfs-learners-vet-form,CH,Switzerland,2013,UNK,M,NONREG,0.0,,learners
ch-bfs-learners-vet-form,CH,Switzerland,2014,UNK,M,NONREG,0.0,,learners
ch-bfs-learners-vet-form,CH,Switzerland,2015,UNK,M,NONREG,0.0,,learners
ch-bfs-learners-vet-form,CH,Switzerland,2016,UNK,M,NONREG,0.0,,learners
ch-bfs-learners-vet-form,CH,Switzerland,2017,UNK,M,NONREG,0.0,,learners
ch-bfs-learners-vet-form,CH,Switzerland,2018,UNK,M,NONREG,0.0,,learners
ch-bfs-learners-vet-form,CH,Switzerland,2019,UNK,M,NONREG,0.0,,learners
ch-bfs-learners-vet-form,CH,Switzerland,2020,UNK,M,NONREG,0.0,,learners
ch-bfs-learners-vet-form,CH,Switzerland,2021,UNK,M,NONREG,0.0,,learners
ch-bfs-learners-vet-form,CH,Switzerland,2022,UNK,M,NONREG,0.0,,learners
ch-bfs-learners-vet-form,CH,Switzerland,2023,UNK,M,NONREG,0.0,,learners
ch-bfs-learners-vet-form,CH,Switzerland,2024,UNK,M,NONREG,0.0,,learners
ch-bfs-learners-vet-form,CH,Switzerland,2025,UNK,M,NONREG,0.0,,learners
ch-bfs-learners-vet-form,CH,Switzerland,2005,UNK,M,TOTAL,111773.0,,learners
ch-bfs-learners-vet-form,CH,Switzerland,2006,UNK,M,TOTAL,115083.0,,learners
ch-bfs-learners-vet-form,CH,Switzerland,2007,UNK,M,TOTAL,0.0,,learners
ch-bfs-learners-vet-form,CH,Switzerland,2008,UNK,M,TOTAL,0.0,,learners
ch-bfs-learners-vet-form,CH,Switzerland,2009,UNK,M,TOTAL,0.0,,learners
ch-bfs-learners-vet-form,CH,Switzerland,2010,UNK,M,TOTAL,0.0,,learners
ch-bfs-learners-vet-form,CH,Switzerland,2011,UNK,M,TOTAL,0.0,,learners
ch-bfs-learners-vet-form,CH,Switzerland,2012,UNK,M,TOTAL,0.0,,learners
ch-bfs-learners-vet-form,CH,Switzerland,2013,UNK,M,TOTAL,0.0,,learners
ch-bfs-learners-vet-form,CH,Switzerland,2014,UNK,M,TOTAL,0.0,,learners
ch-bfs-learners-vet-form,CH,Switzerland,2015,UNK,M,TOTAL,0.0,,learners
ch-bfs-learners-vet-form,CH,Switzerland,2016,UNK,M,TOTAL,0.0,,learners
ch-bfs-learners-vet-form,CH,Switzerland,2017,UNK,M,TOTAL,0.0,,learners
ch-bfs-learners-vet-form,CH,Switzerland,2018,UNK,M,TOTAL,0.0,,learners
ch-bfs-learners-vet-form,CH,Switzerland,2019,UNK,M,TOTAL,0.0,,learners
ch-bfs-learners-vet-form,CH,Switzerland,2020,UNK,M,TOTAL,0.0,,learners
ch-bfs-learners-vet-form,CH,Switzerland,2021,UNK,M,TOTAL,0.0,,learners
ch-bfs-learners-vet-form,CH,Switzerland,2022,UNK,M,TOTAL,0.0,,learners
ch-bfs-learners-vet-form,CH,Switzerland,2023,UNK,M,TOTAL,0.0,,learners
ch-bfs-learners-vet-form,CH,Switzerland,2024,UNK,M,TOTAL,0.0,,learners
ch-bfs-learners-vet-form,CH,Switzerland,2025,UNK,M,TOTAL,0.0,,learners
ch-bfs-learners-vet-form,CH,Switzerland,2005,UNK,T,EBA,1604.0,,learners
ch-bfs-learners-vet-form,CH,Switzerland,2006,UNK,T,EBA,3630.0,,learners
ch-bfs-learners-vet-form,CH,Switzerland,2007,UNK,T,EBA,0.0,,learners
ch-bfs-learners-vet-form,CH,Switzerland,2008,UNK,T,EBA,0.0,,learners
ch-bfs-learners-vet-form,CH,Switzerland,2009,UNK,T,EBA,0.0,,learners
ch-bfs-learners-vet-form,CH,Switzerland,2010,UNK,T,EBA,0.0,,learners
ch-bfs-learners-vet-form,CH,Switzerland,2011,UNK,T,EBA,0.0,,learners
ch-bfs-learners-vet-form,CH,Switzerland,2012,UNK,T,EBA,0.0,,learners
ch-bfs-learners-vet-form,CH,Switzerland,2013,UNK,T,EBA,0.0,,learners
ch-bfs-learners-vet-form,CH,Switzerland,2014,UNK,T,EBA,0.0,,learners
ch-bfs-learners-vet-form,CH,Switzerland,2015,UNK,T,EBA,0.0,,learners
ch-bfs-learners-vet-form,CH,Switzerland,2016,UNK,T,EBA,0.0,,learners
ch-bfs-learners-vet-form,CH,Switzerland,2017,UNK,T,EBA,0.0,,learners
ch-bfs-learners-vet-form,CH,Switzerland,2018,UNK,T,EBA,0.0,,learners
ch-bfs-learners-vet-form,CH,Switzerland,2019,UNK,T,EBA,0.0,,learners
ch-bfs-learners-vet-form,CH,Switzerland,2020,UNK,T,EBA,0.0,,learners
ch-bfs-learners-vet-form,CH,Switzerland,2021,UNK,T,EBA,0.0,,learners
ch-bfs-learners-vet-form,CH,Switzerland,2022,UNK,T,EBA,0.0,,learners
ch-bfs-learners-vet-form,CH,Switzerland,2023,UNK,T,EBA,0.0,,learners
ch-bfs-learners-vet-form,CH,Switzerland,2024,UNK,T,EBA,0.0,,learners
ch-bfs-learners-vet-form,CH,Switzerland,2025,UNK,T,EBA,0.0,,learners
ch-bfs-learners-vet-form,CH,Switzerland,2005,UNK,T,EFZ,178333.0,,learners
ch-bfs-learners-vet-form,CH,Switzerland,2006,UNK,T,EFZ,183108.0,,learners
ch-bfs-learners-vet-form,CH,Switzerland,2007,UNK,T,EFZ,0.0,,learners
ch-bfs-learners-vet-form,CH,Switzerland,2008,UNK,T,EFZ,0.0,,learners
ch-bfs-learners-vet-form,CH,Switzerland,2009,UNK,T,EFZ,0.0,,learners
ch-bfs-learners-vet-form,CH,Switzerland,2010,UNK,T,EFZ,0.0,,learners
ch-bfs-learners-vet-form,CH,Switzerland,2011,UNK,T,EFZ,0.0,,learners
ch-bfs-learners-vet-form,CH,Switzerland,2012,UNK,T,EFZ,0.0,,learners
ch-bfs-learners-vet-form,CH,Switzerland,2013,UNK,T,EFZ,0.0,,learners
ch-bfs-learners-vet-form,CH,Switzerland,2014,UNK,T,EFZ,0.0,,learners
ch-bfs-learners-vet-form,CH,Switzerland,2015,UNK,T,EFZ,0.0,,learners
ch-bfs-learners-vet-form,CH,Switzerland,2016,UNK,T,EFZ,0.0,,learners
ch-bfs-learners-vet-form,CH,Switzerland,2017,UNK,T,EFZ,0.0,,learners
ch-bfs-learners-vet-form,CH,Switzerland,2018,UNK,T,EFZ,0.0,,learners
ch-bfs-learners-vet-form,CH,Switzerland,2019,UNK,T,EFZ,0.0,,learners
ch-bfs-learners-vet-form,CH,Switzerland,2020,UNK,T,EFZ,0.0,,learners
ch-bfs-learners-vet-form,CH,Switzerland,2021,UNK,T,EFZ,0.0,,learners
ch-bfs-learners-vet-form,CH,Switzerland,2022,UNK,T,EFZ,0.0,,learners
ch-bfs-learners-vet-form,CH,Switzerland,2023,UNK,T,EFZ,0.0,,learners
ch-bfs-learners-vet-form,CH,Switzerland,2024,UNK,T,EFZ,0.0,,learners
ch-bfs-learners-vet-form,CH,Switzerland,2025,UNK,T,EFZ,0.0,,learners
ch-bfs-learners-vet-form,CH,Switzerland,2005,UNK,T,NONREG,5475.0,,learners
ch-bfs-learners-vet-form,CH,Switzerland,2006,UNK,T,NONREG,4810.0,,learners
ch-bfs-learners-vet-form,CH,Switzerland,2007,UNK,T,NONREG,0.0,,learners
ch-bfs-learners-vet-form,CH,Switzerland,2008,UNK,T,NONREG,0.0,,learners
ch-bfs-learners-vet-form,CH,Switzerland,2009,UNK,T,NONREG,0.0,,learners
ch-bfs-learners-vet-form,CH,Switzerland,2010,UNK,T,NONREG,0.0,,learners
ch-bfs-learners-vet-form,CH,Switzerland,2011,UNK,T,NONREG,0.0,,learners
ch-bfs-learners-vet-form,CH,Switzerland,2012,UNK,T,NONREG,0.0,,learners
ch-bfs-learners-vet-form,CH,Switzerland,2013,UNK,T,NONREG,0.0,,learners
ch-bfs-learners-vet-form,CH,Switzerland,2014,UNK,T,NONREG,0.0,,learners
ch-bfs-learners-vet-form,CH,Switzerland,2015,UNK,T,NONREG,0.0,,learners
ch-bfs-learners-vet-form,CH,Switzerland,2016,UNK,T,NONREG,0.0,,learners
ch-bfs-learners-vet-form,CH,Switzerland,2017,UNK,T,NONREG,0.0,,learners
ch-bfs-learners-vet-form,CH,Switzerland,2018,UNK,T,NONREG,0.0,,learners
ch-bfs-learners-vet-form,CH,Switzerland,2019,UNK,T,NONREG,0.0,,learners
ch-bfs-learners-vet-form,CH,Switzerland,2020,UNK,T,NONREG,0.0,,learners
ch-bfs-learners-vet-form,CH,Switzerland,2021,UNK,T,NONREG,0.0,,learners
ch-bfs-learners-vet-form,CH,Switzerland,2022,UNK,T,NONREG,0.0,,learners
ch-bfs-learners-vet-form,CH,Switzerland,2023,UNK,T,NONREG,0.0,,learners
ch-bfs-learners-vet-form,CH,Switzerland,2024,UNK,T,NONREG,0.0,,learners
ch-bfs-learners-vet-form,CH,Switzerland,2025,UNK,T,NONREG,0.0,,learners
ch-bfs-learners-vet-form,CH,Switzerland,2005,UNK,T,TOTAL,185412.0,,learners
ch-bfs-learners-vet-form,CH,Switzerland,2006,UNK,T,TOTAL,191548.0,,learners
ch-bfs-learners-vet-form,CH,Switzerland,2007,UNK,T,TOTAL,0.0,,learners
ch-bfs-learners-vet-form,CH,Switzerland,2008,UNK,T,TOTAL,0.0,,learners
ch-bfs-learners-vet-form,CH,Switzerland,2009,UNK,T,TOTAL,0.0,,learners
ch-bfs-learners-vet-form,CH,Switzerland,2010,UNK,T,TOTAL,0.0,,learners
ch-bfs-learners-vet-form,CH,Switzerland,2011,UNK,T,TOTAL,0.0,,learners
ch-bfs-learners-vet-form,CH,Switzerland,2012,UNK,T,TOTAL,0.0,,learners
ch-bfs-learners-vet-form,CH,Switzerland,2013,UNK,T,TOTAL,0.0,,learners
ch-bfs-learners-vet-form,CH,Switzerland,2014,UNK,T,TOTAL,0.0,,learners
ch-bfs-learners-vet-form,CH,Switzerland,2015,UNK,T,TOTAL,0.0,,learners
ch-bfs-learners-vet-form,CH,Switzerland,2016,UNK,T,TOTAL,0.0,,learners
ch-bfs-learners-vet-form,CH,Switzerland,2017,UNK,T,TOTAL,0.0,,learners
ch-bfs-learners-vet-form,CH,Switzerland,2018,UNK,T,TOTAL,0.0,,learners
ch-bfs-learners-vet-form,CH,Switzerland,2019,UNK,T,TOTAL,0.0,,learners
ch-bfs-learners-vet-form,CH,Switzerland,2020,UNK,T,TOTAL,0.0,,learners
ch-bfs-learners-vet-form,CH,Switzerland,2021,UNK,T,TOTAL,0.0,,learners
ch-bfs-learners-vet-form,CH,Switzerland,2022,UNK,T,TOTAL,0.0,,learners
ch-bfs-learners-vet-form,CH,Switzerland,2023,UNK,T,TOTAL,0.0,,learners
ch-bfs-learners-vet-form,CH,Switzerland,2024,UNK,T,TOTAL,0.0,,learners
ch-bfs-learners-vet-form,CH,Switzerland,2025,UNK,T,TOTAL,0.0,,learners
