indicator,geo,geo_name,time,sex,type,value,flag,unit
ch-bfs-learners-vet,CH,Switzerland,1999,F,ANLEHRE,1193.0,,learners
ch-bfs-learners-vet,CH,Switzerland,2000,F,ANLEHRE,1315.0,,learners
ch-bfs-learners-vet,CH,Switzerland,2001,F,ANLEHRE,1515.0,,learners
ch-bfs-learners-vet,CH,Switzerland,2002,F,ANLEHRE,1612.0,,learners
ch-bfs-learners-vet,CH,Switzerland,2003,F,ANLEHRE,1682.0,,learners
ch-bfs-learners-vet,CH,Switzerland,2004,F,ANLEHRE,1916.0,,learners
ch-bfs-learners-vet,CH,Switzerland,2005,F,ANLEHRE,1648.0,,learners
ch-bfs-learners-vet,CH,Switzerland,2006,F,ANLEHRE,1086.0,,learners
ch-bfs-learners-vet,CH,Switzerland,2007,F,ANLEHRE,965.0,,learners
ch-bfs-learners-vet,CH,Switzerland,2008,F,ANLEHRE,909.0,,learners
ch-bfs-learners-vet,CH,Switzerland,2009,F,ANLEHRE,769.0,,learners
ch-bfs-learners-vet,CH,Switzerland,2010,F,ANLEHRE,853.0,,learners
ch-bfs-learners-vet,CH,Switzerland,2011,F,ANLEHRE,711.0,,learners
ch-bfs-learners-vet,CH,Switzerland,2012,F,ANLEHRE,416.0,,learners
ch-bfs-learners-vet,CH,Switzerland,2013,F,ANLEHRE,276.0,,learners
ch-bfs-learners-vet,CH,Switzerland,2014,F,ANLEHRE,190.0,,learners
ch-bfs-learners-vet,CH,Switzerland,2015,F,ANLEHRE,110.0,,learners
ch-bfs-learners-vet,CH,Switzerland,2016,F,ANLEHRE,11.0,,learners
ch-bfs-learners-vet,CH,Switzerland,2017,F,ANLEHRE,8.0,,learners
ch-bfs-learners-vet,CH,Switzerland,2018,F,ANLEHRE,6.0,,learners
ch-bfs-learners-vet,CH,Switzerland,2019,F,ANLEHRE,7.0,,learners
ch-bfs-learners-vet,CH,Switzerland,2020,F,ANLEHRE,9.0,,learners
ch-bfs-learners-vet,CH,Switzerland,2021,F,ANLEHRE,8.0,,learners
ch-bfs-learners-vet,CH,Switzerland,2022,F,ANLEHRE,0.0,,learners
ch-bfs-learners-vet,CH,Switzerland,2023,F,ANLEHRE,0.0,,learners
ch-bfs-learners-vet,CH,Switzerland,2024,F,ANLEHRE,0.0,,learners
ch-bfs-learners-vet,CH,Switzerland,1999,F,EBA,0.0,,learners
ch-bfs-learners-vet,CH,Switzerland,2000,F,EBA,0.0,,learners
ch-bfs-learners-vet,CH,Switzerland,2001,F,EBA,0.0,,learners
ch-bfs-learners-vet,CH,Switzerland,2002,F,EBA,0.0,,learners
ch-bfs-learners-vet,CH,Switzerland,2003,F,EBA,0.0,,learners
ch-bfs-learners-vet,CH,Switzerland,2004,F,EBA,0.0,,learners
ch-bfs-learners-vet,CH,Switzerland,2005,F,EBA,882.0,,learners
ch-bfs-learners-vet,CH,Switzerland,2006,F,EBA,2417.0,,learners
ch-bfs-learners-vet,CH,Switzerland,2007,F,EBA,2551.0,,learners
ch-bfs-learners-vet,CH,Switzerland,2008,F,EBA,3103.0,,learners
ch-bfs-learners-vet,CH,Switzerland,2009,F,EBA,3659.0,,learners
ch-bfs-learners-vet,CH,Switzerland,2010,F,EBA,3888.0,,learners
ch-bfs-learners-vet,CH,Switzerland,2011,F,EBA,4252.0,,learners
ch-bfs-learners-vet,CH,Switzerland,2012,F,EBA,5006.0,,learners
ch-bfs-learners-vet,CH,Switzerland,2013,F,EBA,5486.0,,learners
ch-bfs-learners-vet,CH,Switzerland,2014,F,EBA,5714.0,,learners
ch-bfs-learners-vet,CH,Switzerland,2015,F,EBA,5946.0,,learners
ch-bfs-learners-vet,CH,Switzerland,2016,F,EBA,5829.0,,learners
ch-bfs-learners-vet,CH,Switzerland,2017,F,EBA,5619.0,,learners
ch-bfs-learners-vet,CH,Switzerland,2018,F,EBA,5625.0,,learners
ch-bfs-learners-vet,CH,Switzerland,2019,F,EBA,5611.0,,learners
ch-bfs-learners-vet,CH,Switzerland,2020,F,EBA,5492.0,,learners
ch-bfs-learners-vet,CH,Switzerland,2021,F,EBA,5481.0,,learners
ch-bfs-learners-vet,CH,Switzerland,2022,F,EBA,5242.0,,learners
ch-bfs-learners-vet,CH,Switzerland,2023,F,EBA,4923.0,,learners
ch-bfs-learners-vet,CH,Switzerland,2024,F,EBA,4826.0,,learners
ch-bfs-learners-vet,CH,Switzerland,1999,F,EFZ,63925.0,,learners
ch-bfs-learners-vet,CH,Switzerland,2000,F,EFZ,66377.0,,learners
ch-bfs-learners-vet,CH,Switzerland,2001,F,EFZ,67694.0,,learners
ch-bfs-learners-vet,CH,Switzerland,2002,F,EFZ,68712.0,,learners
ch-bfs-learners-vet,CH,Switzerland,2003,F,EFZ,68623.0,,learners
ch-bfs-learners-vet,CH,Switzerland,2004,F,EFZ,68883.0,,learners
ch-bfs-learners-vet,CH,Switzerland,2005,F,EFZ,68721.0,,learners
ch-bfs-learners-vet,CH,Switzerland,2006,F,EFZ,72429.0,,learners
ch-bfs-learners-vet,CH,Switzerland,2007,F,EFZ,77511.0,,learners
ch-bfs-learners-vet,CH,Switzerland,2008,F,EFZ,81146.0,,learners
ch-bfs-learners-vet,CH,Switzerland,2009,F,EFZ,84689.0,,learners
ch-bfs-learners-vet,CH,Switzerland,2010,F,EFZ,84947.0,,learners
ch-bfs-learners-vet,CH,Switzerland,2011,F,EFZ,87438.0,,learners
ch-bfs-learners-vet,CH,Switzerland,2012,F,EFZ,88217.0,,learners
ch-bfs-learners-vet,CH,Switzerland,2013,F,EFZ,89086.0,,learners
ch-bfs-learners-vet,CH,Switzerland,2014,F,EFZ,90224.0,,learners
ch-bfs-learners-vet,CH,Switzerland,2015,F,EFZ,88416.0,,learners
ch-bfs-learners-vet,CH,Switzerland,2016,F,EFZ,87520.0,,learners
ch-bfs-learners-vet,CH,Switzerland,2017,F,EFZ,86142.0,,learners
ch-bfs-learners-vet,CH,Switzerland,2018,F,EFZ,84122.0,,learners
ch-bfs-learners-vet,CH,Switzerland,2019,F,EFZ,82522.0,,learners
ch-bfs-learners-vet,CH,Switzerland,2020,F,EFZ,81738.0,,learners
ch-bfs-learners-vet,CH,Switzerland,2021,F,EFZ,81781.0,,learners
ch-bfs-learners-vet,CH,Switzerland,2022,F,EFZ,81347.0,,learners
ch-bfs-learners-vet,CH,Switzerland,2023,F,EFZ,82147.0,,learners
ch-bfs-learners-vet,CH,Switzerland,2024,F,EFZ,83824.0,,learners
ch-bfs-learners-vet,CH,Switzerland,1999,F,HMS_IMS,5357.0,,learners
ch-bfs-learners-vet,CH,Switzerland,2000,F,HMS_IMS,5656.0,,learners
ch-bfs-learners-vet,CH,Switzerland,2001,F,HMS_IMS,6020.0,,learners
ch-bfs-learners-vet,CH,Switzerland,2002,F,HMS_IMS,6082.0,,learners
ch-bfs-learners-vet,CH,Switzerland,2003,F,HMS_IMS,6157.0,,learners
ch-bfs-learners-vet,CH,Switzerland,2004,F,HMS_IMS,5810.0,,learners
ch-bfs-learners-vet,CH,Switzerland,2005,F,HMS_IMS,5571.0,,learners
ch-bfs-learners-vet,CH,Switzerland,2006,F,HMS_IMS,5538.0,,learners
ch-bfs-learners-vet,CH,Switzerland,2007,F,HMS_IMS,5602.0,,learners
ch-bfs-learners-vet,CH,Switzerland,2008,F,HMS_IMS,5935.0,,learners
ch-bfs-learners-vet,CH,Switzerland,2009,F,HMS_IMS,5955.0,,learners
ch-bfs-learners-vet,CH,Switzerland,2010,F,HMS_IMS,5200.0,,learners
ch-bfs-learners-vet,CH,Switzerland,2011,F,HMS_IMS,3891.0,,learners
ch-bfs-learners-vet,CH,Switzerland,2012,F,HMS_IMS,2812.0,,learners
ch-bfs-learners-vet,CH,Switzerland,2013,F,HMS_IMS,1440.0,,learners
ch-bfs-learners-vet,CH,Switzerland,2014,F,HMS_IMS,0.0,,learners
ch-bfs-learners-vet,CH,Switzerland,2015,F,HMS_IMS,0.0,,learners
ch-bfs-learners-vet,CH,Switzerland,2016,F,HMS_IMS,0.0,,learners
ch-bfs-learners-vet,CH,Switzerland,2017,F,HMS_IMS,0.0,,learners
ch-bfs-learners-vet,CH,Switzerland,2018,F,HMS_IMS,0.0,,learners
ch-bfs-learners-vet,CH,Switzerland,2019,F,HMS_IMS,0.0,,learners
ch-bfs-learners-vet,CH,Switzerland,2020,F,HMS_IMS,0.0,,learners
ch-bfs-learners-vet,CH,Switzerland,2021,F,HMS_IMS,0.0,,learners
ch-bfs-learners-vet,CH,Switzerland,2022,F,HMS_IMS,0.0,,learners
ch-bfs-learners-vet,CH,Switzerland,2023,F,HMS_IMS,0.0,,learners
ch-bfs-learners-vet,CH,Switzerland,2024,F,HMS_IMS,0.0,,learners
ch-bfs-learners-vet,CH,Switzerland,1999,F,NONREG,14213.0,,learners
ch-bfs-learners-vet,CH,Switzerland,2000,F,NONREG,14607.0,,learners
ch-bfs-learners-vet,CH,Switzerland,2001,F,NONREG,14635.0,,learners
ch-bfs-learners-vet,CH,Switzerland,2002,F,NONREG,14256.0,,learners
ch-bfs-learners-vet,CH,Switzerland,2003,F,NONREG,14263.0,,learners
ch-bfs-learners-vet,CH,Switzerland,2004,F,NONREG,12922.0,,learners
ch-bfs-learners-vet,CH,Switzerland,2005,F,NONREG,12060.0,,learners
ch-bfs-learners-vet,CH,Switzerland,2006,F,NONREG,9722.0,,learners
ch-bfs-learners-vet,CH,Switzerland,2007,F,NONREG,2582.0,,learners
ch-bfs-learners-vet,CH,Switzerland,2008,F,NONREG,1685.0,,learners
ch-bfs-learners-vet,CH,Switzerland,2009,F,NONREG,1377.0,,learners
ch-bfs-learners-vet,CH,Switzerland,2010,F,NONREG,1197.0,,learners
ch-bfs-learners-vet,CH,Switzerland,2011,F,NONREG,1002.0,,learners
ch-bfs-learners-vet,CH,Switzerland,2012,F,NONREG,517.0,,learners
ch-bfs-learners-vet,CH,Switzerland,2013,F,NONREG,491.0,,learners
ch-bfs-learners-vet,CH,Switzerland,2014,F,NONREG,423.0,,learners
ch-bfs-learners-vet,CH,Switzerland,2015,F,NONREG,385.0,,learners
ch-bfs-learners-vet,CH,Switzerland,2016,F,NONREG,351.0,,learners
ch-bfs-learners-vet,CH,Switzerland,2017,F,NONREG,366.0,,learners
ch-bfs-learners-vet,CH,Switzerland,2018,F,NONREG,329.0,,learners
ch-bfs-learners-vet,CH,Switzerland,2019,F,NONREG,369.0,,learners
ch-bfs-learners-vet,CH,Switzerland,2020,F,NONREG,370.0,,learners
ch-bfs-learners-vet,CH,Switzerland,2021,F,NONREG,427.0,,learners
ch-bfs-learners-vet,CH,Switzerland,2022,F,NONREG,408.0,,learners
ch-bfs-learners-vet,CH,Switzerland,2023,F,NONREG,420.0,,learners
ch-bfs-learners-vet,CH,Switzerland,2024,F,NONREG,417.0,,learners
ch-bfs-learners-vet,CH,Switzerland,1999,F,TOTAL,84688.0,,learners
ch-bfs-learners-vet,CH,Switzerland,2000,F,TOTAL,87955.0,,learners
ch-bfs-learners-vet,CH,Switzerland,2001,F,TOTAL,89864.0,,learners
ch-bfs-learners-vet,CH,Switzerland,2002,F,TOTAL,90662.0,,learners
ch-bfs-learners-vet,CH,Switzerland,2003,F,TOTAL,90725.0,,learners
ch-bfs-learners-vet,CH,Switzerland,2004,F,TOTAL,89531.0,,learners
ch-bfs-learners-vet,CH,Switzerland,2005,F,TOTAL,88882.0,,learners
ch-bfs-learners-vet,CH,Switzerland,2006,F,TOTAL,91192.0,,learners
ch-bfs-learners-vet,CH,Switzerland,2007,F,TOTAL,89211.0,,learners
ch-bfs-learners-vet,CH,Switzerland,2008,F,TOTAL,92778.0,,learners
ch-bfs-learners-vet,CH,Switzerland,2009,F,TOTAL,96449.0,,learners
ch-bfs-learners-vet,CH,Switzerland,2010,F,TOTAL,96085.0,,learners
ch-bfs-learners-vet,CH,Switzerland,2011,F,TOTAL,97294.0,,learners
ch-bfs-learners-vet,CH,Switzerland,2012,F,TOTAL,96968.0,,learners
ch-bfs-learners-vet,CH,Switzerland,2013,F,TOTAL,96779.0,,learners
ch-bfs-learners-vet,CH,Switzerland,2014,F,TOTAL,96551.0,,learners
ch-bfs-learners-vet,CH,Switzerland,2015,F,TOTAL,94857.0,,learners
ch-bfs-learners-vet,CH,Switzerland,2016,F,TOTAL,93711.0,,learners
ch-bfs-learners-vet,CH,Switzerland,2017,F,TOTAL,92135.0,,learners
ch-bfs-learners-vet,CH,Switzerland,2018,F,TOTAL,90082.0,,learners
ch-bfs-learners-vet,CH,Switzerland,2019,F,TOTAL,88509.0,,learners
ch-bfs-learners-vet,CH,Switzerland,2020,F,TOTAL,87609.0,,learners
ch-bfs-learners-vet,CH,Switzerland,2021,F,TOTAL,87697.0,,learners
ch-bfs-learners-vet,CH,Switzerland,2022,F,TOTAL,86997.0,,learners
ch-bfs-learners-vet,CH,Switzerland,2023,F,TOTAL,87490.0,,learners
ch-bfs-learners-vet,CH,Switzerland,2024,F,TOTAL,89067.0,,learners
ch-bfs-learners-vet,CH,Switzerland,1999,M,ANLEHRE,2467.0,,learners
ch-bfs-learners-vet,CH,Switzerland,2000,M,ANLEHRE,2561.0,,learners
ch-bfs-learners-vet,CH,Switzerland,2001,M,ANLEHRE,2821.0,,learners
ch-bfs-learners-vet,CH,Switzerland,2002,M,ANLEHRE,2959.0,,learners
ch-bfs-learners-vet,CH,Switzerland,2003,M,ANLEHRE,3177.0,,learners
ch-bfs-learners-vet,CH,Switzerland,2004,M,ANLEHRE,3299.0,,learners
ch-bfs-learners-vet,CH,Switzerland,2005,M,ANLEHRE,3318.0,,learners
ch-bfs-learners-vet,CH,Switzerland,2006,M,ANLEHRE,2962.0,,learners
ch-bfs-learners-vet,CH,Switzerland,2007,M,ANLEHRE,2581.0,,learners
ch-bfs-learners-vet,CH,Switzerland,2008,M,ANLEHRE,2045.0,,learners
ch-bfs-learners-vet,CH,Switzerland,2009,M,ANLEHRE,1664.0,,learners
ch-bfs-learners-vet,CH,Switzerland,2010,M,ANLEHRE,1470.0,,learners
ch-bfs-learners-vet,CH,Switzerland,2011,M,ANLEHRE,1383.0,,learners
ch-bfs-learners-vet,CH,Switzerland,2012,M,ANLEHRE,981.0,,learners
ch-bfs-learners-vet,CH,Switzerland,2013,M,ANLEHRE,715.0,,learners
ch-bfs-learners-vet,CH,Switzerland,2014,M,ANLEHRE,508.0,,learners
ch-bfs-learners-vet,CH,Switzerland,2015,M,ANLEHRE,220.0,,learners
ch-bfs-learners-vet,CH,Switzerland,2016,M,ANLEHRE,23.0,,learners
ch-bfs-learners-vet,CH,Switzerland,2017,M,ANLEHRE,10.0,,learners
ch-bfs-learners-vet,CH,Switzerland,2018,M,ANLEHRE,11.0,,learners
ch-bfs-learners-vet,CH,Switzerland,2019,M,ANLEHRE,15.0,,learners
ch-bfs-learners-vet,CH,Switzerland,2020,M,ANLEHRE,17.0,,learners
ch-bfs-learners-vet,CH,Switzerland,2021,M,ANLEHRE,13.0,,learners
ch-bfs-learners-vet,CH,Switzerland,2022,M,ANLEHRE,0.0,,learners
ch-bfs-learners-vet,CH,Switzerland,2023,M,ANLEHRE,0.0,,learners
ch-bfs-learners-vet,CH,Switzerland,2024,M,ANLEHRE,0.0,,learners
ch-bfs-learners-vet,CH,Switzerland,1999,M,EBA,0.0,,learners
ch-bfs-learners-vet,CH,Switzerland,2000,M,EBA,0.0,,learners
ch-bfs-learners-vet,CH,Switzerland,2001,M,EBA,0.0,,learners
ch-bfs-learners-vet,CH,Switzerland,2002,M,EBA,0.0,,learners
ch-bfs-learners-vet,CH,Switzerland,2003,M,EBA,0.0,,learners
ch-bfs-learners-vet,CH,Switzerland,2004,M,EBA,0.0,,learners
ch-bfs-learners-vet,CH,Switzerland,2005,M,EBA,453.0,,learners
ch-bfs-learners-vet,CH,Switzerland,2006,M,EBA,1260.0,,learners
ch-bfs-learners-vet,CH,Switzerland,2007,M,EBA,2122.0,,learners
ch-bfs-learners-vet,CH,Switzerland,2008,M,EBA,3286.0,,learners
ch-bfs-learners-vet,CH,Switzerland,2009,M,EBA,4130.0,,learners
ch-bfs-learners-vet,CH,Switzerland,2010,M,EBA,4455.0,,learners
ch-bfs-learners-vet,CH,Switzerland,2011,M,EBA,5197.0,,learners
ch-bfs-learners-vet,CH,Switzerland,2012,M,EBA,5867.0,,learners
ch-bfs-learners-vet,CH,Switzerland,2013,M,EBA,6479.0,,learners
ch-bfs-learners-vet,CH,Switzerland,2014,M,EBA,6920.0,,learners
ch-bfs-learners-vet,CH,Switzerland,2015,M,EBA,7269.0,,learners
ch-bfs-learners-vet,CH,Switzerland,2016,M,EBA,7916.0,,learners
ch-bfs-learners-vet,CH,Switzerland,2017,M,EBA,8183.0,,learners
ch-bfs-learners-vet,CH,Switzerland,2018,M,EBA,8736.0,,learners
ch-bfs-learners-vet,CH,Switzerland,2019,M,EBA,9431.0,,learners
ch-bfs-learners-vet,CH,Switzerland,2020,M,EBA,9562.0,,learners
ch-bfs-learners-vet,CH,Switzerland,2021,M,EBA,9324.0,,learners
ch-bfs-learners-vet,CH,Switzerland,2022,M,EBA,8746.0,,learners
ch-bfs-learners-vet,CH,Switzerland,2023,M,EBA,8350.0,,learners
ch-bfs-learners-vet,CH,Switzerland,2024,M,EBA,8155.0,,learners
ch-bfs-learners-vet,CH,Switzerland,1999,M,EFZ,108388.0,,learners
ch-bfs-learners-vet,CH,Switzerland,2000,M,EFZ,109669.0,,learners
ch-bfs-learners-vet,CH,Switzerland,2001,M,EFZ,109785.0,,learners
ch-bfs-learners-vet,CH,Switzerland,2002,M,EFZ,109254.0,,learners
ch-bfs-learners-vet,CH,Switzerland,2003,M,EFZ,109639.0,,learners
ch-bfs-learners-vet,CH,Switzerland,2004,M,EFZ,110253.0,,learners
ch-bfs-learners-vet,CH,Switzerland,2005,M,EFZ,111938.0,,learners
ch-bfs-learners-vet,CH,Switzerland,2006,M,EFZ,114628.0,,learners
ch-bfs-learners-vet,CH,Switzerland,2007,M,EFZ,117937.0,,learners
ch-bfs-learners-vet,CH,Switzerland,2008,M,EFZ,119186.0,,learners
ch-bfs-learners-vet,CH,Switzerland,2009,M,EFZ,119185.0,,learners
ch-bfs-learners-vet,CH,Switzerland,2010,M,EFZ,120015.0,,learners
ch-bfs-learners-vet,CH,Switzerland,2011,M,EFZ,122168.0,,learners
ch-bfs-learners-vet,CH,Switzerland,2012,M,EFZ,122074.0,,learners
ch-bfs-learners-vet,CH,Switzerland,2013,M,EFZ,122597.0,,learners
ch-bfs-learners-vet,CH,Switzerland,2014,M,EFZ,125058.0,,learners
ch-bfs-learners-vet,CH,Switzerland,2015,M,EFZ,123913.0,,learners
ch-bfs-learners-vet,CH,Switzerland,2016,M,EFZ,122548.0,,learners
ch-bfs-learners-vet,CH,Switzerland,2017,M,EFZ,122103.0,,learners
ch-bfs-learners-vet,CH,Switzerland,2018,M,EFZ,120442.0,,learners
ch-bfs-learners-vet,CH,Switzerland,2019,M,EFZ,119216.0,,learners
ch-bfs-learners-vet,CH,Switzerland,2020,M,EFZ,117785.0,,learners
ch-bfs-learners-vet,CH,Switzerland,2021,M,EFZ,117985.0,,learners
ch-bfs-learners-vet,CH,Switzerland,2022,M,EFZ,116726.0,,learners
ch-bfs-learners-vet,CH,Switzerland,2023,M,EFZ,118155.0,,learners
ch-bfs-learners-vet,CH,Switzerland,2024,M,EFZ,119237.0,,learners
ch-bfs-learners-vet,CH,Switzerland,1999,M,HMS_IMS,4068.0,,learners
ch-bfs-learners-vet,CH,Switzerland,2000,M,HMS_IMS,4426.0,,learners
ch-bfs-learners-vet,CH,Switzerland,2001,M,HMS_IMS,4741.0,,learners
ch-bfs-learners-vet,CH,Switzerland,2002,M,HMS_IMS,5033.0,,learners
ch-bfs-learners-vet,CH,Switzerland,2003,M,HMS_IMS,5548.0,,learners
ch-bfs-learners-vet,CH,Switzerland,2004,M,HMS_IMS,5667.0,,learners
ch-bfs-learners-vet,CH,Switzerland,2005,M,HMS_IMS,5654.0,,learners
ch-bfs-learners-vet,CH,Switzerland,2006,M,HMS_IMS,5865.0,,learners
ch-bfs-learners-vet,CH,Switzerland,2007,M,HMS_IMS,6087.0,,learners
ch-bfs-learners-vet,CH,Switzerland,2008,M,HMS_IMS,6433.0,,learners
ch-bfs-learners-vet,CH,Switzerland,2009,M,HMS_IMS,6606.0,,learners
ch-bfs-learners-vet,CH,Switzerland,2010,M,HMS_IMS,5851.0,,learners
ch-bfs-learners-vet,CH,Switzerland,2011,M,HMS_IMS,4720.0,,learners
ch-bfs-learners-vet,CH,Switzerland,2012,M,HMS_IMS,3410.0,,learners
ch-bfs-learners-vet,CH,Switzerland,2013,M,HMS_IMS,2111.0,,learners
ch-bfs-learners-vet,CH,Switzerland,2014,M,HMS_IMS,0.0,,learners
ch-bfs-learners-vet,CH,Switzerland,2015,M,HMS_IMS,0.0,,learners
ch-bfs-learners-vet,CH,Switzerland,2016,M,HMS_IMS,0.0,,learners
ch-bfs-learners-vet,CH,Switzerland,2017,M,HMS_IMS,0.0,,learners
ch-bfs-learners-vet,CH,Switzerland,2018,M,HMS_IMS,0.0,,learners
ch-bfs-learners-vet,CH,Switzerland,2019,M,HMS_IMS,0.0,,learners
ch-bfs-learners-vet,CH,Switzerland,2020,M,HMS_IMS,0.0,,learners
ch-bfs-learners-vet,CH,Switzerland,2021,M,HMS_IMS,0.0,,learners
ch-bfs-learners-vet,CH,Switzerland,2022,M,HMS_IMS,0.0,,learners
ch-bfs-learners-vet,CH,Switzerland,2023,M,HMS_IMS,0.0,,learners
ch-bfs-learners-vet,CH,Switzerland,2024,M,HMS_IMS,0.0,,learners
ch-bfs-learners-vet,CH,Switzerland,1999,M,NONREG,3351.0,,learners
ch-bfs-learners-vet,CH,Switzerland,2000,M,NONREG,3358.0,,learners
ch-bfs-learners-vet,CH,Switzerland,2001,M,NONREG,3093.0,,learners
ch-bfs-learners-vet,CH,Switzerland,2002,M,NONREG,3089.0,,learners
ch-bfs-learners-vet,CH,Switzerland,2003,M,NONREG,3057.0,,learners
ch-bfs-learners-vet,CH,Switzerland,2004,M,NONREG,2634.0,,learners
ch-bfs-learners-vet,CH,Switzerland,2005,M,NONREG,2929.0,,learners
ch-bfs-learners-vet,CH,Switzerland,2006,M,NONREG,2802.0,,learners
ch-bfs-learners-vet,CH,Switzerland,2007,M,NONREG,1416.0,,learners
ch-bfs-learners-vet,CH,Switzerland,2008,M,NONREG,1280.0,,learners
ch-bfs-learners-vet,CH,Switzerland,2009,M,NONREG,1045.0,,learners
ch-bfs-learners-vet,CH,Switzerland,2010,M,NONREG,699.0,,learners
ch-bfs-learners-vet,CH,Switzerland,2011,M,NONREG,677.0,,learners
ch-bfs-learners-vet,CH,Switzerland,2012,M,NONREG,507.0,,learners
ch-bfs-learners-vet,CH,Switzerland,2013,M,NONREG,549.0,,learners
ch-bfs-learners-vet,CH,Switzerland,2014,M,NONREG,544.0,,learners
ch-bfs-learners-vet,CH,Switzerland,2015,M,NONREG,563.0,,learners
ch-bfs-learners-vet,CH,Switzerland,2016,M,NONREG,578.0,,learners
ch-bfs-learners-vet,CH,Switzerland,2017,M,NONREG,616.0,,learners
ch-bfs-learners-vet,CH,Switzerland,2018,M,NONREG,643.0,,learners
ch-bfs-learners-vet,CH,Switzerland,2019,M,NONREG,596.0,,learners
ch-bfs-learners-vet,CH,Switzerland,2020,M,NONREG,623.0,,learners
ch-bfs-learners-vet,CH,Switzerland,2021,M,NONREG,590.0,,learners
ch-bfs-learners-vet,CH,Switzerland,2022,M,NONREG,548.0,,learners
ch-bfs-learners-vet,CH,Switzerland,2023,M,NONREG,626.0,,learners
ch-bfs-learners-vet,CH,Switzerland,2024,M,NONREG,637.0,,learners
ch-bfs-learners-vet,CH,Switzerland,1999,M,TOTAL,118274.0,,learners
ch-bfs-learners-vet,CH,Switzerland,2000,M,TOTAL,120014.0,,learners
ch-bfs-learners-vet,CH,Switzerland,2001,M,TOTAL,120440.0,,learners
ch-bfs-learners-vet,CH,Switzerland,2002,M,TOTAL,120335.0,,learners
ch-bfs-learners-vet,CH,Switzerland,2003,M,TOTAL,121421.0,,learners
ch-bfs-learners-vet,CH,Switzerland,2004,M,TOTAL,121853.0,,learners
ch-bfs-learners-vet,CH,Switzerland,2005,M,TOTAL,124292.0,,learners
ch-bfs-learners-vet,CH,Switzerland,2006,M,TOTAL,127517.0,,learners
ch-bfs-learners-vet,CH,Switzerland,2007,M,TOTAL,130143.0,,learners
ch-bfs-learners-vet,CH,Switzerland,2008,M,TOTAL,132230.0,,learners
ch-bfs-learners-vet,CH,Switzerland,2009,M,TOTAL,132630.0,,learners
ch-bfs-learners-vet,CH,Switzerland,2010,M,TOTAL,132490.0,,learners
ch-bfs-learners-vet,CH,Switzerland,2011,M,TOTAL,134145.0,,learners
ch-bfs-learners-vet,CH,Switzerland,2012,M,TOTAL,132839.0,,learners
ch-bfs-learners-vet,CH,Switzerland,2013,M,TOTAL,132451.0,,learners
ch-bfs-learners-vet,CH,Switzerland,2014,M,TOTAL,133030.0,,learners
ch-bfs-learners-vet,CH,Switzerland,2015,M,TOTAL,131965.0,,learners
ch-bfs-learners-vet,CH,Switzerland,2016,M,TOTAL,131065.0,,learners
ch-bfs-learners-vet,CH,Switzerland,2017,M,TOTAL,130912.0,,learners
ch-bfs-learners-vet,CH,Switzerland,2018,M,TOTAL,129832.0,,learners
ch-bfs-learners-vet,CH,Switzerland,2019,M,TOTAL,129258.0,,learners
ch-bfs-learners-vet,CH,Switzerland,2020,M,TOTAL,127987.0,,learners
ch-bfs-learners-vet,CH,Switzerland,2021,M,TOTAL,127912.0,,learners
ch-bfs-learners-vet,CH,Switzerland,2022,M,TOTAL,126020.0,,learners
ch-bfs-learners-vet,CH,Switzerland,2023,M,TOTAL,127131.0,,learners
ch-bfs-learners-vet,CH,Switzerland,2024,M,TOTAL,128029.0,,learners
ch-bfs-learners-vet,CH,Switzerland,1999,T,ANLEHRE,3660.0,,learners
ch-bfs-learners-vet,CH,Switzerland,2000,T,ANLEHRE,3876.0,,learners
ch-bfs-learners-vet,CH,Switzerland,2001,T,ANLEHRE,4336.0,,learners
ch-bfs-learners-vet,CH,Switzerland,2002,T,ANLEHRE,4571.0,,learners
ch-bfs-learners-vet,CH,Switzerland,2003,T,ANLEHRE,4859.0,,learners
ch-bfs-learners-vet,CH,Switzerland,2004,T,ANLEHRE,5215.0,,learners
ch-bfs-learners-vet,CH,Switzerland,2005,T,ANLEHRE,4966.0,,learners
ch-bfs-learners-vet,CH,Switzerland,2006,T,ANLEHRE,4048.0,,learners
ch-bfs-learners-vet,CH,Switzerland,2007,T,ANLEHRE,3546.0,,learners
ch-bfs-learners-vet,CH,Switzerland,2008,T,ANLEHRE,2954.0,,learners
ch-bfs-learners-vet,CH,Switzerland,2009,T,ANLEHRE,2433.0,,learners
ch-bfs-learners-vet,CH,Switzerland,2010,T,ANLEHRE,2323.0,,learners
ch-bfs-learners-vet,CH,Switzerland,2011,T,ANLEHRE,2094.0,,learners
ch-bfs-learners-vet,CH,Switzerland,2012,T,ANLEHRE,1397.0,,learners
ch-bfs-learners-vet,CH,Switzerland,2013,T,ANLEHRE,991.0,,learners
ch-bfs-learners-vet,CH,Switzerland,2014,T,ANLEHRE,698.0,,learners
ch-bfs-learners-vet,CH,Switzerland,2015,T,ANLEHRE,330.0,,learners
ch-bfs-learners-vet,CH,Switzerland,2016,T,ANLEHRE,34.0,,learners
ch-bfs-learners-vet,CH,Switzerland,2017,T,ANLEHRE,18.0,,learners
ch-bfs-learners-vet,CH,Switzerland,2018,T,ANLEHRE,17.0,,learners
ch-bfs-learners-vet,CH,Switzerland,2019,T,ANLEHRE,22.0,,learners
ch-bfs-learners-vet,CH,Switzerland,2020,T,ANLEHRE,26.0,,learners
ch-bfs-learners-vet,CH,Switzerland,2021,T,ANLEHRE,21.0,,learners
ch-bfs-learners-vet,CH,Switzerland,2022,T,ANLEHRE,0.0,,learners
ch-bfs-learners-vet,CH,Switzerland,2023,T,ANLEHRE,0.0,,learners
ch-bfs-learners-vet,CH,Switzerland,2024,T,ANLEHRE,0.0,,learners
ch-bfs-learners-vet,CH,Switzerland,1999,T,EBA,0.0,,learners
ch-bfs-learners-vet,CH,Switzerland,2000,T,EBA,0.0,,learners
ch-bfs-learners-vet,CH,Switzerland,2001,T,EBA,0.0,,learners
ch-bfs-learners-vet,CH,Switzerland,2002,T,EBA,0.0,,learners
ch-bfs-learners-vet,CH,Switzerland,2003,T,EBA,0.0,,learners
ch-bfs-learners-vet,CH,Switzerland,2004,T,EBA,0.0,,learners
ch-bfs-learners-vet,CH,Switzerland,2005,T,EBA,1335.0,,learners
ch-bfs-learners-vet,CH,Switzerland,2006,T,EBA,3677.0,,learners
ch-bfs-learners-vet,CH,Switzerland,2007,T,EBA,4673.0,,learners
ch-bfs-learners-vet,CH,Switzerland,2008,T,EBA,6389.0,,learners
ch-bfs-learners-vet,CH,Switzerland,2009,T,EBA,7789.0,,learners
ch-bfs-learners-vet,CH,Switzerland,2010,T,EBA,8343.0,,learners
ch-bfs-learners-vet,CH,Switzerland,2011,T,EBA,9449.0,,learners
ch-bfs-learners-vet,CH,Switzerland,2012,T,EBA,10873.0,,learners
ch-bfs-learners-vet,CH,Switzerland,2013,T,EBA,11965.0,,learners
ch-bfs-learners-vet,CH,Switzerland,2014,T,EBA,12634.0,,learners
ch-bfs-learners-vet,CH,Switzerland,2015,T,EBA,13215.0,,learners
ch-bfs-learners-vet,CH,Switzerland,2016,T,EBA,13745.0,,learners
ch-bfs-learners-vet,CH,Switzerland,2017,T,EBA,13802.0,,learners
ch-bfs-learners-vet,CH,Switzerland,2018,T,EBA,14361.0,,learners
ch-bfs-learners-vet,CH,Switzerland,2019,T,EBA,15042.0,,learners
ch-bfs-learners-vet,CH,Switzerland,2020,T,EBA,15054.0,,learners
ch-bfs-learners-vet,CH,Switzerland,2021,T,EBA,14805.0,,learners
ch-bfs-learners-vet,CH,Switzerland,2022,T,EBA,13988.0,,learners
ch-bfs-learners-vet,CH,Switzerland,2023,T,EBA,13273.0,,learners
ch-bfs-learners-vet,CH,Switzerland,2024,T,EBA,12981.0,,learners
ch-bfs-learners-vet,CH,Switzerland,1999,T,EFZ,172313.0,,learners
ch-bfs-learners-vet,CH,Switzerland,2000,T,EFZ,176046.0,,learners
ch-bfs-learners-vet,CH,Switzerland,2001,T,EFZ,177479.0,,learners
ch-bfs-learners-vet,CH,Switzerland,2002,T,EFZ,177966.0,,learners
ch-bfs-learners-vet,CH,Switzerland,2003,T,EFZ,178262.0,,learners
ch-bfs-learners-vet,CH,Switzerland,2004,T,EFZ,179136.0,,learners
ch-bfs-learners-vet,CH,Switzerland,2005,T,EFZ,180659.0,,learners
ch-bfs-learners-vet,CH,Switzerland,2006,T,EFZ,187057.0,,learners
ch-bfs-learners-vet,CH,Switzerland,2007,T,EFZ,195448.0,,learners
ch-bfs-learners-vet,CH,Switzerland,2008,T,EFZ,200332.0,,learners
ch-bfs-learners-vet,CH,Switzerland,2009,T,EFZ,203874.0,,learners
ch-bfs-learners-vet,CH,Switzerland,2010,T,EFZ,204962.0,,learners
ch-bfs-learners-vet,CH,Switzerland,2011,T,EFZ,209606.0,,learners
ch-bfs-learners-vet,CH,Switzerland,2012,T,EFZ,210291.0,,learners
ch-bfs-learners-vet,CH,Switzerland,2013,T,EFZ,211683.0,,learners
ch-bfs-learners-vet,CH,Switzerland,2014,T,EFZ,215282.0,,learners
ch-bfs-learners-vet,CH,Switzerland,2015,T,EFZ,212329.0,,learners
ch-bfs-learners-vet,CH,Switzerland,2016,T,EFZ,210068.0,,learners
ch-bfs-learners-vet,CH,Switzerland,2017,T,EFZ,208245.0,,learners
ch-bfs-learners-vet,CH,Switzerland,2018,T,EFZ,204564.0,,learners
ch-bfs-learners-vet,CH,Switzerland,2019,T,EFZ,201738.0,,learners
ch-bfs-learners-vet,CH,Switzerland,2020,T,EFZ,199523.0,,learners
ch-bfs-learners-vet,CH,Switzerland,2021,T,EFZ,199766.0,,learners
ch-bfs-learners-vet,CH,Switzerland,2022,T,EFZ,198073.0,,learners
ch-bfs-learners-vet,CH,Switzerland,2023,T,EFZ,200302.0,,learners
ch-bfs-learners-vet,CH,Switzerland,2024,T,EFZ,203061.0,,learners
ch-bfs-learners-vet,CH,Switzerland,1999,T,HMS_IMS,9425.0,,learners
ch-bfs-learners-vet,CH,Switzerland,2000,T,HMS_IMS,10082.0,,learners
ch-bfs-learners-vet,CH,Switzerland,2001,T,HMS_IMS,10761.0,,learners
ch-bfs-learners-vet,CH,Switzerland,2002,T,HMS_IMS,11115.0,,learners
ch-bfs-learners-vet,CH,Switzerland,2003,T,HMS_IMS,11705.0,,learners
ch-bfs-learners-vet,CH,Switzerland,2004,T,HMS_IMS,11477.0,,learners
ch-bfs-learners-vet,CH,Switzerland,2005,T,HMS_IMS,11225.0,,learners
ch-bfs-learners-vet,CH,Switzerland,2006,T,HMS_IMS,11403.0,,learners
ch-bfs-learners-vet,CH,Switzerland,2007,T,HMS_IMS,11689.0,,learners
ch-bfs-learners-vet,CH,Switzerland,2008,T,HMS_IMS,12368.0,,learners
ch-bfs-learners-vet,CH,Switzerland,2009,T,HMS_IMS,12561.0,,learners
ch-bfs-learners-vet,CH,Switzerland,2010,T,HMS_IMS,11051.0,,learners
ch-bfs-learners-vet,CH,Switzerland,2011,T,HMS_IMS,8611.0,,learners
ch-bfs-learners-vet,CH,Switzerland,2012,T,HMS_IMS,6222.0,,learners
ch-bfs-learners-vet,CH,Switzerland,2013,T,HMS_IMS,3551.0,,learners
ch-bfs-learners-vet,CH,Switzerland,2014,T,HMS_IMS,0.0,,learners
ch-bfs-learners-vet,CH,Switzerland,2015,T,HMS_IMS,0.0,,learners
ch-bfs-learners-vet,CH,Switzerland,2016,T,HMS_IMS,0.0,,learners
ch-bfs-learners-vet,CH,Switzerland,2017,T,HMS_IMS,0.0,,learners
ch-bfs-learners-vet,CH,Switzerland,2018,T,HMS_IMS,0.0,,learners
ch-bfs-learners-vet,CH,Switzerland,2019,T,HMS_IMS,0.0,,learners
ch-bfs-learners-vet,CH,Switzerland,2020,T,HMS_IMS,0.0,,learners
ch-bfs-learners-vet,CH,Switzerland,2021,T,HMS_IMS,0.0,,learners
ch-bfs-learners-vet,CH,Switzerland,2022,T,HMS_IMS,0.0,,learners
ch-bfs-learners-vet,CH,Switzerland,2023,T,HMS_IMS,0.0,,learners
ch-bfs-learners-vet,CH,Switzerland,2024,T,HMS_IMS,0.0,,learners
ch-bfs-learners-vet,CH,Switzerland,1999,T,NONREG,17564.0,,learners
ch-bfs-learners-vet,CH,Switzerland,2000,T,NONREG,17965.0,,learners
ch-bfs-learners-vet,CH,Switzerland,2001,T,NONREG,17728.0,,learners
ch-bfs-learners-vet,CH,Switzerland,2002,T,NONREG,17345.0,,learners
ch-bfs-learners-vet,CH,Switzerland,2003,T,NONREG,17320.0,,learners
ch-bfs-learners-vet,CH,Switzerland,2004,T,NONREG,15556.0,,learners
ch-bfs-learners-vet,CH,Switzerland,2005,T,NONREG,14989.0,,learners
ch-bfs-learners-vet,CH,Switzerland,2006,T,NONREG,12524.0,,learners
ch-bfs-learners-vet,CH,Switzerland,2007,T,NONREG,3998.0,,learners
ch-bfs-learners-vet,CH,Switzerland,2008,T,NONREG,2965.0,,learners
ch-bfs-learners-vet,CH,Switzerland,2009,T,NONREG,2422.0,,learners
ch-bfs-learners-vet,CH,Switzerland,2010,T,NONREG,1896.0,,learners
ch-bfs-learners-vet,CH,Switzerland,2011,T,NONREG,1679.0,,learners
ch-bfs-learners-vet,CH,Switzerland,2012,T,NONREG,1024.0,,learners
ch-bfs-learners-vet,CH,Switzerland,2013,T,NONREG,1040.0,,learners
ch-bfs-learners-vet,CH,Switzerland,2014,T,NONREG,967.0,,learners
ch-bfs-learners-vet,CH,Switzerland,2015,T,NONREG,948.0,,learners
ch-bfs-learners-vet,CH,Switzerland,2016,T,NONREG,929.0,,learners
ch-bfs-learners-vet,CH,Switzerland,2017,T,NONREG,982.0,,learners
ch-bfs-learners-vet,CH,Switzerland,2018,T,NONREG,972.0,,learners
ch-bfs-learners-vet,CH,Switzerland,2019,T,NONREG,965.0,,learners
ch-bfs-learners-vet,CH,Switzerland,2020,T,NONREG,993.0,,learners
ch-bfs-learners-vet,CH,Switzerland,2021,T,NONREG,1017.0,,learners
ch-bfs-learners-vet,CH,Switzerland,2022,T,NONREG,956.0,,learners
ch-bfs-learners-vet,CH,Switzerland,2023,T,NONREG,1046.0,,learners
ch-bfs-learners-vet,CH,Switzerland,2024,T,NONREG,1054.0,,learners
ch-bfs-learners-vet,CH,Switzerland,1999,T,TOTAL,202962.0,,learners
ch-bfs-learners-vet,CH,Switzerland,2000,T,TOTAL,207969.0,,learners
ch-bfs-learners-vet,CH,Switzerland,2001,T,TOTAL,210304.0,,learners
ch-bfs-learners-vet,CH,Switzerland,2002,T,TOTAL,210997.0,,learners
ch-bfs-learners-vet,CH,Switzerland,2003,T,TOTAL,212146.0,,learners
ch-bfs-learners-vet,CH,Switzerland,2004,T,TOTAL,211384.0,,learners
ch-bfs-learners-vet,CH,Switzerland,2005,T,TOTAL,213174.0,,learners
ch-bfs-learners-vet,CH,Switzerland,2006,T,TOTAL,218709.0,,learners
ch-bfs-learners-vet,CH,Switzerland,2007,T,TOTAL,219354.0,,learners
ch-bfs-learners-vet,CH,Switzerland,2008,T,TOTAL,225008.0,,learners
ch-bfs-learners-vet,CH,Switzerland,2009,T,TOTAL,229079.0,,learners
ch-bfs-learners-vet,CH,Switzerland,2010,T,TOTAL,228575.0,,learners
ch-bfs-learners-vet,CH,Switzerland,2011,T,TOTAL,231439.0,,learners
ch-bfs-learners-vet,CH,Switzerland,2012,T,TOTAL,229807.0,,learners
ch-bfs-learners-vet,CH,Switzerland,2013,T,TOTAL,229230.0,,learners
ch-bfs-learners-vet,CH,Switzerland,2014,T,TOTAL,229581.0,,learners
ch-bfs-learners-vet,CH,Switzerland,2015,T,TOTAL,226822.0,,learners
ch-bfs-learners-vet,CH,Switzerland,2016,T,TOTAL,224776.0,,learners
ch-bfs-learners-vet,CH,Switzerland,2017,T,TOTAL,223047.0,,learners
ch-bfs-learners-vet,CH,Switzerland,2018,T,TOTAL,219914.0,,learners
ch-bfs-learners-vet,CH,Switzerland,2019,T,TOTAL,217767.0,,learners
ch-bfs-learners-vet,CH,Switzerland,2020,T,TOTAL,215596.0,,learners
ch-bfs-learners-vet,CH,Switzerland,2021,T,TOTAL,215609.0,,learners
ch-bfs-learners-vet,CH,Switzerland,2022,T,TOTAL,213017.0,,learners
ch-bfs-learners-vet,CH,Switzerland,2023,T,TOTAL,214621.0,,learners
ch-bfs-learners-vet,CH,Switzerland,2024,T,TOTAL,217096.0,,learners
