indicator,geo,geo_name,time,action,value,flag,unit
erasmus-ka1-vet-grant,AT,Austria,2014,KA102,4670894.0,,EUR
erasmus-ka1-vet-grant,AT,Austria,2015,KA102,5002736.5,,EUR
erasmus-ka1-vet-grant,AT,Austria,2016,KA102,4843963.0,,EUR
erasmus-ka1-vet-grant,AT,Austria,2017,KA102,5342592.0,,EUR
erasmus-ka1-vet-grant,AT,Austria,2018,KA102,5856004.79,,EUR
erasmus-ka1-vet-grant,AT,Austria,2019,KA102,6590815.17,,EUR
erasmus-ka1-vet-grant,AT,Austria,2020,KA102,6013029.28,,EUR
erasmus-ka1-vet-grant,BE,Belgium,2014,KA102,4365317.0,,EUR
erasmus-ka1-vet-grant,BE,Belgium,2015,KA102,3807963.0,,EUR
erasmus-ka1-vet-grant,BE,Belgium,2016,KA102,4832651.0,,EUR
erasmus-ka1-vet-grant,BE,Belgium,2017,KA102,4598501.65,,EUR
erasmus-ka1-vet-grant,BE,Belgium,2018,KA102,5252894.57,,EUR
erasmus-ka1-vet-grant,BE,Belgium,2019,KA102,4586908.19,,EUR
erasmus-ka1-vet-grant,BE,Belgium,2020,KA102,6491001.99,,EUR
erasmus-ka1-vet-grant,BG,Bulgaria,2014,KA102,4361044.21,,EUR
erasmus-ka1-vet-grant,BG,Bulgaria,2015,KA102,4405649.63,,EUR
erasmus-ka1-vet-grant,BG,Bulgaria,2016,KA102,4326491.62,,EUR
erasmus-ka1-vet-grant,BG,Bulgaria,2017,KA102,4892090.57,,EUR
erasmus-ka1-vet-grant,BG,Bulgaria,2018,KA102,4380632.86,,EUR
erasmus-ka1-vet-grant,BG,Bulgaria,2019,KA102,4987124.98,,EUR
erasmus-ka1-vet-grant,BG,Bulgaria,2020,KA102,5217867.48,,EUR
erasmus-ka1-vet-grant,CY,Cyprus,2014,KA102,915395.0,,EUR
erasmus-ka1-vet-grant,CY,Cyprus,2015,KA102,979457.0,,EUR
erasmus-ka1-vet-grant,CY,Cyprus,2016,KA102,1006136.0,,EUR
erasmus-ka1-vet-grant,CY,Cyprus,2017,KA102,998388.0,,EUR
erasmus-ka1-vet-grant,CY,Cyprus,2018,KA102,1112941.5,,EUR
erasmus-ka1-vet-grant,CY,Cyprus,2019,KA102,1073048.71,,EUR
erasmus-ka1-vet-grant,CY,Cyprus,2020,KA102,1204754.0,,EUR
erasmus-ka1-vet-grant,CZ,Czechia,2014,KA102,6290360.06,,EUR
erasmus-ka1-vet-grant,CZ,Czechia,2015,KA102,6457680.95,,EUR
erasmus-ka1-vet-grant,CZ,Czechia,2016,KA102,6468074.34,,EUR
erasmus-ka1-vet-grant,CZ,Czechia,2017,KA102,7312188.55,,EUR
erasmus-ka1-vet-grant,CZ,Czechia,2018,KA102,7580355.7,,EUR
erasmus-ka1-vet-grant,CZ,Czechia,2019,KA102,8719889.47,,EUR
erasmus-ka1-vet-grant,CZ,Czechia,2020,KA102,8194597.09,,EUR
erasmus-ka1-vet-grant,DE,Germany,2014,KA102,25757160.77,,EUR
erasmus-ka1-vet-grant,DE,Germany,2015,KA102,27297510.83,,EUR
erasmus-ka1-vet-grant,DE,Germany,2016,KA102,25210723.91,,EUR
erasmus-ka1-vet-grant,DE,Germany,2017,KA102,25668796.69,,EUR
erasmus-ka1-vet-grant,DE,Germany,2018,KA102,25144118.91,,EUR
erasmus-ka1-vet-grant,DE,Germany,2019,KA102,18751887.33,,EUR
erasmus-ka1-vet-grant,DE,Germany,2020,KA102,17030704.2,,EUR
erasmus-ka1-vet-grant,DK,Denmark,2014,KA102,3349753.57,,EUR
erasmus-ka1-vet-grant,DK,Denmark,2015,KA102,3101418.0,,EUR
erasmus-ka1-vet-grant,DK,Denmark,2016,KA102,2458552.0,,EUR
erasmus-ka1-vet-grant,DK,Denmark,2017,KA102,2006009.0,,EUR
erasmus-ka1-vet-grant,DK,Denmark,2018,KA102,1977790.64,,EUR
erasmus-ka1-vet-grant,DK,Denmark,2019,KA102,1260572.22,,EUR
erasmus-ka1-vet-grant,DK,Denmark,2020,KA102,2217249.67,,EUR
erasmus-ka1-vet-grant,EE,Estonia,2014,KA102,2009419.02,,EUR
erasmus-ka1-vet-grant,EE,Estonia,2015,KA102,1957468.0,,EUR
erasmus-ka1-vet-grant,EE,Estonia,2016,KA102,1363299.67,,EUR
erasmus-ka1-vet-grant,EE,Estonia,2017,KA102,1174949.0,,EUR
erasmus-ka1-vet-grant,EE,Estonia,2018,KA102,1532951.86,,EUR
erasmus-ka1-vet-grant,EE,Estonia,2019,KA102,666174.6,,EUR
erasmus-ka1-vet-grant,EE,Estonia,2020,KA102,1078796.0,,EUR
erasmus-ka1-vet-grant,EL,Greece,2014,KA102,6153853.07,,EUR
erasmus-ka1-vet-grant,EL,Greece,2015,KA102,5640440.0,,EUR
erasmus-ka1-vet-grant,EL,Greece,2016,KA102,6060839.56,,EUR
erasmus-ka1-vet-grant,EL,Greece,2017,KA102,6357573.96,,EUR
erasmus-ka1-vet-grant,EL,Greece,2018,KA102,6702073.95,,EUR
erasmus-ka1-vet-grant,EL,Greece,2019,KA102,7774990.35,,EUR
erasmus-ka1-vet-grant,EL,Greece,2020,KA102,6443933.27,,EUR
erasmus-ka1-vet-grant,ES,Spain,2014,KA102,19309321.44,,EUR
erasmus-ka1-vet-grant,ES,Spain,2015,KA102,18828934.68,,EUR
erasmus-ka1-vet-grant,ES,Spain,2016,KA102,15811811.79,,EUR
erasmus-ka1-vet-grant,ES,Spain,2017,KA102,18606294.44,,EUR
erasmus-ka1-vet-grant,ES,Spain,2018,KA102,19832223.97,,EUR
erasmus-ka1-vet-grant,ES,Spain,2019,KA102,17335015.78,,EUR
erasmus-ka1-vet-grant,ES,Spain,2020,KA102,19425735.05,,EUR
erasmus-ka1-vet-grant,EU27,European Union (27),2014,KA102,208006095.92,,EUR
erasmus-ka1-vet-grant,EU27,European Union (27),2015,KA102,207543226.37,,EUR
erasmus-ka1-vet-grant,EU27,European Union (27),2016,KA102,183178411.48,,EUR
erasmus-ka1-vet-grant,EU27,European Union (27),2017,KA102,190508183.63,,EUR
erasmus-ka1-vet-grant,EU27,European Union (27),2018,KA102,198143001.57,,EUR
erasmus-ka1-vet-grant,EU27,European Union (27),2019,KA102,194211385.14,,EUR
erasmus-ka1-vet-grant,EU27,European Union (27),2020,KA102,191250968.75,,EUR
erasmus-ka1-vet-grant,FI,Finland,2014,KA102,4659207.0,,EUR
erasmus-ka1-vet-grant,FI,Finland,2015,KA102,4583085.02,,EUR
erasmus-ka1-vet-grant,FI,Finland,2016,KA102,2596717.0,,EUR
erasmus-ka1-vet-grant,FI,Finland,2017,KA102,2031118.0,,EUR
erasmus-ka1-vet-grant,FI,Finland,2018,KA102,1796897.81,,EUR
erasmus-ka1-vet-grant,FI,Finland,2019,KA102,1171554.66,,EUR
erasmus-ka1-vet-grant,FI,Finland,2020,KA102,471620.12,,EUR
erasmus-ka1-vet-grant,FR,France,2014,KA102,26504184.53,,EUR
erasmus-ka1-vet-grant,FR,France,2015,KA102,25882625.67,,EUR
erasmus-ka1-vet-grant,FR,France,2016,KA102,23633162.95,,EUR
erasmus-ka1-vet-grant,FR,France,2017,KA102,25506391.43,,EUR
erasmus-ka1-vet-grant,FR,France,2018,KA102,24592900.89,,EUR
erasmus-ka1-vet-grant,FR,France,2019,KA102,14770760.11,,EUR
erasmus-ka1-vet-grant,FR,France,2020,KA102,20611563.41,,EUR
erasmus-ka1-vet-grant,HR,Croatia,2014,KA102,2199544.45,,EUR
erasmus-ka1-vet-grant,HR,Croatia,2015,KA102,2334144.0,,EUR
erasmus-ka1-vet-grant,HR,Croatia,2016,KA102,2440157.25,,EUR
erasmus-ka1-vet-grant,HR,Croatia,2017,KA102,2579986.5,,EUR
erasmus-ka1-vet-grant,HR,Croatia,2018,KA102,3008799.05,,EUR
erasmus-ka1-vet-grant,HR,Croatia,2019,KA102,3302401.25,,EUR
erasmus-ka1-vet-grant,HR,Croatia,2020,KA102,2725185.81,,EUR
erasmus-ka1-vet-grant,HU,Hungary,2014,KA102,5834918.82,,EUR
erasmus-ka1-vet-grant,HU,Hungary,2015,KA102,5916272.71,,EUR
erasmus-ka1-vet-grant,HU,Hungary,2016,KA102,5297171.99,,EUR
erasmus-ka1-vet-grant,HU,Hungary,2017,KA102,5387940.3,,EUR
erasmus-ka1-vet-grant,HU,Hungary,2018,KA102,5011847.05,,EUR
erasmus-ka1-vet-grant,HU,Hungary,2019,KA102,5889527.47,,EUR
erasmus-ka1-vet-grant,HU,Hungary,2020,KA102,5585087.91,,EUR
erasmus-ka1-vet-grant,IE,Ireland,2014,KA102,2008997.25,,EUR
erasmus-ka1-vet-grant,IE,Ireland,2015,KA102,1525218.0,,EUR
erasmus-ka1-vet-grant,IE,Ireland,2016,KA102,721503.0,,EUR
erasmus-ka1-vet-grant,IE,Ireland,2017,KA102,1641479.93,,EUR
erasmus-ka1-vet-grant,IE,Ireland,2018,KA102,2171574.39,,EUR
erasmus-ka1-vet-grant,IE,Ireland,2019,KA102,2300265.51,,EUR
erasmus-ka1-vet-grant,IE,Ireland,2020,KA102,1753605.93,,EUR
erasmus-ka1-vet-grant,IS,Iceland,2014,KA102,405729.0,,EUR
erasmus-ka1-vet-grant,IS,Iceland,2015,KA102,521214.0,,EUR
erasmus-ka1-vet-grant,IS,Iceland,2016,KA102,301640.0,,EUR
erasmus-ka1-vet-grant,IS,Iceland,2017,KA102,348580.0,,EUR
erasmus-ka1-vet-grant,IS,Iceland,2018,KA102,169367.0,,EUR
erasmus-ka1-vet-grant,IS,Iceland,2019,KA102,202773.4,,EUR
erasmus-ka1-vet-grant,IS,Iceland,2020,KA102,222525.0,,EUR
erasmus-ka1-vet-grant,IT,Italy,2014,KA102,23889214.47,,EUR
erasmus-ka1-vet-grant,IT,Italy,2015,KA102,24478135.41,,EUR
erasmus-ka1-vet-grant,IT,Italy,2016,KA102,21595100.72,,EUR
erasmus-ka1-vet-grant,IT,Italy,2017,KA102,23549636.08,,EUR
erasmus-ka1-vet-grant,IT,Italy,2018,KA102,24134177.52,,EUR
erasmus-ka1-vet-grant,IT,Italy,2019,KA102,27350177.68,,EUR
erasmus-ka1-vet-grant,IT,Italy,2020,KA102,24115133.67,,EUR
erasmus-ka1-vet-grant,LI,Liechtenstein,2014,KA102,109643.0,,EUR
erasmus-ka1-vet-grant,LI,Liechtenstein,2015,KA102,133646.0,,EUR
erasmus-ka1-vet-grant,LI,Liechtenstein,2016,KA102,157883.0,,EUR
erasmus-ka1-vet-grant,LI,Liechtenstein,2017,KA102,126709.0,,EUR
erasmus-ka1-vet-grant,LI,Liechtenstein,2018,KA102,174137.61,,EUR
erasmus-ka1-vet-grant,LI,Liechtenstein,2019,KA102,33024.08,,EUR
erasmus-ka1-vet-grant,LI,Liechtenstein,2020,KA102,189309.0,,EUR
erasmus-ka1-vet-grant,LT,Lithuania,2014,KA102,3866002.93,,EUR
erasmus-ka1-vet-grant,LT,Lithuania,2015,KA102,3922936.86,,EUR
erasmus-ka1-vet-grant,LT,Lithuania,2016,KA102,2538416.51,,EUR
erasmus-ka1-vet-grant,LT,Lithuania,2017,KA102,2108325.5,,EUR
erasmus-ka1-vet-grant,LT,Lithuania,2018,KA102,2342902.0,,EUR
erasmus-ka1-vet-grant,LT,Lithuania,2019,KA102,2737329.52,,EUR
erasmus-ka1-vet-grant,LT,Lithuania,2020,KA102,2543535.0,,EUR
erasmus-ka1-vet-grant,LU,Luxembourg,2014,KA102,389898.0,,EUR
erasmus-ka1-vet-grant,LU,Luxembourg,2015,KA102,476249.0,,EUR
erasmus-ka1-vet-grant,LU,Luxembourg,2016,KA102,398205.0,,EUR
erasmus-ka1-vet-grant,LU,Luxembourg,2017,KA102,140574.0,,EUR
erasmus-ka1-vet-grant,LU,Luxembourg,2018,KA102,304293.0,,EUR
erasmus-ka1-vet-grant,LU,Luxembourg,2019,KA102,53851.66,,EUR
erasmus-ka1-vet-grant,LU,Luxembourg,2020,KA102,37722.0,,EUR
erasmus-ka1-vet-grant,LV,Latvia,2014,KA102,2111106.03,,EUR
erasmus-ka1-vet-grant,LV,Latvia,2015,KA102,2605580.32,,EUR
erasmus-ka1-vet-grant,LV,Latvia,2016,KA102,2771613.53,,EUR
erasmus-ka1-vet-grant,LV,Latvia,2017,KA102,1534672.0,,EUR
erasmus-ka1-vet-grant,LV,Latvia,2018,KA102,1192092.03,,EUR
erasmus-ka1-vet-grant,LV,Latvia,2019,KA102,1384712.65,,EUR
erasmus-ka1-vet-grant,LV,Latvia,2020,KA102,1137272.0,,EUR
erasmus-ka1-vet-grant,MK,North Macedonia,2014,KA102,575061.0,,EUR
erasmus-ka1-vet-grant,MK,North Macedonia,2015,KA102,626999.0,,EUR
erasmus-ka1-vet-grant,MK,North Macedonia,2016,KA102,911803.0,,EUR
erasmus-ka1-vet-grant,MK,North Macedonia,2017,KA102,938867.0,,EUR
erasmus-ka1-vet-grant,MK,North Macedonia,2018,KA102,991217.0,,EUR
erasmus-ka1-vet-grant,MK,North Macedonia,2019,KA102,866730.0,,EUR
erasmus-ka1-vet-grant,MK,North Macedonia,2020,KA102,861815.0,,EUR
erasmus-ka1-vet-grant,MT,Malta,2014,KA102,658954.0,,EUR
erasmus-ka1-vet-grant,MT,Malta,2015,KA102,488294.25,,EUR
erasmus-ka1-vet-grant,MT,Malta,2016,KA102,153825.0,,EUR
erasmus-ka1-vet-grant,MT,Malta,2017,KA102,151878.0,,EUR
erasmus-ka1-vet-grant,MT,Malta,2018,KA102,270025.0,,EUR
erasmus-ka1-vet-grant,MT,Malta,2019,KA102,101954.0,,EUR
erasmus-ka1-vet-grant,MT,Malta,2020,KA102,240052.0,,EUR
erasmus-ka1-vet-grant,NL,Netherlands,2014,KA102,9664712.63,,EUR
erasmus-ka1-vet-grant,NL,Netherlands,2015,KA102,9420710.51,,EUR
erasmus-ka1-vet-grant,NL,Netherlands,2016,KA102,4193204.02,,EUR
erasmus-ka1-vet-grant,NL,Netherlands,2017,KA102,2653888.0,,EUR
erasmus-ka1-vet-grant,NL,Netherlands,2018,KA102,2303408.26,,EUR
erasmus-ka1-vet-grant,NL,Netherlands,2019,KA102,2008003.33,,EUR
erasmus-ka1-vet-grant,NL,Netherlands,2020,KA102,1902466.0,,EUR
erasmus-ka1-vet-grant,NO,Norway,2014,KA102,3319902.0,,EUR
erasmus-ka1-vet-grant,NO,Norway,2015,KA102,3288488.0,,EUR
erasmus-ka1-vet-grant,NO,Norway,2016,KA102,1611495.0,,EUR
erasmus-ka1-vet-grant,NO,Norway,2017,KA102,2070479.0,,EUR
erasmus-ka1-vet-grant,NO,Norway,2018,KA102,2011240.83,,EUR
erasmus-ka1-vet-grant,NO,Norway,2019,KA102,1627546.68,,EUR
erasmus-ka1-vet-grant,NO,Norway,2020,KA102,1839660.54,,EUR
erasmus-ka1-vet-grant,PL,Poland,2014,KA102,21399686.36,,EUR
erasmus-ka1-vet-grant,PL,Poland,2015,KA102,21152967.6,,EUR
erasmus-ka1-vet-grant,PL,Poland,2016,KA102,19854555.13,,EUR
erasmus-ka1-vet-grant,PL,Poland,2017,KA102,20043645.47,,EUR
erasmus-ka1-vet-grant,PL,Poland,2018,KA102,22636422.41,,EUR
erasmus-ka1-vet-grant,PL,Poland,2019,KA102,27310720.92,,EUR
erasmus-ka1-vet-grant,PL,Poland,2020,KA102,25945677.58,,EUR
erasmus-ka1-vet-grant,PT,Portugal,2014,KA102,6871788.63,,EUR
erasmus-ka1-vet-grant,PT,Portugal,2015,KA102,7026763.38,,EUR
erasmus-ka1-vet-grant,PT,Portugal,2016,KA102,5425937.37,,EUR
erasmus-ka1-vet-grant,PT,Portugal,2017,KA102,6031974.15,,EUR
erasmus-ka1-vet-grant,PT,Portugal,2018,KA102,5495399.51,,EUR
erasmus-ka1-vet-grant,PT,Portugal,2019,KA102,6431356.42,,EUR
erasmus-ka1-vet-grant,PT,Portugal,2020,KA102,7699171.11,,EUR
erasmus-ka1-vet-grant,RO,Romania,2014,KA102,9634181.9,,EUR
erasmus-ka1-vet-grant,RO,Romania,2015,KA102,10090946.05,,EUR
erasmus-ka1-vet-grant,RO,Romania,2016,KA102,9556530.12,,EUR
erasmus-ka1-vet-grant,RO,Romania,2017,KA102,10515944.1,,EUR
erasmus-ka1-vet-grant,RO,Romania,2018,KA102,12401445.71,,EUR
erasmus-ka1-vet-grant,RO,Romania,2019,KA102,13715323.93,,EUR
erasmus-ka1-vet-grant,RO,Romania,2020,KA102,13885782.2,,EUR
erasmus-ka1-vet-grant,RS,Serbia,2017,KA102,84171.0,,EUR
erasmus-ka1-vet-grant,RS,Serbia,2018,KA102,171325.0,,EUR
erasmus-ka1-vet-grant,RS,Serbia,2019,KA102,723945.17,,EUR
erasmus-ka1-vet-grant,RS,Serbia,2020,KA102,998916.0,,EUR
erasmus-ka1-vet-grant,SE,Sweden,2014,KA102,4724427.0,,EUR
erasmus-ka1-vet-grant,SE,Sweden,2015,KA102,3490724.0,,EUR
erasmus-ka1-vet-grant,SE,Sweden,2016,KA102,3962576.0,,EUR
erasmus-ka1-vet-grant,SE,Sweden,2017,KA102,3827937.32,,EUR
erasmus-ka1-vet-grant,SE,Sweden,2018,KA102,4539374.8,,EUR
erasmus-ka1-vet-grant,SE,Sweden,2019,KA102,5201284.0,,EUR
erasmus-ka1-vet-grant,SE,Sweden,2020,KA102,4403397.98,,EUR
erasmus-ka1-vet-grant,SI,Slovenia,2014,KA102,1999055.8,,EUR
erasmus-ka1-vet-grant,SI,Slovenia,2015,KA102,2495294.0,,EUR
erasmus-ka1-vet-grant,SI,Slovenia,2016,KA102,2084708.0,,EUR
erasmus-ka1-vet-grant,SI,Slovenia,2017,KA102,2176168.0,,EUR
erasmus-ka1-vet-grant,SI,Slovenia,2018,KA102,2436430.11,,EUR
erasmus-ka1-vet-grant,SI,Slovenia,2019,KA102,2633550.87,,EUR
erasmus-ka1-vet-grant,SI,Slovenia,2020,KA102,2302682.0,,EUR
erasmus-ka1-vet-grant,SK,Slovakia,2014,KA102,4407697.98,,EUR
erasmus-ka1-vet-grant,SK,Slovakia,2015,KA102,4174021.0,,EUR
erasmus-ka1-vet-grant,SK,Slovakia,2016,KA102,3572485.0,,EUR
erasmus-ka1-vet-grant,SK,Slovakia,2017,KA102,3669240.99,,EUR
erasmus-ka1-vet-grant,SK,Slovakia,2018,KA102,4133023.28,,EUR
erasmus-ka1-vet-grant,SK,Slovakia,2019,KA102,6102184.36,,EUR
erasmus-ka1-vet-grant,SK,Slovakia,2020,KA102,2573346.0,,EUR
erasmus-ka1-vet-grant,TR,Türkiye,2014,KA102,16743738.67,,EUR
erasmus-ka1-vet-grant,TR,Türkiye,2015,KA102,17558844.61,,EUR
erasmus-ka1-vet-grant,TR,Türkiye,2016,KA102,16779917.45,,EUR
erasmus-ka1-vet-grant,TR,Türkiye,2017,KA102,16008253.56,,EUR
erasmus-ka1-vet-grant,TR,Türkiye,2018,KA102,17664517.81,,EUR
erasmus-ka1-vet-grant,TR,Türkiye,2019,KA102,16240417.92,,EUR
erasmus-ka1-vet-grant,TR,Türkiye,2020,KA102,15736981.91,,EUR
erasmus-ka1-vet-grant,UK,United Kingdom,2014,KA102,12901215.47,,EUR
erasmus-ka1-vet-grant,UK,United Kingdom,2015,KA102,14124205.61,,EUR
erasmus-ka1-vet-grant,UK,United Kingdom,2016,KA102,16316027.26,,EUR
erasmus-ka1-vet-grant,UK,United Kingdom,2017,KA102,17312983.49,,EUR
erasmus-ka1-vet-grant,UK,United Kingdom,2018,KA102,14344862.67,,EUR
erasmus-ka1-vet-grant,UK,United Kingdom,2019,KA102,16626766.14,,EUR
erasmus-ka1-vet-grant,UK,United Kingdom,2020,KA102,18564797.38,,EUR
erasmus-ka1-vet-grant,AT,Austria,2014,KA116,0.0,,EUR
erasmus-ka1-vet-grant,AT,Austria,2015,KA116,0.0,,EUR
erasmus-ka1-vet-grant,AT,Austria,2016,KA116,378987.0,,EUR
erasmus-ka1-vet-grant,AT,Austria,2017,KA116,699868.0,,EUR
erasmus-ka1-vet-grant,AT,Austria,2018,KA116,1055448.0,,EUR
erasmus-ka1-vet-grant,AT,Austria,2019,KA116,1115110.0,,EUR
erasmus-ka1-vet-grant,AT,Austria,2020,KA116,1119000.63,,EUR
erasmus-ka1-vet-grant,BE,Belgium,2014,KA116,0.0,,EUR
erasmus-ka1-vet-grant,BE,Belgium,2015,KA116,0.0,,EUR
erasmus-ka1-vet-grant,BE,Belgium,2016,KA116,469016.84,,EUR
erasmus-ka1-vet-grant,BE,Belgium,2017,KA116,1011442.44,,EUR
erasmus-ka1-vet-grant,BE,Belgium,2018,KA116,1844930.23,,EUR
erasmus-ka1-vet-grant,BE,Belgium,2019,KA116,1322707.34,,EUR
erasmus-ka1-vet-grant,BE,Belgium,2020,KA116,2186021.58,,EUR
erasmus-ka1-vet-grant,BG,Bulgaria,2014,KA116,0.0,,EUR
erasmus-ka1-vet-grant,BG,Bulgaria,2015,KA116,0.0,,EUR
erasmus-ka1-vet-grant,BG,Bulgaria,2016,KA116,0.0,,EUR
erasmus-ka1-vet-grant,BG,Bulgaria,2017,KA116,285296.0,,EUR
erasmus-ka1-vet-grant,BG,Bulgaria,2018,KA116,1128596.0,,EUR
erasmus-ka1-vet-grant,BG,Bulgaria,2019,KA116,1602219.67,,EUR
erasmus-ka1-vet-grant,BG,Bulgaria,2020,KA116,2077054.11,,EUR
erasmus-ka1-vet-grant,CY,Cyprus,2014,KA116,0.0,,EUR
erasmus-ka1-vet-grant,CY,Cyprus,2015,KA116,0.0,,EUR
erasmus-ka1-vet-grant,CY,Cyprus,2016,KA116,181604.0,,EUR
erasmus-ka1-vet-grant,CY,Cyprus,2017,KA116,321553.0,,EUR
erasmus-ka1-vet-grant,CY,Cyprus,2018,KA116,340258.0,,EUR
erasmus-ka1-vet-grant,CY,Cyprus,2019,KA116,350460.0,,EUR
erasmus-ka1-vet-grant,CY,Cyprus,2020,KA116,221882.0,,EUR
erasmus-ka1-vet-grant,CZ,Czechia,2014,KA116,0.0,,EUR
erasmus-ka1-vet-grant,CZ,Czechia,2015,KA116,0.0,,EUR
erasmus-ka1-vet-grant,CZ,Czechia,2016,KA116,308323.0,,EUR
erasmus-ka1-vet-grant,CZ,Czechia,2017,KA116,863601.43,,EUR
erasmus-ka1-vet-grant,CZ,Czechia,2018,KA116,1720922.25,,EUR
erasmus-ka1-vet-grant,CZ,Czechia,2019,KA116,2659665.61,,EUR
erasmus-ka1-vet-grant,CZ,Czechia,2020,KA116,3166999.0,,EUR
erasmus-ka1-vet-grant,DE,Germany,2014,KA116,0.0,,EUR
erasmus-ka1-vet-grant,DE,Germany,2015,KA116,0.0,,EUR
erasmus-ka1-vet-grant,DE,Germany,2016,KA116,3589919.0,,EUR
erasmus-ka1-vet-grant,DE,Germany,2017,KA116,7730653.92,,EUR
erasmus-ka1-vet-grant,DE,Germany,2018,KA116,9692536.47,,EUR
erasmus-ka1-vet-grant,DE,Germany,2019,KA116,7846813.31,,EUR
erasmus-ka1-vet-grant,DE,Germany,2020,KA116,4601539.18,,EUR
erasmus-ka1-vet-grant,DK,Denmark,2014,KA116,0.0,,EUR
erasmus-ka1-vet-grant,DK,Denmark,2015,KA116,0.0,,EUR
erasmus-ka1-vet-grant,DK,Denmark,2016,KA116,1136752.39,,EUR
erasmus-ka1-vet-grant,DK,Denmark,2017,KA116,1689691.0,,EUR
erasmus-ka1-vet-grant,DK,Denmark,2018,KA116,2162824.8,,EUR
erasmus-ka1-vet-grant,DK,Denmark,2019,KA116,2740010.64,,EUR
erasmus-ka1-vet-grant,DK,Denmark,2020,KA116,1976606.0,,EUR
erasmus-ka1-vet-grant,EE,Estonia,2014,KA116,0.0,,EUR
erasmus-ka1-vet-grant,EE,Estonia,2015,KA116,0.0,,EUR
erasmus-ka1-vet-grant,EE,Estonia,2016,KA116,774195.0,,EUR
erasmus-ka1-vet-grant,EE,Estonia,2017,KA116,1511649.0,,EUR
erasmus-ka1-vet-grant,EE,Estonia,2018,KA116,1018337.0,,EUR
erasmus-ka1-vet-grant,EE,Estonia,2019,KA116,2363389.07,,EUR
erasmus-ka1-vet-grant,EE,Estonia,2020,KA116,2355947.0,,EUR
erasmus-ka1-vet-grant,EL,Greece,2014,KA116,0.0,,EUR
erasmus-ka1-vet-grant,EL,Greece,2015,KA116,0.0,,EUR
erasmus-ka1-vet-grant,EL,Greece,2016,KA116,569209.0,,EUR
erasmus-ka1-vet-grant,EL,Greece,2017,KA116,853897.0,,EUR
erasmus-ka1-vet-grant,EL,Greece,2018,KA116,1284445.0,,EUR
erasmus-ka1-vet-grant,EL,Greece,2019,KA116,1341825.0,,EUR
erasmus-ka1-vet-grant,EL,Greece,2020,KA116,1183609.0,,EUR
erasmus-ka1-vet-grant,ES,Spain,2014,KA116,0.0,,EUR
erasmus-ka1-vet-grant,ES,Spain,2015,KA116,0.0,,EUR
erasmus-ka1-vet-grant,ES,Spain,2016,KA116,1108199.0,,EUR
erasmus-ka1-vet-grant,ES,Spain,2017,KA116,2175905.5,,EUR
erasmus-ka1-vet-grant,ES,Spain,2018,KA116,3587935.09,,EUR
erasmus-ka1-vet-grant,ES,Spain,2019,KA116,3476952.29,,EUR
erasmus-ka1-vet-grant,ES,Spain,2020,KA116,5604580.32,,EUR
erasmus-ka1-vet-grant,EU27,European Union (27),2014,KA116,0.0,,EUR
erasmus-ka1-vet-grant,EU27,European Union (27),2015,KA116,0.0,,EUR
erasmus-ka1-vet-grant,EU27,European Union (27),2016,KA116,30129588.01,,EUR
erasmus-ka1-vet-grant,EU27,European Union (27),2017,KA116,55592829.66,,EUR
erasmus-ka1-vet-grant,EU27,European Union (27),2018,KA116,78983476.41,,EUR
erasmus-ka1-vet-grant,EU27,European Union (27),2019,KA116,78530457.46,,EUR
erasmus-ka1-vet-grant,EU27,European Union (27),2020,KA116,89495867.52,,EUR
erasmus-ka1-vet-grant,FI,Finland,2014,KA116,0.0,,EUR
erasmus-ka1-vet-grant,FI,Finland,2015,KA116,0.0,,EUR
erasmus-ka1-vet-grant,FI,Finland,2016,KA116,1837694.68,,EUR
erasmus-ka1-vet-grant,FI,Finland,2017,KA116,2971973.7,,EUR
erasmus-ka1-vet-grant,FI,Finland,2018,KA116,3610418.44,,EUR
erasmus-ka1-vet-grant,FI,Finland,2019,KA116,2333865.06,,EUR
erasmus-ka1-vet-grant,FI,Finland,2020,KA116,586885.89,,EUR
erasmus-ka1-vet-grant,FR,France,2014,KA116,0.0,,EUR
erasmus-ka1-vet-grant,FR,France,2015,KA116,0.0,,EUR
erasmus-ka1-vet-grant,FR,France,2016,KA116,3447873.0,,EUR
erasmus-ka1-vet-grant,FR,France,2017,KA116,5832620.0,,EUR
erasmus-ka1-vet-grant,FR,France,2018,KA116,9526964.3,,EUR
erasmus-ka1-vet-grant,FR,France,2019,KA116,6834456.87,,EUR
erasmus-ka1-vet-grant,FR,France,2020,KA116,8179185.21,,EUR
erasmus-ka1-vet-grant,HR,Croatia,2014,KA116,0.0,,EUR
erasmus-ka1-vet-grant,HR,Croatia,2015,KA116,0.0,,EUR
erasmus-ka1-vet-grant,HR,Croatia,2016,KA116,179811.0,,EUR
erasmus-ka1-vet-grant,HR,Croatia,2017,KA116,460965.0,,EUR
erasmus-ka1-vet-grant,HR,Croatia,2018,KA116,956076.0,,EUR
erasmus-ka1-vet-grant,HR,Croatia,2019,KA116,1417479.7,,EUR
erasmus-ka1-vet-grant,HR,Croatia,2020,KA116,2267971.27,,EUR
erasmus-ka1-vet-grant,HU,Hungary,2014,KA116,0.0,,EUR
erasmus-ka1-vet-grant,HU,Hungary,2015,KA116,0.0,,EUR
erasmus-ka1-vet-grant,HU,Hungary,2016,KA116,660791.0,,EUR
erasmus-ka1-vet-grant,HU,Hungary,2017,KA116,1516535.0,,EUR
erasmus-ka1-vet-grant,HU,Hungary,2018,KA116,2557911.54,,EUR
erasmus-ka1-vet-grant,HU,Hungary,2019,KA116,2628727.11,,EUR
erasmus-ka1-vet-grant,HU,Hungary,2020,KA116,3479619.56,,EUR
erasmus-ka1-vet-grant,IE,Ireland,2014,KA116,0.0,,EUR
erasmus-ka1-vet-grant,IE,Ireland,2015,KA116,0.0,,EUR
erasmus-ka1-vet-grant,IE,Ireland,2016,KA116,699780.13,,EUR
erasmus-ka1-vet-grant,IE,Ireland,2017,KA116,943381.47,,EUR
erasmus-ka1-vet-grant,IE,Ireland,2018,KA116,1128618.26,,EUR
erasmus-ka1-vet-grant,IE,Ireland,2019,KA116,686609.58,,EUR
erasmus-ka1-vet-grant,IE,Ireland,2020,KA116,1493044.94,,EUR
erasmus-ka1-vet-grant,IS,Iceland,2014,KA116,0.0,,EUR
erasmus-ka1-vet-grant,IS,Iceland,2015,KA116,0.0,,EUR
erasmus-ka1-vet-grant,IS,Iceland,2016,KA116,327614.0,,EUR
erasmus-ka1-vet-grant,IS,Iceland,2017,KA116,472185.0,,EUR
erasmus-ka1-vet-grant,IS,Iceland,2018,KA116,585033.0,,EUR
erasmus-ka1-vet-grant,IS,Iceland,2019,KA116,489723.0,,EUR
erasmus-ka1-vet-grant,IS,Iceland,2020,KA116,856286.0,,EUR
erasmus-ka1-vet-grant,IT,Italy,2014,KA116,0.0,,EUR
erasmus-ka1-vet-grant,IT,Italy,2015,KA116,0.0,,EUR
erasmus-ka1-vet-grant,IT,Italy,2016,KA116,3965377.7,,EUR
erasmus-ka1-vet-grant,IT,Italy,2017,KA116,5991764.77,,EUR
erasmus-ka1-vet-grant,IT,Italy,2018,KA116,9607023.7,,EUR
erasmus-ka1-vet-grant,IT,Italy,2019,KA116,11156336.92,,EUR
erasmus-ka1-vet-grant,IT,Italy,2020,KA116,16020898.12,,EUR
erasmus-ka1-vet-grant,LI,Liechtenstein,2014,KA116,0.0,,EUR
erasmus-ka1-vet-grant,LI,Liechtenstein,2015,KA116,0.0,,EUR
erasmus-ka1-vet-grant,LI,Liechtenstein,2016,KA116,0.0,,EUR
erasmus-ka1-vet-grant,LI,Liechtenstein,2017,KA116,0.0,,EUR
erasmus-ka1-vet-grant,LI,Liechtenstein,2018,KA116,0.0,,EUR
erasmus-ka1-vet-grant,LI,Liechtenstein,2019,KA116,0.0,,EUR
erasmus-ka1-vet-grant,LI,Liechtenstein,2020,KA116,0.0,,EUR
erasmus-ka1-vet-grant,LT,Lithuania,2014,KA116,0.0,,EUR
erasmus-ka1-vet-grant,LT,Lithuania,2015,KA116,0.0,,EUR
erasmus-ka1-vet-grant,LT,Lithuania,2016,KA116,1346382.27,,EUR
erasmus-ka1-vet-grant,LT,Lithuania,2017,KA116,2120760.23,,EUR
erasmus-ka1-vet-grant,LT,Lithuania,2018,KA116,2698452.07,,EUR
erasmus-ka1-vet-grant,LT,Lithuania,2019,KA116,3169863.29,,EUR
erasmus-ka1-vet-grant,LT,Lithuania,2020,KA116,3401715.13,,EUR
erasmus-ka1-vet-grant,LU,Luxembourg,2014,KA116,0.0,,EUR
erasmus-ka1-vet-grant,LU,Luxembourg,2015,KA116,0.0,,EUR
erasmus-ka1-vet-grant,LU,Luxembourg,2016,KA116,74761.0,,EUR
erasmus-ka1-vet-grant,LU,Luxembourg,2017,KA116,319853.0,,EUR
erasmus-ka1-vet-grant,LU,Luxembourg,2018,KA116,223464.0,,EUR
erasmus-ka1-vet-grant,LU,Luxembourg,2019,KA116,97333.0,,EUR
erasmus-ka1-vet-grant,LU,Luxembourg,2020,KA116,460887.0,,EUR
erasmus-ka1-vet-grant,LV,Latvia,2014,KA116,0.0,,EUR
erasmus-ka1-vet-grant,LV,Latvia,2015,KA116,0.0,,EUR
erasmus-ka1-vet-grant,LV,Latvia,2016,KA116,107813.0,,EUR
erasmus-ka1-vet-grant,LV,Latvia,2017,KA116,1654359.1,,EUR
erasmus-ka1-vet-grant,LV,Latvia,2018,KA116,2510973.72,,EUR
erasmus-ka1-vet-grant,LV,Latvia,2019,KA116,2176886.4,,EUR
erasmus-ka1-vet-grant,LV,Latvia,2020,KA116,3152833.98,,EUR
erasmus-ka1-vet-grant,MK,North Macedonia,2014,KA116,0.0,,EUR
erasmus-ka1-vet-grant,MK,North Macedonia,2015,KA116,0.0,,EUR
erasmus-ka1-vet-grant,MK,North Macedonia,2016,KA116,0.0,,EUR
erasmus-ka1-vet-grant,MK,North Macedonia,2017,KA116,24224.0,,EUR
erasmus-ka1-vet-grant,MK,North Macedonia,2018,KA116,135426.0,,EUR
erasmus-ka1-vet-grant,MK,North Macedonia,2019,KA116,212495.0,,EUR
erasmus-ka1-vet-grant,MK,North Macedonia,2020,KA116,530083.0,,EUR
erasmus-ka1-vet-grant,MT,Malta,2014,KA116,0.0,,EUR
erasmus-ka1-vet-grant,MT,Malta,2015,KA116,0.0,,EUR
erasmus-ka1-vet-grant,MT,Malta,2016,KA116,0.0,,EUR
erasmus-ka1-vet-grant,MT,Malta,2017,KA116,540323.0,,EUR
erasmus-ka1-vet-grant,MT,Malta,2018,KA116,709482.27,,EUR
erasmus-ka1-vet-grant,MT,Malta,2019,KA116,673580.05,,EUR
erasmus-ka1-vet-grant,MT,Malta,2020,KA116,601236.03,,EUR
erasmus-ka1-vet-grant,NL,Netherlands,2014,KA116,0.0,,EUR
erasmus-ka1-vet-grant,NL,Netherlands,2015,KA116,0.0,,EUR
erasmus-ka1-vet-grant,NL,Netherlands,2016,KA116,5577453.0,,EUR
erasmus-ka1-vet-grant,NL,Netherlands,2017,KA116,9086838.0,,EUR
erasmus-ka1-vet-grant,NL,Netherlands,2018,KA116,9785495.36,,EUR
erasmus-ka1-vet-grant,NL,Netherlands,2019,KA116,8548632.73,,EUR
erasmus-ka1-vet-grant,NL,Netherlands,2020,KA116,9667210.39,,EUR
erasmus-ka1-vet-grant,NO,Norway,2014,KA116,0.0,,EUR
erasmus-ka1-vet-grant,NO,Norway,2015,KA116,0.0,,EUR
erasmus-ka1-vet-grant,NO,Norway,2016,KA116,2151489.0,,EUR
erasmus-ka1-vet-grant,NO,Norway,2017,KA116,1659853.0,,EUR
erasmus-ka1-vet-grant,NO,Norway,2018,KA116,2141325.0,,EUR
erasmus-ka1-vet-grant,NO,Norway,2019,KA116,1499228.0,,EUR
erasmus-ka1-vet-grant,NO,Norway,2020,KA116,2347243.68,,EUR
erasmus-ka1-vet-grant,PL,Poland,2014,KA116,0.0,,EUR
erasmus-ka1-vet-grant,PL,Poland,2015,KA116,0.0,,EUR
erasmus-ka1-vet-grant,PL,Poland,2016,KA116,590041.0,,EUR
erasmus-ka1-vet-grant,PL,Poland,2017,KA116,1129451.38,,EUR
erasmus-ka1-vet-grant,PL,Poland,2018,KA116,2022427.81,,EUR
erasmus-ka1-vet-grant,PL,Poland,2019,KA116,2734516.9,,EUR
erasmus-ka1-vet-grant,PL,Poland,2020,KA116,4693245.87,,EUR
erasmus-ka1-vet-grant,PT,Portugal,2014,KA116,0.0,,EUR
erasmus-ka1-vet-grant,PT,Portugal,2015,KA116,0.0,,EUR
erasmus-ka1-vet-grant,PT,Portugal,2016,KA116,1450315.0,,EUR
erasmus-ka1-vet-grant,PT,Portugal,2017,KA116,2118471.48,,EUR
erasmus-ka1-vet-grant,PT,Portugal,2018,KA116,3629650.21,,EUR
erasmus-ka1-vet-grant,PT,Portugal,2019,KA116,4261776.99,,EUR
erasmus-ka1-vet-grant,PT,Portugal,2020,KA116,2893299.79,,EUR
erasmus-ka1-vet-grant,RO,Romania,2014,KA116,0.0,,EUR
erasmus-ka1-vet-grant,RO,Romania,2015,KA116,0.0,,EUR
erasmus-ka1-vet-grant,RO,Romania,2016,KA116,250210.0,,EUR
erasmus-ka1-vet-grant,RO,Romania,2017,KA116,1004945.25,,EUR
erasmus-ka1-vet-grant,RO,Romania,2018,KA116,1573586.0,,EUR
erasmus-ka1-vet-grant,RO,Romania,2019,KA116,2779726.49,,EUR
erasmus-ka1-vet-grant,RO,Romania,2020,KA116,3169821.65,,EUR
erasmus-ka1-vet-grant,RS,Serbia,2017,KA116,0.0,,EUR
erasmus-ka1-vet-grant,RS,Serbia,2018,KA116,0.0,,EUR
erasmus-ka1-vet-grant,RS,Serbia,2019,KA116,0.0,,EUR
erasmus-ka1-vet-grant,RS,Serbia,2020,KA116,0.0,,EUR
erasmus-ka1-vet-grant,SE,Sweden,2014,KA116,0.0,,EUR
erasmus-ka1-vet-grant,SE,Sweden,2015,KA116,0.0,,EUR
erasmus-ka1-vet-grant,SE,Sweden,2016,KA116,240322.0,,EUR
erasmus-ka1-vet-grant,SE,Sweden,2017,KA116,715688.0,,EUR
erasmus-ka1-vet-grant,SE,Sweden,2018,KA116,1685140.8,,EUR
erasmus-ka1-vet-grant,SE,Sweden,2019,KA116,1121791.0,,EUR
erasmus-ka1-vet-grant,SE,Sweden,2020,KA116,820804.4,,EUR
erasmus-ka1-vet-grant,SI,Slovenia,2014,KA116,0.0,,EUR
erasmus-ka1-vet-grant,SI,Slovenia,2015,KA116,0.0,,EUR
erasmus-ka1-vet-grant,SI,Slovenia,2016,KA116,479782.0,,EUR
erasmus-ka1-vet-grant,SI,Slovenia,2017,KA116,748583.99,,EUR
erasmus-ka1-vet-grant,SI,Slovenia,2018,KA116,1105405.0,,EUR
erasmus-ka1-vet-grant,SI,Slovenia,2019,KA116,1209867.69,,EUR
erasmus-ka1-vet-grant,SI,Slovenia,2020,KA116,1494037.62,,EUR
erasmus-ka1-vet-grant,SK,Slovakia,2014,KA116,0.0,,EUR
erasmus-ka1-vet-grant,SK,Slovakia,2015,KA116,0.0,,EUR
erasmus-ka1-vet-grant,SK,Slovakia,2016,KA116,704976.0,,EUR
erasmus-ka1-vet-grant,SK,Slovakia,2017,KA116,1292759.0,,EUR
erasmus-ka1-vet-grant,SK,Slovakia,2018,KA116,1816154.09,,EUR
erasmus-ka1-vet-grant,SK,Slovakia,2019,KA116,1879854.75,,EUR
erasmus-ka1-vet-grant,SK,Slovakia,2020,KA116,2619931.85,,EUR
erasmus-ka1-vet-grant,TR,Türkiye,2014,KA116,0.0,,EUR
erasmus-ka1-vet-grant,TR,Türkiye,2015,KA116,0.0,,EUR
erasmus-ka1-vet-grant,TR,Türkiye,2016,KA116,73663.0,,EUR
erasmus-ka1-vet-grant,TR,Türkiye,2017,KA116,127126.0,,EUR
erasmus-ka1-vet-grant,TR,Türkiye,2018,KA116,243390.0,,EUR
erasmus-ka1-vet-grant,TR,Türkiye,2019,KA116,388165.5,,EUR
erasmus-ka1-vet-grant,TR,Türkiye,2020,KA116,1694195.5,,EUR
erasmus-ka1-vet-grant,UK,United Kingdom,2014,KA116,0.0,,EUR
erasmus-ka1-vet-grant,UK,United Kingdom,2015,KA116,0.0,,EUR
erasmus-ka1-vet-grant,UK,United Kingdom,2016,KA116,1551189.0,,EUR
erasmus-ka1-vet-grant,UK,United Kingdom,2017,KA116,4410866.0,,EUR
erasmus-ka1-vet-grant,UK,United Kingdom,2018,KA116,5997610.67,,EUR
erasmus-ka1-vet-grant,UK,United Kingdom,2019,KA116,5152394.49,,EUR
erasmus-ka1-vet-grant,UK,United Kingdom,2020,KA116,5993638.05,,EUR
erasmus-ka1-vet-grant,AT,Austria,2021,KA121,4792946.28,,EUR
erasmus-ka1-vet-grant,AT,Austria,2022,KA121,7776913.27,,EUR
erasmus-ka1-vet-grant,AT,Austria,2023,KA121,8673130.05,,EUR
erasmus-ka1-vet-grant,AT,Austria,2024,KA121,12869227.48,,EUR
erasmus-ka1-vet-grant,AT,Austria,2025,KA121,18494571.99,,EUR
erasmus-ka1-vet-grant,BE,Belgium,2021,KA121,2374026.41,,EUR
erasmus-ka1-vet-grant,BE,Belgium,2022,KA121,7341770.48,,EUR
erasmus-ka1-vet-grant,BE,Belgium,2023,KA121,13878779.51,,EUR
erasmus-ka1-vet-grant,BE,Belgium,2024,KA121,15945719.38,,EUR
erasmus-ka1-vet-grant,BE,Belgium,2025,KA121,24598175.35,,EUR
erasmus-ka1-vet-grant,BG,Bulgaria,2021,KA121,1640712.0,,EUR
erasmus-ka1-vet-grant,BG,Bulgaria,2022,KA121,4207825.52,,EUR
erasmus-ka1-vet-grant,BG,Bulgaria,2023,KA121,6690859.0,,EUR
erasmus-ka1-vet-grant,BG,Bulgaria,2024,KA121,7852668.0,,EUR
erasmus-ka1-vet-grant,BG,Bulgaria,2025,KA121,11972360.0,,EUR
erasmus-ka1-vet-grant,CY,Cyprus,2021,KA121,753218.0,,EUR
erasmus-ka1-vet-grant,CY,Cyprus,2022,KA121,1682534.0,,EUR
erasmus-ka1-vet-grant,CY,Cyprus,2023,KA121,1797863.14,,EUR
erasmus-ka1-vet-grant,CY,Cyprus,2024,KA121,2385098.94,,EUR
erasmus-ka1-vet-grant,CY,Cyprus,2025,KA121,3349994.7,,EUR
erasmus-ka1-vet-grant,CZ,Czechia,2021,KA121,4065941.98,,EUR
erasmus-ka1-vet-grant,CZ,Czechia,2022,KA121,7845004.89,,EUR
erasmus-ka1-vet-grant,CZ,Czechia,2023,KA121,9632426.72,,EUR
erasmus-ka1-vet-grant,CZ,Czechia,2024,KA121,14181236.41,,EUR
erasmus-ka1-vet-grant,CZ,Czechia,2025,KA121,18302268.39,,EUR
erasmus-ka1-vet-grant,DE,Germany,2021,KA121,20779793.61,,EUR
erasmus-ka1-vet-grant,DE,Germany,2022,KA121,49387281.41,,EUR
erasmus-ka1-vet-grant,DE,Germany,2023,KA121,65909795.18,,EUR
erasmus-ka1-vet-grant,DE,Germany,2024,KA121,88811880.94,,EUR
erasmus-ka1-vet-grant,DE,Germany,2025,KA121,124634200.05,,EUR
erasmus-ka1-vet-grant,DK,Denmark,2021,KA121,1913722.4,,EUR
erasmus-ka1-vet-grant,DK,Denmark,2022,KA121,6175864.36,,EUR
erasmus-ka1-vet-grant,DK,Denmark,2023,KA121,6990980.9,,EUR
erasmus-ka1-vet-grant,DK,Denmark,2024,KA121,9437040.21,,EUR
erasmus-ka1-vet-grant,DK,Denmark,2025,KA121,13304196.58,,EUR
erasmus-ka1-vet-grant,EE,Estonia,2021,KA121,1881541.0,,EUR
erasmus-ka1-vet-grant,EE,Estonia,2022,KA121,3495784.78,,EUR
erasmus-ka1-vet-grant,EE,Estonia,2023,KA121,5093340.0,,EUR
erasmus-ka1-vet-grant,EE,Estonia,2024,KA121,5570486.0,,EUR
erasmus-ka1-vet-grant,EE,Estonia,2025,KA121,7676027.0,,EUR
erasmus-ka1-vet-grant,EL,Greece,2021,KA121,2273475.5,,EUR
erasmus-ka1-vet-grant,EL,Greece,2022,KA121,4243874.08,,EUR
erasmus-ka1-vet-grant,EL,Greece,2023,KA121,6108068.26,,EUR
erasmus-ka1-vet-grant,EL,Greece,2024,KA121,8010375.74,,EUR
erasmus-ka1-vet-grant,EL,Greece,2025,KA121,12886853.47,,EUR
erasmus-ka1-vet-grant,ES,Spain,2021,KA121,19535784.05,,EUR
erasmus-ka1-vet-grant,ES,Spain,2022,KA121,26618803.94,,EUR
erasmus-ka1-vet-grant,ES,Spain,2023,KA121,29345182.71,,EUR
erasmus-ka1-vet-grant,ES,Spain,2024,KA121,45373036.46,,EUR
erasmus-ka1-vet-grant,ES,Spain,2025,KA121,71594288.87,,EUR
erasmus-ka1-vet-grant,EU27,European Union (27),2021,KA121,194151554.51,,EUR
erasmus-ka1-vet-grant,EU27,European Union (27),2022,KA121,331119779.31,,EUR
erasmus-ka1-vet-grant,EU27,European Union (27),2023,KA121,398585737.43,,EUR
erasmus-ka1-vet-grant,EU27,European Union (27),2024,KA121,526613474.54,,EUR
erasmus-ka1-vet-grant,EU27,European Union (27),2025,KA121,755047771.99,,EUR
erasmus-ka1-vet-grant,FI,Finland,2021,KA121,4918899.52,,EUR
erasmus-ka1-vet-grant,FI,Finland,2022,KA121,7793881.77,,EUR
erasmus-ka1-vet-grant,FI,Finland,2023,KA121,9037768.19,,EUR
erasmus-ka1-vet-grant,FI,Finland,2024,KA121,10975622.77,,EUR
erasmus-ka1-vet-grant,FI,Finland,2025,KA121,15199416.8,,EUR
erasmus-ka1-vet-grant,FR,France,2021,KA121,34356458.03,,EUR
erasmus-ka1-vet-grant,FR,France,2022,KA121,51620588.58,,EUR
erasmus-ka1-vet-grant,FR,France,2023,KA121,59565576.25,,EUR
erasmus-ka1-vet-grant,FR,France,2024,KA121,74145194.84,,EUR
erasmus-ka1-vet-grant,FR,France,2025,KA121,103868298.86,,EUR
erasmus-ka1-vet-grant,HR,Croatia,2021,KA121,2105349.71,,EUR
erasmus-ka1-vet-grant,HR,Croatia,2022,KA121,3709404.0,,EUR
erasmus-ka1-vet-grant,HR,Croatia,2023,KA121,3971835.47,,EUR
erasmus-ka1-vet-grant,HR,Croatia,2024,KA121,5841607.24,,EUR
erasmus-ka1-vet-grant,HR,Croatia,2025,KA121,8776845.0,,EUR
erasmus-ka1-vet-grant,HU,Hungary,2021,KA121,4768498.79,,EUR
erasmus-ka1-vet-grant,HU,Hungary,2022,KA121,9786239.38,,EUR
erasmus-ka1-vet-grant,HU,Hungary,2023,KA121,15266898.79,,EUR
erasmus-ka1-vet-grant,HU,Hungary,2024,KA121,19668572.37,,EUR
erasmus-ka1-vet-grant,HU,Hungary,2025,KA121,25098802.0,,EUR
erasmus-ka1-vet-grant,IE,Ireland,2021,KA121,1056893.0,,EUR
erasmus-ka1-vet-grant,IE,Ireland,2022,KA121,2266283.0,,EUR
erasmus-ka1-vet-grant,IE,Ireland,2023,KA121,4974365.61,,EUR
erasmus-ka1-vet-grant,IE,Ireland,2024,KA121,6412058.38,,EUR
erasmus-ka1-vet-grant,IE,Ireland,2025,KA121,8072992.0,,EUR
erasmus-ka1-vet-grant,IS,Iceland,2021,KA121,401748.2,,EUR
erasmus-ka1-vet-grant,IS,Iceland,2022,KA121,892701.4,,EUR
erasmus-ka1-vet-grant,IS,Iceland,2023,KA121,1397571.42,,EUR
erasmus-ka1-vet-grant,IS,Iceland,2024,KA121,1862203.36,,EUR
erasmus-ka1-vet-grant,IS,Iceland,2025,KA121,2792280.0,,EUR
erasmus-ka1-vet-grant,IT,Italy,2021,KA121,22779982.85,,EUR
erasmus-ka1-vet-grant,IT,Italy,2022,KA121,38351620.08,,EUR
erasmus-ka1-vet-grant,IT,Italy,2023,KA121,38715270.45,,EUR
erasmus-ka1-vet-grant,IT,Italy,2024,KA121,51820589.62,,EUR
erasmus-ka1-vet-grant,IT,Italy,2025,KA121,85508989.46,,EUR
erasmus-ka1-vet-grant,LI,Liechtenstein,2021,KA121,170581.0,,EUR
erasmus-ka1-vet-grant,LI,Liechtenstein,2023,KA121,159200.0,,EUR
erasmus-ka1-vet-grant,LI,Liechtenstein,2024,KA121,222948.0,,EUR
erasmus-ka1-vet-grant,LI,Liechtenstein,2025,KA121,371322.0,,EUR
erasmus-ka1-vet-grant,LT,Lithuania,2021,KA121,2874291.71,,EUR
erasmus-ka1-vet-grant,LT,Lithuania,2022,KA121,5984691.71,,EUR
erasmus-ka1-vet-grant,LT,Lithuania,2023,KA121,6715775.22,,EUR
erasmus-ka1-vet-grant,LT,Lithuania,2024,KA121,8820962.67,,EUR
erasmus-ka1-vet-grant,LT,Lithuania,2025,KA121,11189083.27,,EUR
erasmus-ka1-vet-grant,LU,Luxembourg,2021,KA121,320282.0,,EUR
erasmus-ka1-vet-grant,LU,Luxembourg,2022,KA121,254042.0,,EUR
erasmus-ka1-vet-grant,LU,Luxembourg,2023,KA121,356213.0,,EUR
erasmus-ka1-vet-grant,LU,Luxembourg,2024,KA121,666354.0,,EUR
erasmus-ka1-vet-grant,LU,Luxembourg,2025,KA121,1027084.0,,EUR
erasmus-ka1-vet-grant,LV,Latvia,2021,KA121,2077114.76,,EUR
erasmus-ka1-vet-grant,LV,Latvia,2022,KA121,4094878.86,,EUR
erasmus-ka1-vet-grant,LV,Latvia,2023,KA121,4748096.81,,EUR
erasmus-ka1-vet-grant,LV,Latvia,2024,KA121,6485530.68,,EUR
erasmus-ka1-vet-grant,LV,Latvia,2025,KA121,9027879.35,,EUR
erasmus-ka1-vet-grant,MK,North Macedonia,2021,KA121,325766.0,,EUR
erasmus-ka1-vet-grant,MK,North Macedonia,2022,KA121,300786.0,,EUR
erasmus-ka1-vet-grant,MK,North Macedonia,2023,KA121,308033.0,,EUR
erasmus-ka1-vet-grant,MK,North Macedonia,2024,KA121,418644.0,,EUR
erasmus-ka1-vet-grant,MK,North Macedonia,2025,KA121,470223.0,,EUR
erasmus-ka1-vet-grant,MT,Malta,2021,KA121,508021.43,,EUR
erasmus-ka1-vet-grant,MT,Malta,2022,KA121,694334.49,,EUR
erasmus-ka1-vet-grant,MT,Malta,2023,KA121,1082158.48,,EUR
erasmus-ka1-vet-grant,MT,Malta,2024,KA121,802948.45,,EUR
erasmus-ka1-vet-grant,MT,Malta,2025,KA121,1228568.0,,EUR
erasmus-ka1-vet-grant,NL,Netherlands,2021,KA121,12696914.8,,EUR
erasmus-ka1-vet-grant,NL,Netherlands,2022,KA121,15775634.0,,EUR
erasmus-ka1-vet-grant,NL,Netherlands,2023,KA121,19696273.04,,EUR
erasmus-ka1-vet-grant,NL,Netherlands,2024,KA121,25361370.5,,EUR
erasmus-ka1-vet-grant,NL,Netherlands,2025,KA121,29839580.37,,EUR
erasmus-ka1-vet-grant,NO,Norway,2021,KA121,1462927.87,,EUR
erasmus-ka1-vet-grant,NO,Norway,2022,KA121,5594265.42,,EUR
erasmus-ka1-vet-grant,NO,Norway,2023,KA121,5730384.89,,EUR
erasmus-ka1-vet-grant,NO,Norway,2024,KA121,8191693.75,,EUR
erasmus-ka1-vet-grant,NO,Norway,2025,KA121,12183948.0,,EUR
erasmus-ka1-vet-grant,PL,Poland,2021,KA121,19629424.74,,EUR
erasmus-ka1-vet-grant,PL,Poland,2022,KA121,28349326.29,,EUR
erasmus-ka1-vet-grant,PL,Poland,2023,KA121,33018641.63,,EUR
erasmus-ka1-vet-grant,PL,Poland,2024,KA121,42815235.88,,EUR
erasmus-ka1-vet-grant,PL,Poland,2025,KA121,57842885.84,,EUR
erasmus-ka1-vet-grant,PT,Portugal,2021,KA121,4520024.24,,EUR
erasmus-ka1-vet-grant,PT,Portugal,2022,KA121,8780563.58,,EUR
erasmus-ka1-vet-grant,PT,Portugal,2023,KA121,9408614.15,,EUR
erasmus-ka1-vet-grant,PT,Portugal,2024,KA121,12241423.97,,EUR
erasmus-ka1-vet-grant,PT,Portugal,2025,KA121,19062758.71,,EUR
erasmus-ka1-vet-grant,RO,Romania,2021,KA121,12942237.93,,EUR
erasmus-ka1-vet-grant,RO,Romania,2022,KA121,18682722.19,,EUR
erasmus-ka1-vet-grant,RO,Romania,2023,KA121,17398309.41,,EUR
erasmus-ka1-vet-grant,RO,Romania,2024,KA121,24700588.6,,EUR
erasmus-ka1-vet-grant,RO,Romania,2025,KA121,33997969.0,,EUR
erasmus-ka1-vet-grant,RS,Serbia,2021,KA121,134991.65,,EUR
erasmus-ka1-vet-grant,RS,Serbia,2022,KA121,326360.0,,EUR
erasmus-ka1-vet-grant,RS,Serbia,2023,KA121,587319.6,,EUR
erasmus-ka1-vet-grant,RS,Serbia,2024,KA121,868066.0,,EUR
erasmus-ka1-vet-grant,RS,Serbia,2025,KA121,1322791.0,,EUR
erasmus-ka1-vet-grant,SE,Sweden,2021,KA121,3353219.3,,EUR
erasmus-ka1-vet-grant,SE,Sweden,2022,KA121,6437689.29,,EUR
erasmus-ka1-vet-grant,SE,Sweden,2023,KA121,8416471.17,,EUR
erasmus-ka1-vet-grant,SE,Sweden,2024,KA121,11360096.47,,EUR
erasmus-ka1-vet-grant,SE,Sweden,2025,KA121,18419245.2,,EUR
erasmus-ka1-vet-grant,SI,Slovenia,2021,KA121,1791443.47,,EUR
erasmus-ka1-vet-grant,SI,Slovenia,2022,KA121,3127478.41,,EUR
erasmus-ka1-vet-grant,SI,Slovenia,2023,KA121,4246707.0,,EUR
erasmus-ka1-vet-grant,SI,Slovenia,2024,KA121,5387139.28,,EUR
erasmus-ka1-vet-grant,SI,Slovenia,2025,KA121,8551318.23,,EUR
erasmus-ka1-vet-grant,SK,Slovakia,2021,KA121,3441337.0,,EUR
erasmus-ka1-vet-grant,SK,Slovakia,2022,KA121,6634744.95,,EUR
erasmus-ka1-vet-grant,SK,Slovakia,2023,KA121,7846337.29,,EUR
erasmus-ka1-vet-grant,SK,Slovakia,2024,KA121,8671409.26,,EUR
erasmus-ka1-vet-grant,SK,Slovakia,2025,KA121,11523119.5,,EUR
erasmus-ka1-vet-grant,TR,Türkiye,2021,KA121,12350378.52,,EUR
erasmus-ka1-vet-grant,TR,Türkiye,2022,KA121,13194772.37,,EUR
erasmus-ka1-vet-grant,TR,Türkiye,2023,KA121,14167622.83,,EUR
erasmus-ka1-vet-grant,TR,Türkiye,2024,KA121,18725083.84,,EUR
erasmus-ka1-vet-grant,TR,Türkiye,2025,KA121,27728671.0,,EUR
erasmus-ka1-vet-grant,AT,Austria,2021,KA122,184811.0,,EUR
erasmus-ka1-vet-grant,AT,Austria,2022,KA122,242371.0,,EUR
erasmus-ka1-vet-grant,AT,Austria,2023,KA122,563626.0,,EUR
erasmus-ka1-vet-grant,AT,Austria,2024,KA122,691890.48,,EUR
erasmus-ka1-vet-grant,AT,Austria,2025,KA122,837267.0,,EUR
erasmus-ka1-vet-grant,BE,Belgium,2021,KA122,724333.0,,EUR
erasmus-ka1-vet-grant,BE,Belgium,2022,KA122,1644769.58,,EUR
erasmus-ka1-vet-grant,BE,Belgium,2023,KA122,1725152.98,,EUR
erasmus-ka1-vet-grant,BE,Belgium,2024,KA122,1629685.0,,EUR
erasmus-ka1-vet-grant,BE,Belgium,2025,KA122,1904916.7,,EUR
erasmus-ka1-vet-grant,BG,Bulgaria,2021,KA122,3574710.41,,EUR
erasmus-ka1-vet-grant,BG,Bulgaria,2022,KA122,4916019.79,,EUR
erasmus-ka1-vet-grant,BG,Bulgaria,2023,KA122,4357963.23,,EUR
erasmus-ka1-vet-grant,BG,Bulgaria,2024,KA122,3683601.65,,EUR
erasmus-ka1-vet-grant,BG,Bulgaria,2025,KA122,6075784.32,,EUR
erasmus-ka1-vet-grant,CY,Cyprus,2021,KA122,181855.0,,EUR
erasmus-ka1-vet-grant,CY,Cyprus,2022,KA122,473308.0,,EUR
erasmus-ka1-vet-grant,CY,Cyprus,2023,KA122,593794.0,,EUR
erasmus-ka1-vet-grant,CY,Cyprus,2024,KA122,306457.0,,EUR
erasmus-ka1-vet-grant,CY,Cyprus,2025,KA122,352003.0,,EUR
erasmus-ka1-vet-grant,CZ,Czechia,2021,KA122,4058714.36,,EUR
erasmus-ka1-vet-grant,CZ,Czechia,2022,KA122,5066102.14,,EUR
erasmus-ka1-vet-grant,CZ,Czechia,2023,KA122,3944641.97,,EUR
erasmus-ka1-vet-grant,CZ,Czechia,2024,KA122,3442913.47,,EUR
erasmus-ka1-vet-grant,CZ,Czechia,2025,KA122,5549359.0,,EUR
erasmus-ka1-vet-grant,DE,Germany,2021,KA122,405672.4,,EUR
erasmus-ka1-vet-grant,DE,Germany,2022,KA122,2654188.51,,EUR
erasmus-ka1-vet-grant,DE,Germany,2023,KA122,3126930.42,,EUR
erasmus-ka1-vet-grant,DE,Germany,2024,KA122,3851493.51,,EUR
erasmus-ka1-vet-grant,DE,Germany,2025,KA122,5086698.0,,EUR
erasmus-ka1-vet-grant,DK,Denmark,2021,KA122,97717.28,,EUR
erasmus-ka1-vet-grant,DK,Denmark,2022,KA122,31946.14,,EUR
erasmus-ka1-vet-grant,DK,Denmark,2023,KA122,152983.77,,EUR
erasmus-ka1-vet-grant,DK,Denmark,2024,KA122,127560.0,,EUR
erasmus-ka1-vet-grant,DK,Denmark,2025,KA122,195116.0,,EUR
erasmus-ka1-vet-grant,EE,Estonia,2021,KA122,496863.0,,EUR
erasmus-ka1-vet-grant,EE,Estonia,2022,KA122,304355.0,,EUR
erasmus-ka1-vet-grant,EE,Estonia,2023,KA122,235599.0,,EUR
erasmus-ka1-vet-grant,EE,Estonia,2024,KA122,190669.0,,EUR
erasmus-ka1-vet-grant,EE,Estonia,2025,KA122,0.0,,EUR
erasmus-ka1-vet-grant,EL,Greece,2021,KA122,4462486.87,,EUR
erasmus-ka1-vet-grant,EL,Greece,2022,KA122,6774704.51,,EUR
erasmus-ka1-vet-grant,EL,Greece,2023,KA122,5721159.5,,EUR
erasmus-ka1-vet-grant,EL,Greece,2024,KA122,7164537.87,,EUR
erasmus-ka1-vet-grant,EL,Greece,2025,KA122,10293389.5,,EUR
erasmus-ka1-vet-grant,ES,Spain,2021,KA122,2748073.0,,EUR
erasmus-ka1-vet-grant,ES,Spain,2022,KA122,3881186.82,,EUR
erasmus-ka1-vet-grant,ES,Spain,2023,KA122,4841846.78,,EUR
erasmus-ka1-vet-grant,ES,Spain,2024,KA122,7283481.79,,EUR
erasmus-ka1-vet-grant,ES,Spain,2025,KA122,7028359.16,,EUR
erasmus-ka1-vet-grant,EU27,European Union (27),2021,KA122,44155946.3,,EUR
erasmus-ka1-vet-grant,EU27,European Union (27),2022,KA122,57768596.58,,EUR
erasmus-ka1-vet-grant,EU27,European Union (27),2023,KA122,56714940.62,,EUR
erasmus-ka1-vet-grant,EU27,European Union (27),2024,KA122,64837681.06,,EUR
erasmus-ka1-vet-grant,EU27,European Union (27),2025,KA122,77935471.36,,EUR
erasmus-ka1-vet-grant,FI,Finland,2021,KA122,0.0,,EUR
erasmus-ka1-vet-grant,FI,Finland,2022,KA122,144670.0,,EUR
erasmus-ka1-vet-grant,FI,Finland,2023,KA122,211945.0,,EUR
erasmus-ka1-vet-grant,FI,Finland,2024,KA122,108216.0,,EUR
erasmus-ka1-vet-grant,FI,Finland,2025,KA122,233468.0,,EUR
erasmus-ka1-vet-grant,FR,France,2021,KA122,1403131.19,,EUR
erasmus-ka1-vet-grant,FR,France,2022,KA122,1904637.71,,EUR
erasmus-ka1-vet-grant,FR,France,2023,KA122,2112530.24,,EUR
erasmus-ka1-vet-grant,FR,France,2024,KA122,2957167.0,,EUR
erasmus-ka1-vet-grant,FR,France,2025,KA122,3983881.0,,EUR
erasmus-ka1-vet-grant,HR,Croatia,2021,KA122,1476422.89,,EUR
erasmus-ka1-vet-grant,HR,Croatia,2022,KA122,2153169.98,,EUR
erasmus-ka1-vet-grant,HR,Croatia,2023,KA122,2175340.65,,EUR
erasmus-ka1-vet-grant,HR,Croatia,2024,KA122,2339799.16,,EUR
erasmus-ka1-vet-grant,HR,Croatia,2025,KA122,2180206.0,,EUR
erasmus-ka1-vet-grant,HU,Hungary,2021,KA122,3585908.74,,EUR
erasmus-ka1-vet-grant,HU,Hungary,2022,KA122,3207737.0,,EUR
erasmus-ka1-vet-grant,HU,Hungary,2023,KA122,3166501.75,,EUR
erasmus-ka1-vet-grant,HU,Hungary,2024,KA122,4698013.53,,EUR
erasmus-ka1-vet-grant,HU,Hungary,2025,KA122,6404768.0,,EUR
erasmus-ka1-vet-grant,IE,Ireland,2021,KA122,312442.33,,EUR
erasmus-ka1-vet-grant,IE,Ireland,2022,KA122,815836.39,,EUR
erasmus-ka1-vet-grant,IE,Ireland,2023,KA122,820015.48,,EUR
erasmus-ka1-vet-grant,IE,Ireland,2024,KA122,958132.68,,EUR
erasmus-ka1-vet-grant,IE,Ireland,2025,KA122,843324.0,,EUR
erasmus-ka1-vet-grant,IS,Iceland,2021,KA122,0.0,,EUR
erasmus-ka1-vet-grant,IS,Iceland,2022,KA122,27537.0,,EUR
erasmus-ka1-vet-grant,IS,Iceland,2023,KA122,13510.0,,EUR
erasmus-ka1-vet-grant,IS,Iceland,2024,KA122,0.0,,EUR
erasmus-ka1-vet-grant,IS,Iceland,2025,KA122,18114.0,,EUR
erasmus-ka1-vet-grant,IT,Italy,2021,KA122,5168114.46,,EUR
erasmus-ka1-vet-grant,IT,Italy,2022,KA122,5650549.16,,EUR
erasmus-ka1-vet-grant,IT,Italy,2023,KA122,7398648.87,,EUR
erasmus-ka1-vet-grant,IT,Italy,2024,KA122,9387294.63,,EUR
erasmus-ka1-vet-grant,IT,Italy,2025,KA122,9407879.0,,EUR
erasmus-ka1-vet-grant,LI,Liechtenstein,2021,KA122,0.0,,EUR
erasmus-ka1-vet-grant,LI,Liechtenstein,2023,KA122,0.0,,EUR
erasmus-ka1-vet-grant,LI,Liechtenstein,2024,KA122,36679.0,,EUR
erasmus-ka1-vet-grant,LI,Liechtenstein,2025,KA122,59050.0,,EUR
erasmus-ka1-vet-grant,LT,Lithuania,2021,KA122,420936.0,,EUR
erasmus-ka1-vet-grant,LT,Lithuania,2022,KA122,438632.26,,EUR
erasmus-ka1-vet-grant,LT,Lithuania,2023,KA122,485476.0,,EUR
erasmus-ka1-vet-grant,LT,Lithuania,2024,KA122,282528.0,,EUR
erasmus-ka1-vet-grant,LT,Lithuania,2025,KA122,0.0,,EUR
erasmus-ka1-vet-grant,LU,Luxembourg,2021,KA122,0.0,,EUR
erasmus-ka1-vet-grant,LU,Luxembourg,2022,KA122,61920.0,,EUR
erasmus-ka1-vet-grant,LU,Luxembourg,2023,KA122,0.0,,EUR
erasmus-ka1-vet-grant,LU,Luxembourg,2024,KA122,0.0,,EUR
erasmus-ka1-vet-grant,LU,Luxembourg,2025,KA122,0.0,,EUR
erasmus-ka1-vet-grant,LV,Latvia,2021,KA122,875663.0,,EUR
erasmus-ka1-vet-grant,LV,Latvia,2022,KA122,489607.0,,EUR
erasmus-ka1-vet-grant,LV,Latvia,2023,KA122,755178.0,,EUR
erasmus-ka1-vet-grant,LV,Latvia,2024,KA122,481385.0,,EUR
erasmus-ka1-vet-grant,LV,Latvia,2025,KA122,334583.0,,EUR
erasmus-ka1-vet-grant,MK,North Macedonia,2021,KA122,503533.78,,EUR
erasmus-ka1-vet-grant,MK,North Macedonia,2022,KA122,452400.0,,EUR
erasmus-ka1-vet-grant,MK,North Macedonia,2023,KA122,387019.0,,EUR
erasmus-ka1-vet-grant,MK,North Macedonia,2024,KA122,447750.0,,EUR
erasmus-ka1-vet-grant,MK,North Macedonia,2025,KA122,686133.0,,EUR
erasmus-ka1-vet-grant,MT,Malta,2021,KA122,0.0,,EUR
erasmus-ka1-vet-grant,MT,Malta,2022,KA122,102185.0,,EUR
erasmus-ka1-vet-grant,MT,Malta,2023,KA122,183230.0,,EUR
erasmus-ka1-vet-grant,MT,Malta,2024,KA122,222047.0,,EUR
erasmus-ka1-vet-grant,MT,Malta,2025,KA122,125122.0,,EUR
erasmus-ka1-vet-grant,NL,Netherlands,2021,KA122,69590.0,,EUR
erasmus-ka1-vet-grant,NL,Netherlands,2022,KA122,357022.0,,EUR
erasmus-ka1-vet-grant,NL,Netherlands,2023,KA122,398923.09,,EUR
erasmus-ka1-vet-grant,NL,Netherlands,2024,KA122,60570.0,,EUR
erasmus-ka1-vet-grant,NL,Netherlands,2025,KA122,74484.0,,EUR
erasmus-ka1-vet-grant,NO,Norway,2021,KA122,50316.0,,EUR
erasmus-ka1-vet-grant,NO,Norway,2022,KA122,292103.57,,EUR
erasmus-ka1-vet-grant,NO,Norway,2023,KA122,424668.16,,EUR
erasmus-ka1-vet-grant,NO,Norway,2024,KA122,258394.0,,EUR
erasmus-ka1-vet-grant,NO,Norway,2025,KA122,97786.0,,EUR
erasmus-ka1-vet-grant,PL,Poland,2021,KA122,5445163.11,,EUR
erasmus-ka1-vet-grant,PL,Poland,2022,KA122,6790043.83,,EUR
erasmus-ka1-vet-grant,PL,Poland,2023,KA122,3695403.55,,EUR
erasmus-ka1-vet-grant,PL,Poland,2024,KA122,4244505.33,,EUR
erasmus-ka1-vet-grant,PL,Poland,2025,KA122,6156582.0,,EUR
erasmus-ka1-vet-grant,PT,Portugal,2021,KA122,2943498.71,,EUR
erasmus-ka1-vet-grant,PT,Portugal,2022,KA122,3254896.61,,EUR
erasmus-ka1-vet-grant,PT,Portugal,2023,KA122,3750313.04,,EUR
erasmus-ka1-vet-grant,PT,Portugal,2024,KA122,5067959.91,,EUR
erasmus-ka1-vet-grant,PT,Portugal,2025,KA122,3488016.0,,EUR
erasmus-ka1-vet-grant,RO,Romania,2021,KA122,2411208.88,,EUR
erasmus-ka1-vet-grant,RO,Romania,2022,KA122,2790440.0,,EUR
erasmus-ka1-vet-grant,RO,Romania,2023,KA122,2981856.39,,EUR
erasmus-ka1-vet-grant,RO,Romania,2024,KA122,1391375.12,,EUR
erasmus-ka1-vet-grant,RO,Romania,2025,KA122,1907047.78,,EUR
erasmus-ka1-vet-grant,RS,Serbia,2021,KA122,937654.31,,EUR
erasmus-ka1-vet-grant,RS,Serbia,2022,KA122,987653.0,,EUR
erasmus-ka1-vet-grant,RS,Serbia,2023,KA122,625684.0,,EUR
erasmus-ka1-vet-grant,RS,Serbia,2024,KA122,691617.0,,EUR
erasmus-ka1-vet-grant,RS,Serbia,2025,KA122,939998.0,,EUR
erasmus-ka1-vet-grant,SE,Sweden,2021,KA122,223996.0,,EUR
erasmus-ka1-vet-grant,SE,Sweden,2022,KA122,350490.0,,EUR
erasmus-ka1-vet-grant,SE,Sweden,2023,KA122,552735.8,,EUR
erasmus-ka1-vet-grant,SE,Sweden,2024,KA122,724979.0,,EUR
erasmus-ka1-vet-grant,SE,Sweden,2025,KA122,972227.0,,EUR
erasmus-ka1-vet-grant,SI,Slovenia,2021,KA122,509064.0,,EUR
erasmus-ka1-vet-grant,SI,Slovenia,2022,KA122,928219.0,,EUR
erasmus-ka1-vet-grant,SI,Slovenia,2023,KA122,1078594.0,,EUR
erasmus-ka1-vet-grant,SI,Slovenia,2024,KA122,1262958.76,,EUR
erasmus-ka1-vet-grant,SI,Slovenia,2025,KA122,592746.0,,EUR
erasmus-ka1-vet-grant,SK,Slovakia,2021,KA122,2375570.67,,EUR
erasmus-ka1-vet-grant,SK,Slovakia,2022,KA122,2339589.15,,EUR
erasmus-ka1-vet-grant,SK,Slovakia,2023,KA122,1684551.11,,EUR
erasmus-ka1-vet-grant,SK,Slovakia,2024,KA122,2278460.17,,EUR
erasmus-ka1-vet-grant,SK,Slovakia,2025,KA122,3908244.9,,EUR
erasmus-ka1-vet-grant,TR,Türkiye,2021,KA122,5086828.21,,EUR
erasmus-ka1-vet-grant,TR,Türkiye,2022,KA122,3378461.0,,EUR
erasmus-ka1-vet-grant,TR,Türkiye,2023,KA122,3628682.0,,EUR
erasmus-ka1-vet-grant,TR,Türkiye,2024,KA122,4556236.0,,EUR
erasmus-ka1-vet-grant,TR,Türkiye,2025,KA122,5084759.0,,EUR
erasmus-ka1-vet-grant,AT,Austria,2014,TOTAL,4670894.0,,EUR
erasmus-ka1-vet-grant,AT,Austria,2015,TOTAL,5002736.5,,EUR
erasmus-ka1-vet-grant,AT,Austria,2016,TOTAL,5222950.0,,EUR
erasmus-ka1-vet-grant,AT,Austria,2017,TOTAL,6042460.0,,EUR
erasmus-ka1-vet-grant,AT,Austria,2018,TOTAL,6911452.79,,EUR
erasmus-ka1-vet-grant,AT,Austria,2019,TOTAL,7705925.17,,EUR
erasmus-ka1-vet-grant,AT,Austria,2020,TOTAL,7132029.91,,EUR
erasmus-ka1-vet-grant,AT,Austria,2021,TOTAL,4977757.28,,EUR
erasmus-ka1-vet-grant,AT,Austria,2022,TOTAL,8019284.27,,EUR
erasmus-ka1-vet-grant,AT,Austria,2023,TOTAL,9236756.05,,EUR
erasmus-ka1-vet-grant,AT,Austria,2024,TOTAL,13561117.96,,EUR
erasmus-ka1-vet-grant,AT,Austria,2025,TOTAL,19331838.99,,EUR
erasmus-ka1-vet-grant,BE,Belgium,2014,TOTAL,4365317.0,,EUR
erasmus-ka1-vet-grant,BE,Belgium,2015,TOTAL,3807963.0,,EUR
erasmus-ka1-vet-grant,BE,Belgium,2016,TOTAL,5301667.84,,EUR
erasmus-ka1-vet-grant,BE,Belgium,2017,TOTAL,5609944.09,,EUR
erasmus-ka1-vet-grant,BE,Belgium,2018,TOTAL,7097824.8,,EUR
erasmus-ka1-vet-grant,BE,Belgium,2019,TOTAL,5909615.53,,EUR
erasmus-ka1-vet-grant,BE,Belgium,2020,TOTAL,8677023.57,,EUR
erasmus-ka1-vet-grant,BE,Belgium,2021,TOTAL,3098359.41,,EUR
erasmus-ka1-vet-grant,BE,Belgium,2022,TOTAL,8986540.06,,EUR
erasmus-ka1-vet-grant,BE,Belgium,2023,TOTAL,15603932.49,,EUR
erasmus-ka1-vet-grant,BE,Belgium,2024,TOTAL,17575404.38,,EUR
erasmus-ka1-vet-grant,BE,Belgium,2025,TOTAL,26503092.05,,EUR
erasmus-ka1-vet-grant,BG,Bulgaria,2014,TOTAL,4361044.21,,EUR
erasmus-ka1-vet-grant,BG,Bulgaria,2015,TOTAL,4405649.63,,EUR
erasmus-ka1-vet-grant,BG,Bulgaria,2016,TOTAL,4326491.62,,EUR
erasmus-ka1-vet-grant,BG,Bulgaria,2017,TOTAL,5177386.57,,EUR
erasmus-ka1-vet-grant,BG,Bulgaria,2018,TOTAL,5509228.86,,EUR
erasmus-ka1-vet-grant,BG,Bulgaria,2019,TOTAL,6589344.65,,EUR
erasmus-ka1-vet-grant,BG,Bulgaria,2020,TOTAL,7294921.59,,EUR
erasmus-ka1-vet-grant,BG,Bulgaria,2021,TOTAL,5215422.41,,EUR
erasmus-ka1-vet-grant,BG,Bulgaria,2022,TOTAL,9123845.31,,EUR
erasmus-ka1-vet-grant,BG,Bulgaria,2023,TOTAL,11048822.23,,EUR
erasmus-ka1-vet-grant,BG,Bulgaria,2024,TOTAL,11536269.65,,EUR
erasmus-ka1-vet-grant,BG,Bulgaria,2025,TOTAL,18048144.32,,EUR
erasmus-ka1-vet-grant,CY,Cyprus,2014,TOTAL,915395.0,,EUR
erasmus-ka1-vet-grant,CY,Cyprus,2015,TOTAL,979457.0,,EUR
erasmus-ka1-vet-grant,CY,Cyprus,2016,TOTAL,1187740.0,,EUR
erasmus-ka1-vet-grant,CY,Cyprus,2017,TOTAL,1319941.0,,EUR
erasmus-ka1-vet-grant,CY,Cyprus,2018,TOTAL,1453199.5,,EUR
erasmus-ka1-vet-grant,CY,Cyprus,2019,TOTAL,1423508.71,,EUR
erasmus-ka1-vet-grant,CY,Cyprus,2020,TOTAL,1426636.0,,EUR
erasmus-ka1-vet-grant,CY,Cyprus,2021,TOTAL,935073.0,,EUR
erasmus-ka1-vet-grant,CY,Cyprus,2022,TOTAL,2155842.0,,EUR
erasmus-ka1-vet-grant,CY,Cyprus,2023,TOTAL,2391657.14,,EUR
erasmus-ka1-vet-grant,CY,Cyprus,2024,TOTAL,2691555.94,,EUR
erasmus-ka1-vet-grant,CY,Cyprus,2025,TOTAL,3701997.7,,EUR
erasmus-ka1-vet-grant,CZ,Czechia,2014,TOTAL,6290360.06,,EUR
erasmus-ka1-vet-grant,CZ,Czechia,2015,TOTAL,6457680.95,,EUR
erasmus-ka1-vet-grant,CZ,Czechia,2016,TOTAL,6776397.34,,EUR
erasmus-ka1-vet-grant,CZ,Czechia,2017,TOTAL,8175789.98,,EUR
erasmus-ka1-vet-grant,CZ,Czechia,2018,TOTAL,9301277.95,,EUR
erasmus-ka1-vet-grant,CZ,Czechia,2019,TOTAL,11379555.08,,EUR
erasmus-ka1-vet-grant,CZ,Czechia,2020,TOTAL,11361596.09,,EUR
erasmus-ka1-vet-grant,CZ,Czechia,2021,TOTAL,8124656.34,,EUR
erasmus-ka1-vet-grant,CZ,Czechia,2022,TOTAL,12911107.03,,EUR
erasmus-ka1-vet-grant,CZ,Czechia,2023,TOTAL,13577068.69,,EUR
erasmus-ka1-vet-grant,CZ,Czechia,2024,TOTAL,17624149.88,,EUR
erasmus-ka1-vet-grant,CZ,Czechia,2025,TOTAL,23851627.39,,EUR
erasmus-ka1-vet-grant,DE,Germany,2014,TOTAL,25757160.77,,EUR
erasmus-ka1-vet-grant,DE,Germany,2015,TOTAL,27297510.83,,EUR
erasmus-ka1-vet-grant,DE,Germany,2016,TOTAL,28800642.91,,EUR
erasmus-ka1-vet-grant,DE,Germany,2017,TOTAL,33399450.61,,EUR
erasmus-ka1-vet-grant,DE,Germany,2018,TOTAL,34836655.38,,EUR
erasmus-ka1-vet-grant,DE,Germany,2019,TOTAL,26598700.64,,EUR
erasmus-ka1-vet-grant,DE,Germany,2020,TOTAL,21632243.38,,EUR
erasmus-ka1-vet-grant,DE,Germany,2021,TOTAL,21185466.01,,EUR
erasmus-ka1-vet-grant,DE,Germany,2022,TOTAL,52041469.92,,EUR
erasmus-ka1-vet-grant,DE,Germany,2023,TOTAL,69036725.6,,EUR
erasmus-ka1-vet-grant,DE,Germany,2024,TOTAL,92663374.45,,EUR
erasmus-ka1-vet-grant,DE,Germany,2025,TOTAL,129720898.05,,EUR
erasmus-ka1-vet-grant,DK,Denmark,2014,TOTAL,3349753.57,,EUR
erasmus-ka1-vet-grant,DK,Denmark,2015,TOTAL,3101418.0,,EUR
erasmus-ka1-vet-grant,DK,Denmark,2016,TOTAL,3595304.39,,EUR
erasmus-ka1-vet-grant,DK,Denmark,2017,TOTAL,3695700.0,,EUR
erasmus-ka1-vet-grant,DK,Denmark,2018,TOTAL,4140615.44,,EUR
erasmus-ka1-vet-grant,DK,Denmark,2019,TOTAL,4000582.86,,EUR
erasmus-ka1-vet-grant,DK,Denmark,2020,TOTAL,4193855.67,,EUR
erasmus-ka1-vet-grant,DK,Denmark,2021,TOTAL,2011439.68,,EUR
erasmus-ka1-vet-grant,DK,Denmark,2022,TOTAL,6207810.5,,EUR
erasmus-ka1-vet-grant,DK,Denmark,2023,TOTAL,7143964.67,,EUR
erasmus-ka1-vet-grant,DK,Denmark,2024,TOTAL,9564600.21,,EUR
erasmus-ka1-vet-grant,DK,Denmark,2025,TOTAL,13499312.58,,EUR
erasmus-ka1-vet-grant,EE,Estonia,2014,TOTAL,2009419.02,,EUR
erasmus-ka1-vet-grant,EE,Estonia,2015,TOTAL,1957468.0,,EUR
erasmus-ka1-vet-grant,EE,Estonia,2016,TOTAL,2137494.67,,EUR
erasmus-ka1-vet-grant,EE,Estonia,2017,TOTAL,2686598.0,,EUR
erasmus-ka1-vet-grant,EE,Estonia,2018,TOTAL,2551288.86,,EUR
erasmus-ka1-vet-grant,EE,Estonia,2019,TOTAL,3029563.67,,EUR
erasmus-ka1-vet-grant,EE,Estonia,2020,TOTAL,3434743.0,,EUR
erasmus-ka1-vet-grant,EE,Estonia,2021,TOTAL,2378404.0,,EUR
erasmus-ka1-vet-grant,EE,Estonia,2022,TOTAL,3800139.78,,EUR
erasmus-ka1-vet-grant,EE,Estonia,2023,TOTAL,5328939.0,,EUR
erasmus-ka1-vet-grant,EE,Estonia,2024,TOTAL,5761155.0,,EUR
erasmus-ka1-vet-grant,EE,Estonia,2025,TOTAL,7676027.0,,EUR
erasmus-ka1-vet-grant,EL,Greece,2014,TOTAL,6153853.07,,EUR
erasmus-ka1-vet-grant,EL,Greece,2015,TOTAL,5640440.0,,EUR
erasmus-ka1-vet-grant,EL,Greece,2016,TOTAL,6630048.56,,EUR
erasmus-ka1-vet-grant,EL,Greece,2017,TOTAL,7211470.96,,EUR
erasmus-ka1-vet-grant,EL,Greece,2018,TOTAL,7986518.95,,EUR
erasmus-ka1-vet-grant,EL,Greece,2019,TOTAL,9116815.35,,EUR
erasmus-ka1-vet-grant,EL,Greece,2020,TOTAL,7627542.27,,EUR
erasmus-ka1-vet-grant,EL,Greece,2021,TOTAL,6735962.37,,EUR
erasmus-ka1-vet-grant,EL,Greece,2022,TOTAL,11018578.59,,EUR
erasmus-ka1-vet-grant,EL,Greece,2023,TOTAL,11829227.76,,EUR
erasmus-ka1-vet-grant,EL,Greece,2024,TOTAL,15174913.61,,EUR
erasmus-ka1-vet-grant,EL,Greece,2025,TOTAL,23180242.97,,EUR
erasmus-ka1-vet-grant,ES,Spain,2014,TOTAL,19309321.44,,EUR
erasmus-ka1-vet-grant,ES,Spain,2015,TOTAL,18828934.68,,EUR
erasmus-ka1-vet-grant,ES,Spain,2016,TOTAL,16920010.79,,EUR
erasmus-ka1-vet-grant,ES,Spain,2017,TOTAL,20782199.94,,EUR
erasmus-ka1-vet-grant,ES,Spain,2018,TOTAL,23420159.06,,EUR
erasmus-ka1-vet-grant,ES,Spain,2019,TOTAL,20811968.07,,EUR
erasmus-ka1-vet-grant,ES,Spain,2020,TOTAL,25030315.37,,EUR
erasmus-ka1-vet-grant,ES,Spain,2021,TOTAL,22283857.05,,EUR
erasmus-ka1-vet-grant,ES,Spain,2022,TOTAL,30499990.76,,EUR
erasmus-ka1-vet-grant,ES,Spain,2023,TOTAL,34187029.49,,EUR
erasmus-ka1-vet-grant,ES,Spain,2024,TOTAL,52656518.25,,EUR
erasmus-ka1-vet-grant,ES,Spain,2025,TOTAL,78622648.03,,EUR
erasmus-ka1-vet-grant,EU27,European Union (27),2014,TOTAL,208006095.92,,EUR
erasmus-ka1-vet-grant,EU27,European Union (27),2015,TOTAL,207543226.37,,EUR
erasmus-ka1-vet-grant,EU27,European Union (27),2016,TOTAL,213307999.49,,EUR
erasmus-ka1-vet-grant,EU27,European Union (27),2017,TOTAL,246101013.29,,EUR
erasmus-ka1-vet-grant,EU27,European Union (27),2018,TOTAL,277126477.98,,EUR
erasmus-ka1-vet-grant,EU27,European Union (27),2019,TOTAL,272741842.6,,EUR
erasmus-ka1-vet-grant,EU27,European Union (27),2020,TOTAL,280746836.27,,EUR
erasmus-ka1-vet-grant,EU27,European Union (27),2021,TOTAL,238307500.81,,EUR
erasmus-ka1-vet-grant,EU27,European Union (27),2022,TOTAL,388888375.89,,EUR
erasmus-ka1-vet-grant,EU27,European Union (27),2023,TOTAL,455300678.05,,EUR
erasmus-ka1-vet-grant,EU27,European Union (27),2024,TOTAL,591451155.6,,EUR
erasmus-ka1-vet-grant,EU27,European Union (27),2025,TOTAL,832983243.35,,EUR
erasmus-ka1-vet-grant,FI,Finland,2014,TOTAL,4659207.0,,EUR
erasmus-ka1-vet-grant,FI,Finland,2015,TOTAL,4583085.02,,EUR
erasmus-ka1-vet-grant,FI,Finland,2016,TOTAL,4434411.68,,EUR
erasmus-ka1-vet-grant,FI,Finland,2017,TOTAL,5003091.7,,EUR
erasmus-ka1-vet-grant,FI,Finland,2018,TOTAL,5407316.25,,EUR
erasmus-ka1-vet-grant,FI,Finland,2019,TOTAL,3505419.72,,EUR
erasmus-ka1-vet-grant,FI,Finland,2020,TOTAL,1058506.01,,EUR
erasmus-ka1-vet-grant,FI,Finland,2021,TOTAL,4918899.52,,EUR
erasmus-ka1-vet-grant,FI,Finland,2022,TOTAL,7938551.77,,EUR
erasmus-ka1-vet-grant,FI,Finland,2023,TOTAL,9249713.19,,EUR
erasmus-ka1-vet-grant,FI,Finland,2024,TOTAL,11083838.77,,EUR
erasmus-ka1-vet-grant,FI,Finland,2025,TOTAL,15432884.8,,EUR
erasmus-ka1-vet-grant,FR,France,2014,TOTAL,26504184.53,,EUR
erasmus-ka1-vet-grant,FR,France,2015,TOTAL,25882625.67,,EUR
erasmus-ka1-vet-grant,FR,France,2016,TOTAL,27081035.95,,EUR
erasmus-ka1-vet-grant,FR,France,2017,TOTAL,31339011.43,,EUR
erasmus-ka1-vet-grant,FR,France,2018,TOTAL,34119865.19,,EUR
erasmus-ka1-vet-grant,FR,France,2019,TOTAL,21605216.98,,EUR
erasmus-ka1-vet-grant,FR,France,2020,TOTAL,28790748.62,,EUR
erasmus-ka1-vet-grant,FR,France,2021,TOTAL,35759589.22,,EUR
erasmus-ka1-vet-grant,FR,France,2022,TOTAL,53525226.29,,EUR
erasmus-ka1-vet-grant,FR,France,2023,TOTAL,61678106.49,,EUR
erasmus-ka1-vet-grant,FR,France,2024,TOTAL,77102361.84,,EUR
erasmus-ka1-vet-grant,FR,France,2025,TOTAL,107852179.86,,EUR
erasmus-ka1-vet-grant,HR,Croatia,2014,TOTAL,2199544.45,,EUR
erasmus-ka1-vet-grant,HR,Croatia,2015,TOTAL,2334144.0,,EUR
erasmus-ka1-vet-grant,HR,Croatia,2016,TOTAL,2619968.25,,EUR
erasmus-ka1-vet-grant,HR,Croatia,2017,TOTAL,3040951.5,,EUR
erasmus-ka1-vet-grant,HR,Croatia,2018,TOTAL,3964875.05,,EUR
erasmus-ka1-vet-grant,HR,Croatia,2019,TOTAL,4719880.95,,EUR
erasmus-ka1-vet-grant,HR,Croatia,2020,TOTAL,4993157.08,,EUR
erasmus-ka1-vet-grant,HR,Croatia,2021,TOTAL,3581772.6,,EUR
erasmus-ka1-vet-grant,HR,Croatia,2022,TOTAL,5862573.98,,EUR
erasmus-ka1-vet-grant,HR,Croatia,2023,TOTAL,6147176.12,,EUR
erasmus-ka1-vet-grant,HR,Croatia,2024,TOTAL,8181406.4,,EUR
erasmus-ka1-vet-grant,HR,Croatia,2025,TOTAL,10957051.0,,EUR
erasmus-ka1-vet-grant,HU,Hungary,2014,TOTAL,5834918.82,,EUR
erasmus-ka1-vet-grant,HU,Hungary,2015,TOTAL,5916272.71,,EUR
erasmus-ka1-vet-grant,HU,Hungary,2016,TOTAL,5957962.99,,EUR
erasmus-ka1-vet-grant,HU,Hungary,2017,TOTAL,6904475.3,,EUR
erasmus-ka1-vet-grant,HU,Hungary,2018,TOTAL,7569758.59,,EUR
erasmus-ka1-vet-grant,HU,Hungary,2019,TOTAL,8518254.58,,EUR
erasmus-ka1-vet-grant,HU,Hungary,2020,TOTAL,9064707.47,,EUR
erasmus-ka1-vet-grant,HU,Hungary,2021,TOTAL,8354407.53,,EUR
erasmus-ka1-vet-grant,HU,Hungary,2022,TOTAL,12993976.38,,EUR
erasmus-ka1-vet-grant,HU,Hungary,2023,TOTAL,18433400.54,,EUR
erasmus-ka1-vet-grant,HU,Hungary,2024,TOTAL,24366585.9,,EUR
erasmus-ka1-vet-grant,HU,Hungary,2025,TOTAL,31503570.0,,EUR
erasmus-ka1-vet-grant,IE,Ireland,2014,TOTAL,2008997.25,,EUR
erasmus-ka1-vet-grant,IE,Ireland,2015,TOTAL,1525218.0,,EUR
erasmus-ka1-vet-grant,IE,Ireland,2016,TOTAL,1421283.13,,EUR
erasmus-ka1-vet-grant,IE,Ireland,2017,TOTAL,2584861.4,,EUR
erasmus-ka1-vet-grant,IE,Ireland,2018,TOTAL,3300192.65,,EUR
erasmus-ka1-vet-grant,IE,Ireland,2019,TOTAL,2986875.09,,EUR
erasmus-ka1-vet-grant,IE,Ireland,2020,TOTAL,3246650.87,,EUR
erasmus-ka1-vet-grant,IE,Ireland,2021,TOTAL,1369335.33,,EUR
erasmus-ka1-vet-grant,IE,Ireland,2022,TOTAL,3082119.39,,EUR
erasmus-ka1-vet-grant,IE,Ireland,2023,TOTAL,5794381.09,,EUR
erasmus-ka1-vet-grant,IE,Ireland,2024,TOTAL,7370191.06,,EUR
erasmus-ka1-vet-grant,IE,Ireland,2025,TOTAL,8916316.0,,EUR
erasmus-ka1-vet-grant,IS,Iceland,2014,TOTAL,405729.0,,EUR
erasmus-ka1-vet-grant,IS,Iceland,2015,TOTAL,521214.0,,EUR
erasmus-ka1-vet-grant,IS,Iceland,2016,TOTAL,629254.0,,EUR
erasmus-ka1-vet-grant,IS,Iceland,2017,TOTAL,820765.0,,EUR
erasmus-ka1-vet-grant,IS,Iceland,2018,TOTAL,754400.0,,EUR
erasmus-ka1-vet-grant,IS,Iceland,2019,TOTAL,692496.4,,EUR
erasmus-ka1-vet-grant,IS,Iceland,2020,TOTAL,1078811.0,,EUR
erasmus-ka1-vet-grant,IS,Iceland,2021,TOTAL,401748.2,,EUR
erasmus-ka1-vet-grant,IS,Iceland,2022,TOTAL,920238.4,,EUR
erasmus-ka1-vet-grant,IS,Iceland,2023,TOTAL,1411081.42,,EUR
erasmus-ka1-vet-grant,IS,Iceland,2024,TOTAL,1862203.36,,EUR
erasmus-ka1-vet-grant,IS,Iceland,2025,TOTAL,2810394.0,,EUR
erasmus-ka1-vet-grant,IT,Italy,2014,TOTAL,23889214.47,,EUR
erasmus-ka1-vet-grant,IT,Italy,2015,TOTAL,24478135.41,,EUR
erasmus-ka1-vet-grant,IT,Italy,2016,TOTAL,25560478.42,,EUR
erasmus-ka1-vet-grant,IT,Italy,2017,TOTAL,29541400.85,,EUR
erasmus-ka1-vet-grant,IT,Italy,2018,TOTAL,33741201.22,,EUR
erasmus-ka1-vet-grant,IT,Italy,2019,TOTAL,38506514.6,,EUR
erasmus-ka1-vet-grant,IT,Italy,2020,TOTAL,40136031.79,,EUR
erasmus-ka1-vet-grant,IT,Italy,2021,TOTAL,27948097.31,,EUR
erasmus-ka1-vet-grant,IT,Italy,2022,TOTAL,44002169.24,,EUR
erasmus-ka1-vet-grant,IT,Italy,2023,TOTAL,46113919.32,,EUR
erasmus-ka1-vet-grant,IT,Italy,2024,TOTAL,61207884.25,,EUR
erasmus-ka1-vet-grant,IT,Italy,2025,TOTAL,94916868.46,,EUR
erasmus-ka1-vet-grant,LI,Liechtenstein,2014,TOTAL,109643.0,,EUR
erasmus-ka1-vet-grant,LI,Liechtenstein,2015,TOTAL,133646.0,,EUR
erasmus-ka1-vet-grant,LI,Liechtenstein,2016,TOTAL,157883.0,,EUR
erasmus-ka1-vet-grant,LI,Liechtenstein,2017,TOTAL,126709.0,,EUR
erasmus-ka1-vet-grant,LI,Liechtenstein,2018,TOTAL,174137.61,,EUR
erasmus-ka1-vet-grant,LI,Liechtenstein,2019,TOTAL,33024.08,,EUR
erasmus-ka1-vet-grant,LI,Liechtenstein,2020,TOTAL,189309.0,,EUR
erasmus-ka1-vet-grant,LI,Liechtenstein,2021,TOTAL,170581.0,,EUR
erasmus-ka1-vet-grant,LI,Liechtenstein,2023,TOTAL,159200.0,,EUR
erasmus-ka1-vet-grant,LI,Liechtenstein,2024,TOTAL,259627.0,,EUR
erasmus-ka1-vet-grant,LI,Liechtenstein,2025,TOTAL,430372.0,,EUR
erasmus-ka1-vet-grant,LT,Lithuania,2014,TOTAL,3866002.93,,EUR
erasmus-ka1-vet-grant,LT,Lithuania,2015,TOTAL,3922936.86,,EUR
erasmus-ka1-vet-grant,LT,Lithuania,2016,TOTAL,3884798.78,,EUR
erasmus-ka1-vet-grant,LT,Lithuania,2017,TOTAL,4229085.73,,EUR
erasmus-ka1-vet-grant,LT,Lithuania,2018,TOTAL,5041354.07,,EUR
erasmus-ka1-vet-grant,LT,Lithuania,2019,TOTAL,5907192.81,,EUR
erasmus-ka1-vet-grant,LT,Lithuania,2020,TOTAL,5945250.13,,EUR
erasmus-ka1-vet-grant,LT,Lithuania,2021,TOTAL,3295227.71,,EUR
erasmus-ka1-vet-grant,LT,Lithuania,2022,TOTAL,6423323.97,,EUR
erasmus-ka1-vet-grant,LT,Lithuania,2023,TOTAL,7201251.22,,EUR
erasmus-ka1-vet-grant,LT,Lithuania,2024,TOTAL,9103490.67,,EUR
erasmus-ka1-vet-grant,LT,Lithuania,2025,TOTAL,11189083.27,,EUR
erasmus-ka1-vet-grant,LU,Luxembourg,2014,TOTAL,389898.0,,EUR
erasmus-ka1-vet-grant,LU,Luxembourg,2015,TOTAL,476249.0,,EUR
erasmus-ka1-vet-grant,LU,Luxembourg,2016,TOTAL,472966.0,,EUR
erasmus-ka1-vet-grant,LU,Luxembourg,2017,TOTAL,460427.0,,EUR
erasmus-ka1-vet-grant,LU,Luxembourg,2018,TOTAL,527757.0,,EUR
erasmus-ka1-vet-grant,LU,Luxembourg,2019,TOTAL,151184.66,,EUR
erasmus-ka1-vet-grant,LU,Luxembourg,2020,TOTAL,498609.0,,EUR
erasmus-ka1-vet-grant,LU,Luxembourg,2021,TOTAL,320282.0,,EUR
erasmus-ka1-vet-grant,LU,Luxembourg,2022,TOTAL,315962.0,,EUR
erasmus-ka1-vet-grant,LU,Luxembourg,2023,TOTAL,356213.0,,EUR
erasmus-ka1-vet-grant,LU,Luxembourg,2024,TOTAL,666354.0,,EUR
erasmus-ka1-vet-grant,LU,Luxembourg,2025,TOTAL,1027084.0,,EUR
erasmus-ka1-vet-grant,LV,Latvia,2014,TOTAL,2111106.03,,EUR
erasmus-ka1-vet-grant,LV,Latvia,2015,TOTAL,2605580.32,,EUR
erasmus-ka1-vet-grant,LV,Latvia,2016,TOTAL,2879426.53,,EUR
erasmus-ka1-vet-grant,LV,Latvia,2017,TOTAL,3189031.1,,EUR
erasmus-ka1-vet-grant,LV,Latvia,2018,TOTAL,3703065.75,,EUR
erasmus-ka1-vet-grant,LV,Latvia,2019,TOTAL,3561599.05,,EUR
erasmus-ka1-vet-grant,LV,Latvia,2020,TOTAL,4290105.98,,EUR
erasmus-ka1-vet-grant,LV,Latvia,2021,TOTAL,2952777.76,,EUR
erasmus-ka1-vet-grant,LV,Latvia,2022,TOTAL,4584485.86,,EUR
erasmus-ka1-vet-grant,LV,Latvia,2023,TOTAL,5503274.81,,EUR
erasmus-ka1-vet-grant,LV,Latvia,2024,TOTAL,6966915.68,,EUR
erasmus-ka1-vet-grant,LV,Latvia,2025,TOTAL,9362462.35,,EUR
erasmus-ka1-vet-grant,MK,North Macedonia,2014,TOTAL,575061.0,,EUR
erasmus-ka1-vet-grant,MK,North Macedonia,2015,TOTAL,626999.0,,EUR
erasmus-ka1-vet-grant,MK,North Macedonia,2016,TOTAL,911803.0,,EUR
erasmus-ka1-vet-grant,MK,North Macedonia,2017,TOTAL,963091.0,,EUR
erasmus-ka1-vet-grant,MK,North Macedonia,2018,TOTAL,1126643.0,,EUR
erasmus-ka1-vet-grant,MK,North Macedonia,2019,TOTAL,1079225.0,,EUR
erasmus-ka1-vet-grant,MK,North Macedonia,2020,TOTAL,1391898.0,,EUR
erasmus-ka1-vet-grant,MK,North Macedonia,2021,TOTAL,829299.78,,EUR
erasmus-ka1-vet-grant,MK,North Macedonia,2022,TOTAL,753186.0,,EUR
erasmus-ka1-vet-grant,MK,North Macedonia,2023,TOTAL,695052.0,,EUR
erasmus-ka1-vet-grant,MK,North Macedonia,2024,TOTAL,866394.0,,EUR
erasmus-ka1-vet-grant,MK,North Macedonia,2025,TOTAL,1156356.0,,EUR
erasmus-ka1-vet-grant,MT,Malta,2014,TOTAL,658954.0,,EUR
erasmus-ka1-vet-grant,MT,Malta,2015,TOTAL,488294.25,,EUR
erasmus-ka1-vet-grant,MT,Malta,2016,TOTAL,153825.0,,EUR
erasmus-ka1-vet-grant,MT,Malta,2017,TOTAL,692201.0,,EUR
erasmus-ka1-vet-grant,MT,Malta,2018,TOTAL,979507.27,,EUR
erasmus-ka1-vet-grant,MT,Malta,2019,TOTAL,775534.05,,EUR
erasmus-ka1-vet-grant,MT,Malta,2020,TOTAL,841288.03,,EUR
erasmus-ka1-vet-grant,MT,Malta,2021,TOTAL,508021.43,,EUR
erasmus-ka1-vet-grant,MT,Malta,2022,TOTAL,796519.49,,EUR
erasmus-ka1-vet-grant,MT,Malta,2023,TOTAL,1265388.48,,EUR
erasmus-ka1-vet-grant,MT,Malta,2024,TOTAL,1024995.45,,EUR
erasmus-ka1-vet-grant,MT,Malta,2025,TOTAL,1353690.0,,EUR
erasmus-ka1-vet-grant,NL,Netherlands,2014,TOTAL,9664712.63,,EUR
erasmus-ka1-vet-grant,NL,Netherlands,2015,TOTAL,9420710.51,,EUR
erasmus-ka1-vet-grant,NL,Netherlands,2016,TOTAL,9770657.02,,EUR
erasmus-ka1-vet-grant,NL,Netherlands,2017,TOTAL,11740726.0,,EUR
erasmus-ka1-vet-grant,NL,Netherlands,2018,TOTAL,12088903.62,,EUR
erasmus-ka1-vet-grant,NL,Netherlands,2019,TOTAL,10556636.06,,EUR
erasmus-ka1-vet-grant,NL,Netherlands,2020,TOTAL,11569676.39,,EUR
erasmus-ka1-vet-grant,NL,Netherlands,2021,TOTAL,12766504.8,,EUR
erasmus-ka1-vet-grant,NL,Netherlands,2022,TOTAL,16132656.0,,EUR
erasmus-ka1-vet-grant,NL,Netherlands,2023,TOTAL,20095196.13,,EUR
erasmus-ka1-vet-grant,NL,Netherlands,2024,TOTAL,25421940.5,,EUR
erasmus-ka1-vet-grant,NL,Netherlands,2025,TOTAL,29914064.37,,EUR
erasmus-ka1-vet-grant,NO,Norway,2014,TOTAL,3319902.0,,EUR
erasmus-ka1-vet-grant,NO,Norway,2015,TOTAL,3288488.0,,EUR
erasmus-ka1-vet-grant,NO,Norway,2016,TOTAL,3762984.0,,EUR
erasmus-ka1-vet-grant,NO,Norway,2017,TOTAL,3730332.0,,EUR
erasmus-ka1-vet-grant,NO,Norway,2018,TOTAL,4152565.83,,EUR
erasmus-ka1-vet-grant,NO,Norway,2019,TOTAL,3126774.68,,EUR
erasmus-ka1-vet-grant,NO,Norway,2020,TOTAL,4186904.22,,EUR
erasmus-ka1-vet-grant,NO,Norway,2021,TOTAL,1513243.87,,EUR
erasmus-ka1-vet-grant,NO,Norway,2022,TOTAL,5886368.99,,EUR
erasmus-ka1-vet-grant,NO,Norway,2023,TOTAL,6155053.05,,EUR
erasmus-ka1-vet-grant,NO,Norway,2024,TOTAL,8450087.75,,EUR
erasmus-ka1-vet-grant,NO,Norway,2025,TOTAL,12281734.0,,EUR
erasmus-ka1-vet-grant,PL,Poland,2014,TOTAL,21399686.36,,EUR
erasmus-ka1-vet-grant,PL,Poland,2015,TOTAL,21152967.6,,EUR
erasmus-ka1-vet-grant,PL,Poland,2016,TOTAL,20444596.13,,EUR
erasmus-ka1-vet-grant,PL,Poland,2017,TOTAL,21173096.85,,EUR
erasmus-ka1-vet-grant,PL,Poland,2018,TOTAL,24658850.22,,EUR
erasmus-ka1-vet-grant,PL,Poland,2019,TOTAL,30045237.82,,EUR
erasmus-ka1-vet-grant,PL,Poland,2020,TOTAL,30638923.45,,EUR
erasmus-ka1-vet-grant,PL,Poland,2021,TOTAL,25074587.85,,EUR
erasmus-ka1-vet-grant,PL,Poland,2022,TOTAL,35139370.12,,EUR
erasmus-ka1-vet-grant,PL,Poland,2023,TOTAL,36714045.18,,EUR
erasmus-ka1-vet-grant,PL,Poland,2024,TOTAL,47059741.21,,EUR
erasmus-ka1-vet-grant,PL,Poland,2025,TOTAL,63999467.84,,EUR
erasmus-ka1-vet-grant,PT,Portugal,2014,TOTAL,6871788.63,,EUR
erasmus-ka1-vet-grant,PT,Portugal,2015,TOTAL,7026763.38,,EUR
erasmus-ka1-vet-grant,PT,Portugal,2016,TOTAL,6876252.37,,EUR
erasmus-ka1-vet-grant,PT,Portugal,2017,TOTAL,8150445.63,,EUR
erasmus-ka1-vet-grant,PT,Portugal,2018,TOTAL,9125049.72,,EUR
erasmus-ka1-vet-grant,PT,Portugal,2019,TOTAL,10693133.41,,EUR
erasmus-ka1-vet-grant,PT,Portugal,2020,TOTAL,10592470.9,,EUR
erasmus-ka1-vet-grant,PT,Portugal,2021,TOTAL,7463522.95,,EUR
erasmus-ka1-vet-grant,PT,Portugal,2022,TOTAL,12035460.19,,EUR
erasmus-ka1-vet-grant,PT,Portugal,2023,TOTAL,13158927.19,,EUR
erasmus-ka1-vet-grant,PT,Portugal,2024,TOTAL,17309383.88,,EUR
erasmus-ka1-vet-grant,PT,Portugal,2025,TOTAL,22550774.71,,EUR
erasmus-ka1-vet-grant,RO,Romania,2014,TOTAL,9634181.9,,EUR
erasmus-ka1-vet-grant,RO,Romania,2015,TOTAL,10090946.05,,EUR
erasmus-ka1-vet-grant,RO,Romania,2016,TOTAL,9806740.12,,EUR
erasmus-ka1-vet-grant,RO,Romania,2017,TOTAL,11520889.35,,EUR
erasmus-ka1-vet-grant,RO,Romania,2018,TOTAL,13975031.71,,EUR
erasmus-ka1-vet-grant,RO,Romania,2019,TOTAL,16495050.42,,EUR
erasmus-ka1-vet-grant,RO,Romania,2020,TOTAL,17055603.85,,EUR
erasmus-ka1-vet-grant,RO,Romania,2021,TOTAL,15353446.81,,EUR
erasmus-ka1-vet-grant,RO,Romania,2022,TOTAL,21473162.19,,EUR
erasmus-ka1-vet-grant,RO,Romania,2023,TOTAL,20380165.8,,EUR
erasmus-ka1-vet-grant,RO,Romania,2024,TOTAL,26091963.72,,EUR
erasmus-ka1-vet-grant,RO,Romania,2025,TOTAL,35905016.78,,EUR
erasmus-ka1-vet-grant,RS,Serbia,2017,TOTAL,84171.0,,EUR
erasmus-ka1-vet-grant,RS,Serbia,2018,TOTAL,171325.0,,EUR
erasmus-ka1-vet-grant,RS,Serbia,2019,TOTAL,723945.17,,EUR
erasmus-ka1-vet-grant,RS,Serbia,2020,TOTAL,998916.0,,EUR
erasmus-ka1-vet-grant,RS,Serbia,2021,TOTAL,1072645.96,,EUR
erasmus-ka1-vet-grant,RS,Serbia,2022,TOTAL,1314013.0,,EUR
erasmus-ka1-vet-grant,RS,Serbia,2023,TOTAL,1213003.6,,EUR
erasmus-ka1-vet-grant,RS,Serbia,2024,TOTAL,1559683.0,,EUR
erasmus-ka1-vet-grant,RS,Serbia,2025,TOTAL,2262789.0,,EUR
erasmus-ka1-vet-grant,SE,Sweden,2014,TOTAL,4724427.0,,EUR
erasmus-ka1-vet-grant,SE,Sweden,2015,TOTAL,3490724.0,,EUR
erasmus-ka1-vet-grant,SE,Sweden,2016,TOTAL,4202898.0,,EUR
erasmus-ka1-vet-grant,SE,Sweden,2017,TOTAL,4543625.32,,EUR
erasmus-ka1-vet-grant,SE,Sweden,2018,TOTAL,6224515.6,,EUR
erasmus-ka1-vet-grant,SE,Sweden,2019,TOTAL,6323075.0,,EUR
erasmus-ka1-vet-grant,SE,Sweden,2020,TOTAL,5224202.38,,EUR
erasmus-ka1-vet-grant,SE,Sweden,2021,TOTAL,3577215.3,,EUR
erasmus-ka1-vet-grant,SE,Sweden,2022,TOTAL,6788179.29,,EUR
erasmus-ka1-vet-grant,SE,Sweden,2023,TOTAL,8969206.97,,EUR
erasmus-ka1-vet-grant,SE,Sweden,2024,TOTAL,12085075.47,,EUR
erasmus-ka1-vet-grant,SE,Sweden,2025,TOTAL,19391472.2,,EUR
erasmus-ka1-vet-grant,SI,Slovenia,2014,TOTAL,1999055.8,,EUR
erasmus-ka1-vet-grant,SI,Slovenia,2015,TOTAL,2495294.0,,EUR
erasmus-ka1-vet-grant,SI,Slovenia,2016,TOTAL,2564490.0,,EUR
erasmus-ka1-vet-grant,SI,Slovenia,2017,TOTAL,2924751.99,,EUR
erasmus-ka1-vet-grant,SI,Slovenia,2018,TOTAL,3541835.11,,EUR
erasmus-ka1-vet-grant,SI,Slovenia,2019,TOTAL,3843418.56,,EUR
erasmus-ka1-vet-grant,SI,Slovenia,2020,TOTAL,3796719.62,,EUR
erasmus-ka1-vet-grant,SI,Slovenia,2021,TOTAL,2300507.47,,EUR
erasmus-ka1-vet-grant,SI,Slovenia,2022,TOTAL,4055697.41,,EUR
erasmus-ka1-vet-grant,SI,Slovenia,2023,TOTAL,5325301.0,,EUR
erasmus-ka1-vet-grant,SI,Slovenia,2024,TOTAL,6650098.04,,EUR
erasmus-ka1-vet-grant,SI,Slovenia,2025,TOTAL,9144064.23,,EUR
erasmus-ka1-vet-grant,SK,Slovakia,2014,TOTAL,4407697.98,,EUR
erasmus-ka1-vet-grant,SK,Slovakia,2015,TOTAL,4174021.0,,EUR
erasmus-ka1-vet-grant,SK,Slovakia,2016,TOTAL,4277461.0,,EUR
erasmus-ka1-vet-grant,SK,Slovakia,2017,TOTAL,4961999.99,,EUR
erasmus-ka1-vet-grant,SK,Slovakia,2018,TOTAL,5949177.37,,EUR
erasmus-ka1-vet-grant,SK,Slovakia,2019,TOTAL,7982039.11,,EUR
erasmus-ka1-vet-grant,SK,Slovakia,2020,TOTAL,5193277.85,,EUR
erasmus-ka1-vet-grant,SK,Slovakia,2021,TOTAL,5816907.67,,EUR
erasmus-ka1-vet-grant,SK,Slovakia,2022,TOTAL,8974334.1,,EUR
erasmus-ka1-vet-grant,SK,Slovakia,2023,TOTAL,9530888.4,,EUR
erasmus-ka1-vet-grant,SK,Slovakia,2024,TOTAL,10949869.43,,EUR
erasmus-ka1-vet-grant,SK,Slovakia,2025,TOTAL,15431364.4,,EUR
erasmus-ka1-vet-grant,TR,Türkiye,2014,TOTAL,16743738.67,,EUR
erasmus-ka1-vet-grant,TR,Türkiye,2015,TOTAL,17558844.61,,EUR
erasmus-ka1-vet-grant,TR,Türkiye,2016,TOTAL,16853580.45,,EUR
erasmus-ka1-vet-grant,TR,Türkiye,2017,TOTAL,16135379.56,,EUR
erasmus-ka1-vet-grant,TR,Türkiye,2018,TOTAL,17907907.81,,EUR
erasmus-ka1-vet-grant,TR,Türkiye,2019,TOTAL,16628583.42,,EUR
erasmus-ka1-vet-grant,TR,Türkiye,2020,TOTAL,17431177.41,,EUR
erasmus-ka1-vet-grant,TR,Türkiye,2021,TOTAL,17437206.73,,EUR
erasmus-ka1-vet-grant,TR,Türkiye,2022,TOTAL,16573233.37,,EUR
erasmus-ka1-vet-grant,TR,Türkiye,2023,TOTAL,17796304.83,,EUR
erasmus-ka1-vet-grant,TR,Türkiye,2024,TOTAL,23281319.84,,EUR
erasmus-ka1-vet-grant,TR,Türkiye,2025,TOTAL,32813430.0,,EUR
erasmus-ka1-vet-grant,UK,United Kingdom,2014,TOTAL,12901215.47,,EUR
erasmus-ka1-vet-grant,UK,United Kingdom,2015,TOTAL,14124205.61,,EUR
erasmus-ka1-vet-grant,UK,United Kingdom,2016,TOTAL,17867216.26,,EUR
erasmus-ka1-vet-grant,UK,United Kingdom,2017,TOTAL,21723849.49,,EUR
erasmus-ka1-vet-grant,UK,United Kingdom,2018,TOTAL,20342473.34,,EUR
erasmus-ka1-vet-grant,UK,United Kingdom,2019,TOTAL,21779160.63,,EUR
erasmus-ka1-vet-grant,UK,United Kingdom,2020,TOTAL,24558435.43,,EUR
