indicator,geo,geo_name,time,role,value,flag,unit
erasmus-cove-participations,AL,Albania,2021,AFFIL,0.0,,participations
erasmus-cove-participations,AL,Albania,2024,AFFIL,0.0,,participations
erasmus-cove-participations,AL,Albania,2025,AFFIL,0.0,,participations
erasmus-cove-participations,AT,Austria,2021,AFFIL,0.0,,participations
erasmus-cove-participations,AT,Austria,2022,AFFIL,0.0,,participations
erasmus-cove-participations,AT,Austria,2023,AFFIL,0.0,,participations
erasmus-cove-participations,AT,Austria,2024,AFFIL,0.0,,participations
erasmus-cove-participations,AT,Austria,2025,AFFIL,0.0,,participations
erasmus-cove-participations,BA,Bosnia and Herzegovina,2021,AFFIL,0.0,,participations
erasmus-cove-participations,BA,Bosnia and Herzegovina,2022,AFFIL,0.0,,participations
erasmus-cove-participations,BA,Bosnia and Herzegovina,2024,AFFIL,0.0,,participations
erasmus-cove-participations,BA,Bosnia and Herzegovina,2025,AFFIL,0.0,,participations
erasmus-cove-participations,BE,Belgium,2021,AFFIL,0.0,,participations
erasmus-cove-participations,BE,Belgium,2022,AFFIL,0.0,,participations
erasmus-cove-participations,BE,Belgium,2023,AFFIL,0.0,,participations
erasmus-cove-participations,BE,Belgium,2024,AFFIL,0.0,,participations
erasmus-cove-participations,BE,Belgium,2025,AFFIL,0.0,,participations
erasmus-cove-participations,BG,Bulgaria,2021,AFFIL,0.0,,participations
erasmus-cove-participations,BG,Bulgaria,2022,AFFIL,0.0,,participations
erasmus-cove-participations,BG,Bulgaria,2023,AFFIL,0.0,,participations
erasmus-cove-participations,BG,Bulgaria,2025,AFFIL,0.0,,participations
erasmus-cove-participations,CH,Switzerland,2024,AFFIL,0.0,,participations
erasmus-cove-participations,CH,Switzerland,2025,AFFIL,0.0,,participations
erasmus-cove-participations,CY,Cyprus,2021,AFFIL,0.0,,participations
erasmus-cove-participations,CY,Cyprus,2022,AFFIL,0.0,,participations
erasmus-cove-participations,CY,Cyprus,2023,AFFIL,0.0,,participations
erasmus-cove-participations,CY,Cyprus,2024,AFFIL,0.0,,participations
erasmus-cove-participations,CY,Cyprus,2025,AFFIL,0.0,,participations
erasmus-cove-participations,CZ,Czechia,2021,AFFIL,0.0,,participations
erasmus-cove-participations,CZ,Czechia,2022,AFFIL,0.0,,participations
erasmus-cove-participations,DE,Germany,2021,AFFIL,5.0,,participations
erasmus-cove-participations,DE,Germany,2022,AFFIL,0.0,,participations
erasmus-cove-participations,DE,Germany,2023,AFFIL,0.0,,participations
erasmus-cove-participations,DE,Germany,2024,AFFIL,0.0,,participations
erasmus-cove-participations,DE,Germany,2025,AFFIL,0.0,,participations
erasmus-cove-participations,DK,Denmark,2021,AFFIL,5.0,,participations
erasmus-cove-participations,DK,Denmark,2022,AFFIL,0.0,,participations
erasmus-cove-participations,DK,Denmark,2023,AFFIL,0.0,,participations
erasmus-cove-participations,DK,Denmark,2024,AFFIL,0.0,,participations
erasmus-cove-participations,DK,Denmark,2025,AFFIL,0.0,,participations
erasmus-cove-participations,EE,Estonia,2021,AFFIL,0.0,,participations
erasmus-cove-participations,EE,Estonia,2022,AFFIL,0.0,,participations
erasmus-cove-participations,EE,Estonia,2023,AFFIL,0.0,,participations
erasmus-cove-participations,EE,Estonia,2024,AFFIL,0.0,,participations
erasmus-cove-participations,EL,Greece,2021,AFFIL,1.0,,participations
erasmus-cove-participations,EL,Greece,2022,AFFIL,0.0,,participations
erasmus-cove-participations,EL,Greece,2023,AFFIL,0.0,,participations
erasmus-cove-participations,EL,Greece,2024,AFFIL,0.0,,participations
erasmus-cove-participations,EL,Greece,2025,AFFIL,1.0,,participations
erasmus-cove-participations,ES,Spain,2021,AFFIL,1.0,,participations
erasmus-cove-participations,ES,Spain,2022,AFFIL,0.0,,participations
erasmus-cove-participations,ES,Spain,2023,AFFIL,0.0,,participations
erasmus-cove-participations,ES,Spain,2024,AFFIL,0.0,,participations
erasmus-cove-participations,ES,Spain,2025,AFFIL,0.0,,participations
erasmus-cove-participations,EU27,European Union (27),2021,AFFIL,28.0,,participations
erasmus-cove-participations,EU27,European Union (27),2022,AFFIL,0.0,,participations
erasmus-cove-participations,EU27,European Union (27),2023,AFFIL,2.0,,participations
erasmus-cove-participations,EU27,European Union (27),2024,AFFIL,5.0,,participations
erasmus-cove-participations,EU27,European Union (27),2025,AFFIL,1.0,,participations
erasmus-cove-participations,FI,Finland,2021,AFFIL,0.0,,participations
erasmus-cove-participations,FI,Finland,2022,AFFIL,0.0,,participations
erasmus-cove-participations,FI,Finland,2023,AFFIL,0.0,,participations
erasmus-cove-participations,FI,Finland,2024,AFFIL,0.0,,participations
erasmus-cove-participations,FI,Finland,2025,AFFIL,0.0,,participations
erasmus-cove-participations,FR,France,2021,AFFIL,3.0,,participations
erasmus-cove-participations,FR,France,2022,AFFIL,0.0,,participations
erasmus-cove-participations,FR,France,2023,AFFIL,0.0,,participations
erasmus-cove-participations,FR,France,2024,AFFIL,0.0,,participations
erasmus-cove-participations,FR,France,2025,AFFIL,0.0,,participations
erasmus-cove-participations,GE,Georgia,2022,AFFIL,0.0,,participations
erasmus-cove-participations,HR,Croatia,2021,AFFIL,0.0,,participations
erasmus-cove-participations,HR,Croatia,2022,AFFIL,0.0,,participations
erasmus-cove-participations,HR,Croatia,2024,AFFIL,0.0,,participations
erasmus-cove-participations,HR,Croatia,2025,AFFIL,0.0,,participations
erasmus-cove-participations,HU,Hungary,2023,AFFIL,0.0,,participations
erasmus-cove-participations,HU,Hungary,2024,AFFIL,0.0,,participations
erasmus-cove-participations,IE,Ireland,2021,AFFIL,4.0,,participations
erasmus-cove-participations,IE,Ireland,2022,AFFIL,0.0,,participations
erasmus-cove-participations,IE,Ireland,2023,AFFIL,0.0,,participations
erasmus-cove-participations,IE,Ireland,2024,AFFIL,0.0,,participations
erasmus-cove-participations,IE,Ireland,2025,AFFIL,0.0,,participations
erasmus-cove-participations,IT,Italy,2021,AFFIL,0.0,,participations
erasmus-cove-participations,IT,Italy,2022,AFFIL,0.0,,participations
erasmus-cove-participations,IT,Italy,2023,AFFIL,2.0,,participations
erasmus-cove-participations,IT,Italy,2024,AFFIL,3.0,,participations
erasmus-cove-participations,IT,Italy,2025,AFFIL,0.0,,participations
erasmus-cove-participations,LT,Lithuania,2021,AFFIL,0.0,,participations
erasmus-cove-participations,LT,Lithuania,2022,AFFIL,0.0,,participations
erasmus-cove-participations,LT,Lithuania,2023,AFFIL,0.0,,participations
erasmus-cove-participations,LT,Lithuania,2024,AFFIL,0.0,,participations
erasmus-cove-participations,LT,Lithuania,2025,AFFIL,0.0,,participations
erasmus-cove-participations,LU,Luxembourg,2021,AFFIL,0.0,,participations
erasmus-cove-participations,LU,Luxembourg,2024,AFFIL,0.0,,participations
erasmus-cove-participations,LV,Latvia,2021,AFFIL,0.0,,participations
erasmus-cove-participations,LV,Latvia,2022,AFFIL,0.0,,participations
erasmus-cove-participations,LV,Latvia,2023,AFFIL,0.0,,participations
erasmus-cove-participations,LV,Latvia,2024,AFFIL,0.0,,participations
erasmus-cove-participations,LV,Latvia,2025,AFFIL,0.0,,participations
erasmus-cove-participations,MD,Moldova,2022,AFFIL,0.0,,participations
erasmus-cove-participations,MD,Moldova,2025,AFFIL,0.0,,participations
erasmus-cove-participations,MK,North Macedonia,2021,AFFIL,0.0,,participations
erasmus-cove-participations,MK,North Macedonia,2023,AFFIL,0.0,,participations
erasmus-cove-participations,MK,North Macedonia,2025,AFFIL,0.0,,participations
erasmus-cove-participations,MT,Malta,2021,AFFIL,0.0,,participations
erasmus-cove-participations,MT,Malta,2025,AFFIL,0.0,,participations
erasmus-cove-participations,NL,Netherlands,2021,AFFIL,2.0,,participations
erasmus-cove-participations,NL,Netherlands,2022,AFFIL,0.0,,participations
erasmus-cove-participations,NL,Netherlands,2023,AFFIL,0.0,,participations
erasmus-cove-participations,NL,Netherlands,2024,AFFIL,0.0,,participations
erasmus-cove-participations,NL,Netherlands,2025,AFFIL,0.0,,participations
erasmus-cove-participations,NO,Norway,2021,AFFIL,0.0,,participations
erasmus-cove-participations,NO,Norway,2022,AFFIL,0.0,,participations
erasmus-cove-participations,NO,Norway,2023,AFFIL,0.0,,participations
erasmus-cove-participations,PL,Poland,2021,AFFIL,3.0,,participations
erasmus-cove-participations,PL,Poland,2022,AFFIL,0.0,,participations
erasmus-cove-participations,PL,Poland,2023,AFFIL,0.0,,participations
erasmus-cove-participations,PL,Poland,2024,AFFIL,0.0,,participations
erasmus-cove-participations,PL,Poland,2025,AFFIL,0.0,,participations
erasmus-cove-participations,PT,Portugal,2021,AFFIL,0.0,,participations
erasmus-cove-participations,PT,Portugal,2022,AFFIL,0.0,,participations
erasmus-cove-participations,PT,Portugal,2023,AFFIL,0.0,,participations
erasmus-cove-participations,PT,Portugal,2024,AFFIL,2.0,,participations
erasmus-cove-participations,PT,Portugal,2025,AFFIL,0.0,,participations
erasmus-cove-participations,RO,Romania,2021,AFFIL,4.0,,participations
erasmus-cove-participations,RO,Romania,2022,AFFIL,0.0,,participations
erasmus-cove-participations,RO,Romania,2023,AFFIL,0.0,,participations
erasmus-cove-participations,RO,Romania,2024,AFFIL,0.0,,participations
erasmus-cove-participations,RO,Romania,2025,AFFIL,0.0,,participations
erasmus-cove-participations,RS,Serbia,2021,AFFIL,4.0,,participations
erasmus-cove-participations,RS,Serbia,2022,AFFIL,0.0,,participations
erasmus-cove-participations,RS,Serbia,2024,AFFIL,0.0,,participations
erasmus-cove-participations,RS,Serbia,2025,AFFIL,0.0,,participations
erasmus-cove-participations,SE,Sweden,2021,AFFIL,0.0,,participations
erasmus-cove-participations,SE,Sweden,2022,AFFIL,0.0,,participations
erasmus-cove-participations,SE,Sweden,2023,AFFIL,0.0,,participations
erasmus-cove-participations,SE,Sweden,2024,AFFIL,0.0,,participations
erasmus-cove-participations,SE,Sweden,2025,AFFIL,0.0,,participations
erasmus-cove-participations,SI,Slovenia,2021,AFFIL,0.0,,participations
erasmus-cove-participations,SI,Slovenia,2022,AFFIL,0.0,,participations
erasmus-cove-participations,SI,Slovenia,2023,AFFIL,0.0,,participations
erasmus-cove-participations,SI,Slovenia,2024,AFFIL,0.0,,participations
erasmus-cove-participations,SI,Slovenia,2025,AFFIL,0.0,,participations
erasmus-cove-participations,SK,Slovakia,2021,AFFIL,0.0,,participations
erasmus-cove-participations,SK,Slovakia,2023,AFFIL,0.0,,participations
erasmus-cove-participations,SK,Slovakia,2025,AFFIL,0.0,,participations
erasmus-cove-participations,TR,Türkiye,2021,AFFIL,2.0,,participations
erasmus-cove-participations,TR,Türkiye,2022,AFFIL,0.0,,participations
erasmus-cove-participations,TR,Türkiye,2023,AFFIL,0.0,,participations
erasmus-cove-participations,TR,Türkiye,2024,AFFIL,0.0,,participations
erasmus-cove-participations,TR,Türkiye,2025,AFFIL,0.0,,participations
erasmus-cove-participations,UA,Ukraine,2023,AFFIL,0.0,,participations
erasmus-cove-participations,UA,Ukraine,2024,AFFIL,0.0,,participations
erasmus-cove-participations,UA,Ukraine,2025,AFFIL,0.0,,participations
erasmus-cove-participations,UK,United Kingdom,2021,AFFIL,0.0,,participations
erasmus-cove-participations,UK,United Kingdom,2022,AFFIL,0.0,,participations
erasmus-cove-participations,UK,United Kingdom,2024,AFFIL,0.0,,participations
erasmus-cove-participations,UK,United Kingdom,2025,AFFIL,0.0,,participations
erasmus-cove-participations,XK,Kosovo*,2024,AFFIL,0.0,,participations
erasmus-cove-participations,AL,Albania,2021,ASSOC,1.0,,participations
erasmus-cove-participations,AL,Albania,2024,ASSOC,1.0,,participations
erasmus-cove-participations,AL,Albania,2025,ASSOC,1.0,,participations
erasmus-cove-participations,AT,Austria,2021,ASSOC,4.0,,participations
erasmus-cove-participations,AT,Austria,2022,ASSOC,9.0,,participations
erasmus-cove-participations,AT,Austria,2023,ASSOC,4.0,,participations
erasmus-cove-participations,AT,Austria,2024,ASSOC,1.0,,participations
erasmus-cove-participations,AT,Austria,2025,ASSOC,3.0,,participations
erasmus-cove-participations,BA,Bosnia and Herzegovina,2021,ASSOC,3.0,,participations
erasmus-cove-participations,BA,Bosnia and Herzegovina,2022,ASSOC,4.0,,participations
erasmus-cove-participations,BA,Bosnia and Herzegovina,2024,ASSOC,1.0,,participations
erasmus-cove-participations,BA,Bosnia and Herzegovina,2025,ASSOC,0.0,,participations
erasmus-cove-participations,BE,Belgium,2021,ASSOC,4.0,,participations
erasmus-cove-participations,BE,Belgium,2022,ASSOC,2.0,,participations
erasmus-cove-participations,BE,Belgium,2023,ASSOC,6.0,,participations
erasmus-cove-participations,BE,Belgium,2024,ASSOC,8.0,,participations
erasmus-cove-participations,BE,Belgium,2025,ASSOC,5.0,,participations
erasmus-cove-participations,BG,Bulgaria,2021,ASSOC,0.0,,participations
erasmus-cove-participations,BG,Bulgaria,2022,ASSOC,3.0,,participations
erasmus-cove-participations,BG,Bulgaria,2023,ASSOC,2.0,,participations
erasmus-cove-participations,BG,Bulgaria,2025,ASSOC,1.0,,participations
erasmus-cove-participations,CH,Switzerland,2024,ASSOC,1.0,,participations
erasmus-cove-participations,CH,Switzerland,2025,ASSOC,1.0,,participations
erasmus-cove-participations,CY,Cyprus,2021,ASSOC,2.0,,participations
erasmus-cove-participations,CY,Cyprus,2022,ASSOC,3.0,,participations
erasmus-cove-participations,CY,Cyprus,2023,ASSOC,2.0,,participations
erasmus-cove-participations,CY,Cyprus,2024,ASSOC,0.0,,participations
erasmus-cove-participations,CY,Cyprus,2025,ASSOC,6.0,,participations
erasmus-cove-participations,CZ,Czechia,2021,ASSOC,0.0,,participations
erasmus-cove-participations,CZ,Czechia,2022,ASSOC,10.0,,participations
erasmus-cove-participations,DE,Germany,2021,ASSOC,9.0,,participations
erasmus-cove-participations,DE,Germany,2022,ASSOC,8.0,,participations
erasmus-cove-participations,DE,Germany,2023,ASSOC,18.0,,participations
erasmus-cove-participations,DE,Germany,2024,ASSOC,9.0,,participations
erasmus-cove-participations,DE,Germany,2025,ASSOC,5.0,,participations
erasmus-cove-participations,DK,Denmark,2021,ASSOC,0.0,,participations
erasmus-cove-participations,DK,Denmark,2022,ASSOC,0.0,,participations
erasmus-cove-participations,DK,Denmark,2023,ASSOC,3.0,,participations
erasmus-cove-participations,DK,Denmark,2024,ASSOC,3.0,,participations
erasmus-cove-participations,DK,Denmark,2025,ASSOC,1.0,,participations
erasmus-cove-participations,EE,Estonia,2021,ASSOC,0.0,,participations
erasmus-cove-participations,EE,Estonia,2022,ASSOC,0.0,,participations
erasmus-cove-participations,EE,Estonia,2023,ASSOC,4.0,,participations
erasmus-cove-participations,EE,Estonia,2024,ASSOC,2.0,,participations
erasmus-cove-participations,EL,Greece,2021,ASSOC,16.0,,participations
erasmus-cove-participations,EL,Greece,2022,ASSOC,6.0,,participations
erasmus-cove-participations,EL,Greece,2023,ASSOC,9.0,,participations
erasmus-cove-participations,EL,Greece,2024,ASSOC,10.0,,participations
erasmus-cove-participations,EL,Greece,2025,ASSOC,10.0,,participations
erasmus-cove-participations,ES,Spain,2021,ASSOC,18.0,,participations
erasmus-cove-participations,ES,Spain,2022,ASSOC,9.0,,participations
erasmus-cove-participations,ES,Spain,2023,ASSOC,10.0,,participations
erasmus-cove-participations,ES,Spain,2024,ASSOC,9.0,,participations
erasmus-cove-participations,ES,Spain,2025,ASSOC,10.0,,participations
erasmus-cove-participations,EU27,European Union (27),2021,ASSOC,93.0,,participations
erasmus-cove-participations,EU27,European Union (27),2022,ASSOC,80.0,,participations
erasmus-cove-participations,EU27,European Union (27),2023,ASSOC,126.0,,participations
erasmus-cove-participations,EU27,European Union (27),2024,ASSOC,78.0,,participations
erasmus-cove-participations,EU27,European Union (27),2025,ASSOC,67.0,,participations
erasmus-cove-participations,FI,Finland,2021,ASSOC,7.0,,participations
erasmus-cove-participations,FI,Finland,2022,ASSOC,6.0,,participations
erasmus-cove-participations,FI,Finland,2023,ASSOC,3.0,,participations
erasmus-cove-participations,FI,Finland,2024,ASSOC,1.0,,participations
erasmus-cove-participations,FI,Finland,2025,ASSOC,0.0,,participations
erasmus-cove-participations,FR,France,2021,ASSOC,9.0,,participations
erasmus-cove-participations,FR,France,2022,ASSOC,0.0,,participations
erasmus-cove-participations,FR,France,2023,ASSOC,1.0,,participations
erasmus-cove-participations,FR,France,2024,ASSOC,1.0,,participations
erasmus-cove-participations,FR,France,2025,ASSOC,4.0,,participations
erasmus-cove-participations,GE,Georgia,2022,ASSOC,0.0,,participations
erasmus-cove-participations,HR,Croatia,2021,ASSOC,0.0,,participations
erasmus-cove-participations,HR,Croatia,2022,ASSOC,0.0,,participations
erasmus-cove-participations,HR,Croatia,2024,ASSOC,0.0,,participations
erasmus-cove-participations,HR,Croatia,2025,ASSOC,0.0,,participations
erasmus-cove-participations,HU,Hungary,2023,ASSOC,6.0,,participations
erasmus-cove-participations,HU,Hungary,2024,ASSOC,1.0,,participations
erasmus-cove-participations,IE,Ireland,2021,ASSOC,3.0,,participations
erasmus-cove-participations,IE,Ireland,2022,ASSOC,0.0,,participations
erasmus-cove-participations,IE,Ireland,2023,ASSOC,0.0,,participations
erasmus-cove-participations,IE,Ireland,2024,ASSOC,2.0,,participations
erasmus-cove-participations,IE,Ireland,2025,ASSOC,1.0,,participations
erasmus-cove-participations,IT,Italy,2021,ASSOC,4.0,,participations
erasmus-cove-participations,IT,Italy,2022,ASSOC,15.0,,participations
erasmus-cove-participations,IT,Italy,2023,ASSOC,7.0,,participations
erasmus-cove-participations,IT,Italy,2024,ASSOC,9.0,,participations
erasmus-cove-participations,IT,Italy,2025,ASSOC,7.0,,participations
erasmus-cove-participations,LT,Lithuania,2021,ASSOC,1.0,,participations
erasmus-cove-participations,LT,Lithuania,2022,ASSOC,5.0,,participations
erasmus-cove-participations,LT,Lithuania,2023,ASSOC,6.0,,participations
erasmus-cove-participations,LT,Lithuania,2024,ASSOC,0.0,,participations
erasmus-cove-participations,LT,Lithuania,2025,ASSOC,3.0,,participations
erasmus-cove-participations,LU,Luxembourg,2021,ASSOC,1.0,,participations
erasmus-cove-participations,LU,Luxembourg,2024,ASSOC,2.0,,participations
erasmus-cove-participations,LV,Latvia,2021,ASSOC,0.0,,participations
erasmus-cove-participations,LV,Latvia,2022,ASSOC,2.0,,participations
erasmus-cove-participations,LV,Latvia,2023,ASSOC,8.0,,participations
erasmus-cove-participations,LV,Latvia,2024,ASSOC,0.0,,participations
erasmus-cove-participations,LV,Latvia,2025,ASSOC,0.0,,participations
erasmus-cove-participations,MD,Moldova,2022,ASSOC,0.0,,participations
erasmus-cove-participations,MD,Moldova,2025,ASSOC,1.0,,participations
erasmus-cove-participations,MK,North Macedonia,2021,ASSOC,6.0,,participations
erasmus-cove-participations,MK,North Macedonia,2023,ASSOC,0.0,,participations
erasmus-cove-participations,MK,North Macedonia,2025,ASSOC,0.0,,participations
erasmus-cove-participations,MT,Malta,2021,ASSOC,0.0,,participations
erasmus-cove-participations,MT,Malta,2025,ASSOC,0.0,,participations
erasmus-cove-participations,NL,Netherlands,2021,ASSOC,6.0,,participations
erasmus-cove-participations,NL,Netherlands,2022,ASSOC,2.0,,participations
erasmus-cove-participations,NL,Netherlands,2023,ASSOC,2.0,,participations
erasmus-cove-participations,NL,Netherlands,2024,ASSOC,4.0,,participations
erasmus-cove-participations,NL,Netherlands,2025,ASSOC,5.0,,participations
erasmus-cove-participations,NO,Norway,2021,ASSOC,2.0,,participations
erasmus-cove-participations,NO,Norway,2022,ASSOC,1.0,,participations
erasmus-cove-participations,NO,Norway,2023,ASSOC,3.0,,participations
erasmus-cove-participations,PL,Poland,2021,ASSOC,1.0,,participations
erasmus-cove-participations,PL,Poland,2022,ASSOC,0.0,,participations
erasmus-cove-participations,PL,Poland,2023,ASSOC,19.0,,participations
erasmus-cove-participations,PL,Poland,2024,ASSOC,3.0,,participations
erasmus-cove-participations,PL,Poland,2025,ASSOC,2.0,,participations
erasmus-cove-participations,PT,Portugal,2021,ASSOC,5.0,,participations
erasmus-cove-participations,PT,Portugal,2022,ASSOC,0.0,,participations
erasmus-cove-participations,PT,Portugal,2023,ASSOC,1.0,,participations
erasmus-cove-participations,PT,Portugal,2024,ASSOC,10.0,,participations
erasmus-cove-participations,PT,Portugal,2025,ASSOC,0.0,,participations
erasmus-cove-participations,RO,Romania,2021,ASSOC,0.0,,participations
erasmus-cove-participations,RO,Romania,2022,ASSOC,0.0,,participations
erasmus-cove-participations,RO,Romania,2023,ASSOC,6.0,,participations
erasmus-cove-participations,RO,Romania,2024,ASSOC,2.0,,participations
erasmus-cove-participations,RO,Romania,2025,ASSOC,1.0,,participations
erasmus-cove-participations,RS,Serbia,2021,ASSOC,3.0,,participations
erasmus-cove-participations,RS,Serbia,2022,ASSOC,0.0,,participations
erasmus-cove-participations,RS,Serbia,2024,ASSOC,0.0,,participations
erasmus-cove-participations,RS,Serbia,2025,ASSOC,1.0,,participations
erasmus-cove-participations,SE,Sweden,2021,ASSOC,1.0,,participations
erasmus-cove-participations,SE,Sweden,2022,ASSOC,0.0,,participations
erasmus-cove-participations,SE,Sweden,2023,ASSOC,1.0,,participations
erasmus-cove-participations,SE,Sweden,2024,ASSOC,0.0,,participations
erasmus-cove-participations,SE,Sweden,2025,ASSOC,0.0,,participations
erasmus-cove-participations,SI,Slovenia,2021,ASSOC,2.0,,participations
erasmus-cove-participations,SI,Slovenia,2022,ASSOC,0.0,,participations
erasmus-cove-participations,SI,Slovenia,2023,ASSOC,1.0,,participations
erasmus-cove-participations,SI,Slovenia,2024,ASSOC,1.0,,participations
erasmus-cove-participations,SI,Slovenia,2025,ASSOC,2.0,,participations
erasmus-cove-participations,SK,Slovakia,2021,ASSOC,0.0,,participations
erasmus-cove-participations,SK,Slovakia,2023,ASSOC,7.0,,participations
erasmus-cove-participations,SK,Slovakia,2025,ASSOC,1.0,,participations
erasmus-cove-participations,TR,Türkiye,2021,ASSOC,7.0,,participations
erasmus-cove-participations,TR,Türkiye,2022,ASSOC,0.0,,participations
erasmus-cove-participations,TR,Türkiye,2023,ASSOC,0.0,,participations
erasmus-cove-participations,TR,Türkiye,2024,ASSOC,0.0,,participations
erasmus-cove-participations,TR,Türkiye,2025,ASSOC,4.0,,participations
erasmus-cove-participations,UA,Ukraine,2023,ASSOC,1.0,,participations
erasmus-cove-participations,UA,Ukraine,2024,ASSOC,1.0,,participations
erasmus-cove-participations,UA,Ukraine,2025,ASSOC,0.0,,participations
erasmus-cove-participations,UK,United Kingdom,2021,ASSOC,2.0,,participations
erasmus-cove-participations,UK,United Kingdom,2022,ASSOC,0.0,,participations
erasmus-cove-participations,UK,United Kingdom,2024,ASSOC,2.0,,participations
erasmus-cove-participations,UK,United Kingdom,2025,ASSOC,2.0,,participations
erasmus-cove-participations,XK,Kosovo*,2024,ASSOC,0.0,,participations
erasmus-cove-participations,AL,Albania,2021,COORD,0.0,,participations
erasmus-cove-participations,AL,Albania,2024,COORD,0.0,,participations
erasmus-cove-participations,AL,Albania,2025,COORD,0.0,,participations
erasmus-cove-participations,AT,Austria,2021,COORD,0.0,,participations
erasmus-cove-participations,AT,Austria,2022,COORD,1.0,,participations
erasmus-cove-participations,AT,Austria,2023,COORD,0.0,,participations
erasmus-cove-participations,AT,Austria,2024,COORD,0.0,,participations
erasmus-cove-participations,AT,Austria,2025,COORD,1.0,,participations
erasmus-cove-participations,BA,Bosnia and Herzegovina,2021,COORD,0.0,,participations
erasmus-cove-participations,BA,Bosnia and Herzegovina,2022,COORD,0.0,,participations
erasmus-cove-participations,BA,Bosnia and Herzegovina,2024,COORD,0.0,,participations
erasmus-cove-participations,BA,Bosnia and Herzegovina,2025,COORD,0.0,,participations
erasmus-cove-participations,BE,Belgium,2021,COORD,2.0,,participations
erasmus-cove-participations,BE,Belgium,2022,COORD,1.0,,participations
erasmus-cove-participations,BE,Belgium,2023,COORD,1.0,,participations
erasmus-cove-participations,BE,Belgium,2024,COORD,1.0,,participations
erasmus-cove-participations,BE,Belgium,2025,COORD,1.0,,participations
erasmus-cove-participations,BG,Bulgaria,2021,COORD,0.0,,participations
erasmus-cove-participations,BG,Bulgaria,2022,COORD,1.0,,participations
erasmus-cove-participations,BG,Bulgaria,2023,COORD,0.0,,participations
erasmus-cove-participations,BG,Bulgaria,2025,COORD,0.0,,participations
erasmus-cove-participations,CH,Switzerland,2024,COORD,0.0,,participations
erasmus-cove-participations,CH,Switzerland,2025,COORD,0.0,,participations
erasmus-cove-participations,CY,Cyprus,2021,COORD,0.0,,participations
erasmus-cove-participations,CY,Cyprus,2022,COORD,0.0,,participations
erasmus-cove-participations,CY,Cyprus,2023,COORD,0.0,,participations
erasmus-cove-participations,CY,Cyprus,2024,COORD,0.0,,participations
erasmus-cove-participations,CY,Cyprus,2025,COORD,2.0,,participations
erasmus-cove-participations,CZ,Czechia,2021,COORD,0.0,,participations
erasmus-cove-participations,CZ,Czechia,2022,COORD,0.0,,participations
erasmus-cove-participations,DE,Germany,2021,COORD,0.0,,participations
erasmus-cove-participations,DE,Germany,2022,COORD,1.0,,participations
erasmus-cove-participations,DE,Germany,2023,COORD,2.0,,participations
erasmus-cove-participations,DE,Germany,2024,COORD,1.0,,participations
erasmus-cove-participations,DE,Germany,2025,COORD,0.0,,participations
erasmus-cove-participations,DK,Denmark,2021,COORD,2.0,,participations
erasmus-cove-participations,DK,Denmark,2022,COORD,1.0,,participations
erasmus-cove-participations,DK,Denmark,2023,COORD,1.0,,participations
erasmus-cove-participations,DK,Denmark,2024,COORD,1.0,,participations
erasmus-cove-participations,DK,Denmark,2025,COORD,0.0,,participations
erasmus-cove-participations,EE,Estonia,2021,COORD,0.0,,participations
erasmus-cove-participations,EE,Estonia,2022,COORD,0.0,,participations
erasmus-cove-participations,EE,Estonia,2023,COORD,0.0,,participations
erasmus-cove-participations,EE,Estonia,2024,COORD,0.0,,participations
erasmus-cove-participations,EL,Greece,2021,COORD,3.0,,participations
erasmus-cove-participations,EL,Greece,2022,COORD,1.0,,participations
erasmus-cove-participations,EL,Greece,2023,COORD,3.0,,participations
erasmus-cove-participations,EL,Greece,2024,COORD,3.0,,participations
erasmus-cove-participations,EL,Greece,2025,COORD,7.0,,participations
erasmus-cove-participations,ES,Spain,2021,COORD,1.0,,participations
erasmus-cove-participations,ES,Spain,2022,COORD,1.0,,participations
erasmus-cove-participations,ES,Spain,2023,COORD,0.0,,participations
erasmus-cove-participations,ES,Spain,2024,COORD,1.0,,participations
erasmus-cove-participations,ES,Spain,2025,COORD,1.0,,participations
erasmus-cove-participations,EU27,European Union (27),2021,COORD,12.0,,participations
erasmus-cove-participations,EU27,European Union (27),2022,COORD,13.0,,participations
erasmus-cove-participations,EU27,European Union (27),2023,COORD,14.0,,participations
erasmus-cove-participations,EU27,European Union (27),2024,COORD,15.0,,participations
erasmus-cove-participations,EU27,European Union (27),2025,COORD,16.0,,participations
erasmus-cove-participations,FI,Finland,2021,COORD,0.0,,participations
erasmus-cove-participations,FI,Finland,2022,COORD,2.0,,participations
erasmus-cove-participations,FI,Finland,2023,COORD,0.0,,participations
erasmus-cove-participations,FI,Finland,2024,COORD,0.0,,participations
erasmus-cove-participations,FI,Finland,2025,COORD,0.0,,participations
erasmus-cove-participations,FR,France,2021,COORD,1.0,,participations
erasmus-cove-participations,FR,France,2022,COORD,0.0,,participations
erasmus-cove-participations,FR,France,2023,COORD,1.0,,participations
erasmus-cove-participations,FR,France,2024,COORD,1.0,,participations
erasmus-cove-participations,FR,France,2025,COORD,0.0,,participations
erasmus-cove-participations,GE,Georgia,2022,COORD,0.0,,participations
erasmus-cove-participations,HR,Croatia,2021,COORD,0.0,,participations
erasmus-cove-participations,HR,Croatia,2022,COORD,1.0,,participations
erasmus-cove-participations,HR,Croatia,2024,COORD,0.0,,participations
erasmus-cove-participations,HR,Croatia,2025,COORD,0.0,,participations
erasmus-cove-participations,HU,Hungary,2023,COORD,0.0,,participations
erasmus-cove-participations,HU,Hungary,2024,COORD,0.0,,participations
erasmus-cove-participations,IE,Ireland,2021,COORD,0.0,,participations
erasmus-cove-participations,IE,Ireland,2022,COORD,0.0,,participations
erasmus-cove-participations,IE,Ireland,2023,COORD,0.0,,participations
erasmus-cove-participations,IE,Ireland,2024,COORD,0.0,,participations
erasmus-cove-participations,IE,Ireland,2025,COORD,0.0,,participations
erasmus-cove-participations,IT,Italy,2021,COORD,0.0,,participations
erasmus-cove-participations,IT,Italy,2022,COORD,2.0,,participations
erasmus-cove-participations,IT,Italy,2023,COORD,0.0,,participations
erasmus-cove-participations,IT,Italy,2024,COORD,4.0,,participations
erasmus-cove-participations,IT,Italy,2025,COORD,4.0,,participations
erasmus-cove-participations,LT,Lithuania,2021,COORD,0.0,,participations
erasmus-cove-participations,LT,Lithuania,2022,COORD,0.0,,participations
erasmus-cove-participations,LT,Lithuania,2023,COORD,0.0,,participations
erasmus-cove-participations,LT,Lithuania,2024,COORD,0.0,,participations
erasmus-cove-participations,LT,Lithuania,2025,COORD,0.0,,participations
erasmus-cove-participations,LU,Luxembourg,2021,COORD,0.0,,participations
erasmus-cove-participations,LU,Luxembourg,2024,COORD,0.0,,participations
erasmus-cove-participations,LV,Latvia,2021,COORD,0.0,,participations
erasmus-cove-participations,LV,Latvia,2022,COORD,0.0,,participations
erasmus-cove-participations,LV,Latvia,2023,COORD,0.0,,participations
erasmus-cove-participations,LV,Latvia,2024,COORD,0.0,,participations
erasmus-cove-participations,LV,Latvia,2025,COORD,0.0,,participations
erasmus-cove-participations,MD,Moldova,2022,COORD,0.0,,participations
erasmus-cove-participations,MD,Moldova,2025,COORD,0.0,,participations
erasmus-cove-participations,MK,North Macedonia,2021,COORD,1.0,,participations
erasmus-cove-participations,MK,North Macedonia,2023,COORD,0.0,,participations
erasmus-cove-participations,MK,North Macedonia,2025,COORD,0.0,,participations
erasmus-cove-participations,MT,Malta,2021,COORD,0.0,,participations
erasmus-cove-participations,MT,Malta,2025,COORD,0.0,,participations
erasmus-cove-participations,NL,Netherlands,2021,COORD,2.0,,participations
erasmus-cove-participations,NL,Netherlands,2022,COORD,1.0,,participations
erasmus-cove-participations,NL,Netherlands,2023,COORD,1.0,,participations
erasmus-cove-participations,NL,Netherlands,2024,COORD,1.0,,participations
erasmus-cove-participations,NL,Netherlands,2025,COORD,0.0,,participations
erasmus-cove-participations,NO,Norway,2021,COORD,0.0,,participations
erasmus-cove-participations,NO,Norway,2022,COORD,0.0,,participations
erasmus-cove-participations,NO,Norway,2023,COORD,1.0,,participations
erasmus-cove-participations,PL,Poland,2021,COORD,0.0,,participations
erasmus-cove-participations,PL,Poland,2022,COORD,0.0,,participations
erasmus-cove-participations,PL,Poland,2023,COORD,0.0,,participations
erasmus-cove-participations,PL,Poland,2024,COORD,0.0,,participations
erasmus-cove-participations,PL,Poland,2025,COORD,0.0,,participations
erasmus-cove-participations,PT,Portugal,2021,COORD,0.0,,participations
erasmus-cove-participations,PT,Portugal,2022,COORD,0.0,,participations
erasmus-cove-participations,PT,Portugal,2023,COORD,1.0,,participations
erasmus-cove-participations,PT,Portugal,2024,COORD,1.0,,participations
erasmus-cove-participations,PT,Portugal,2025,COORD,0.0,,participations
erasmus-cove-participations,RO,Romania,2021,COORD,0.0,,participations
erasmus-cove-participations,RO,Romania,2022,COORD,0.0,,participations
erasmus-cove-participations,RO,Romania,2023,COORD,2.0,,participations
erasmus-cove-participations,RO,Romania,2024,COORD,0.0,,participations
erasmus-cove-participations,RO,Romania,2025,COORD,0.0,,participations
erasmus-cove-participations,RS,Serbia,2021,COORD,0.0,,participations
erasmus-cove-participations,RS,Serbia,2022,COORD,0.0,,participations
erasmus-cove-participations,RS,Serbia,2024,COORD,0.0,,participations
erasmus-cove-participations,RS,Serbia,2025,COORD,0.0,,participations
erasmus-cove-participations,SE,Sweden,2021,COORD,0.0,,participations
erasmus-cove-participations,SE,Sweden,2022,COORD,0.0,,participations
erasmus-cove-participations,SE,Sweden,2023,COORD,1.0,,participations
erasmus-cove-participations,SE,Sweden,2024,COORD,1.0,,participations
erasmus-cove-participations,SE,Sweden,2025,COORD,0.0,,participations
erasmus-cove-participations,SI,Slovenia,2021,COORD,1.0,,participations
erasmus-cove-participations,SI,Slovenia,2022,COORD,0.0,,participations
erasmus-cove-participations,SI,Slovenia,2023,COORD,0.0,,participations
erasmus-cove-participations,SI,Slovenia,2024,COORD,0.0,,participations
erasmus-cove-participations,SI,Slovenia,2025,COORD,0.0,,participations
erasmus-cove-participations,SK,Slovakia,2021,COORD,0.0,,participations
erasmus-cove-participations,SK,Slovakia,2023,COORD,1.0,,participations
erasmus-cove-participations,SK,Slovakia,2025,COORD,0.0,,participations
erasmus-cove-participations,TR,Türkiye,2021,COORD,0.0,,participations
erasmus-cove-participations,TR,Türkiye,2022,COORD,0.0,,participations
erasmus-cove-participations,TR,Türkiye,2023,COORD,0.0,,participations
erasmus-cove-participations,TR,Türkiye,2024,COORD,1.0,,participations
erasmus-cove-participations,TR,Türkiye,2025,COORD,0.0,,participations
erasmus-cove-participations,UA,Ukraine,2023,COORD,0.0,,participations
erasmus-cove-participations,UA,Ukraine,2024,COORD,0.0,,participations
erasmus-cove-participations,UA,Ukraine,2025,COORD,0.0,,participations
erasmus-cove-participations,UK,United Kingdom,2021,COORD,0.0,,participations
erasmus-cove-participations,UK,United Kingdom,2022,COORD,0.0,,participations
erasmus-cove-participations,UK,United Kingdom,2024,COORD,0.0,,participations
erasmus-cove-participations,UK,United Kingdom,2025,COORD,0.0,,participations
erasmus-cove-participations,XK,Kosovo*,2024,COORD,0.0,,participations
erasmus-cove-participations,AL,Albania,2021,PARTNER,0.0,,participations
erasmus-cove-participations,AL,Albania,2024,PARTNER,0.0,,participations
erasmus-cove-participations,AL,Albania,2025,PARTNER,0.0,,participations
erasmus-cove-participations,AT,Austria,2021,PARTNER,4.0,,participations
erasmus-cove-participations,AT,Austria,2022,PARTNER,7.0,,participations
erasmus-cove-participations,AT,Austria,2023,PARTNER,5.0,,participations
erasmus-cove-participations,AT,Austria,2024,PARTNER,3.0,,participations
erasmus-cove-participations,AT,Austria,2025,PARTNER,12.0,,participations
erasmus-cove-participations,BA,Bosnia and Herzegovina,2021,PARTNER,0.0,,participations
erasmus-cove-participations,BA,Bosnia and Herzegovina,2022,PARTNER,2.0,,participations
erasmus-cove-participations,BA,Bosnia and Herzegovina,2024,PARTNER,0.0,,participations
erasmus-cove-participations,BA,Bosnia and Herzegovina,2025,PARTNER,1.0,,participations
erasmus-cove-participations,BE,Belgium,2021,PARTNER,9.0,,participations
erasmus-cove-participations,BE,Belgium,2022,PARTNER,8.0,,participations
erasmus-cove-participations,BE,Belgium,2023,PARTNER,9.0,,participations
erasmus-cove-participations,BE,Belgium,2024,PARTNER,14.0,,participations
erasmus-cove-participations,BE,Belgium,2025,PARTNER,14.0,,participations
erasmus-cove-participations,BG,Bulgaria,2021,PARTNER,5.0,,participations
erasmus-cove-participations,BG,Bulgaria,2022,PARTNER,2.0,,participations
erasmus-cove-participations,BG,Bulgaria,2023,PARTNER,9.0,,participations
erasmus-cove-participations,BG,Bulgaria,2025,PARTNER,7.0,,participations
erasmus-cove-participations,CH,Switzerland,2024,PARTNER,0.0,,participations
erasmus-cove-participations,CH,Switzerland,2025,PARTNER,0.0,,participations
erasmus-cove-participations,CY,Cyprus,2021,PARTNER,2.0,,participations
erasmus-cove-participations,CY,Cyprus,2022,PARTNER,3.0,,participations
erasmus-cove-participations,CY,Cyprus,2023,PARTNER,11.0,,participations
erasmus-cove-participations,CY,Cyprus,2024,PARTNER,9.0,,participations
erasmus-cove-participations,CY,Cyprus,2025,PARTNER,17.0,,participations
erasmus-cove-participations,CZ,Czechia,2021,PARTNER,4.0,,participations
erasmus-cove-participations,CZ,Czechia,2022,PARTNER,5.0,,participations
erasmus-cove-participations,DE,Germany,2021,PARTNER,19.0,,participations
erasmus-cove-participations,DE,Germany,2022,PARTNER,15.0,,participations
erasmus-cove-participations,DE,Germany,2023,PARTNER,16.0,,participations
erasmus-cove-participations,DE,Germany,2024,PARTNER,26.0,,participations
erasmus-cove-participations,DE,Germany,2025,PARTNER,14.0,,participations
erasmus-cove-participations,DK,Denmark,2021,PARTNER,4.0,,participations
erasmus-cove-participations,DK,Denmark,2022,PARTNER,5.0,,participations
erasmus-cove-participations,DK,Denmark,2023,PARTNER,13.0,,participations
erasmus-cove-participations,DK,Denmark,2024,PARTNER,5.0,,participations
erasmus-cove-participations,DK,Denmark,2025,PARTNER,5.0,,participations
erasmus-cove-participations,EE,Estonia,2021,PARTNER,2.0,,participations
erasmus-cove-participations,EE,Estonia,2022,PARTNER,9.0,,participations
erasmus-cove-participations,EE,Estonia,2023,PARTNER,4.0,,participations
erasmus-cove-participations,EE,Estonia,2024,PARTNER,5.0,,participations
erasmus-cove-participations,EL,Greece,2021,PARTNER,17.0,,participations
erasmus-cove-participations,EL,Greece,2022,PARTNER,22.0,,participations
erasmus-cove-participations,EL,Greece,2023,PARTNER,23.0,,participations
erasmus-cove-participations,EL,Greece,2024,PARTNER,36.0,,participations
erasmus-cove-participations,EL,Greece,2025,PARTNER,39.0,,participations
erasmus-cove-participations,ES,Spain,2021,PARTNER,21.0,,participations
erasmus-cove-participations,ES,Spain,2022,PARTNER,40.0,,participations
erasmus-cove-participations,ES,Spain,2023,PARTNER,24.0,,participations
erasmus-cove-participations,ES,Spain,2024,PARTNER,33.0,,participations
erasmus-cove-participations,ES,Spain,2025,PARTNER,30.0,,participations
erasmus-cove-participations,EU27,European Union (27),2021,PARTNER,186.0,,participations
erasmus-cove-participations,EU27,European Union (27),2022,PARTNER,212.0,,participations
erasmus-cove-participations,EU27,European Union (27),2023,PARTNER,245.0,,participations
erasmus-cove-participations,EU27,European Union (27),2024,PARTNER,261.0,,participations
erasmus-cove-participations,EU27,European Union (27),2025,PARTNER,247.0,,participations
erasmus-cove-participations,FI,Finland,2021,PARTNER,6.0,,participations
erasmus-cove-participations,FI,Finland,2022,PARTNER,13.0,,participations
erasmus-cove-participations,FI,Finland,2023,PARTNER,14.0,,participations
erasmus-cove-participations,FI,Finland,2024,PARTNER,6.0,,participations
erasmus-cove-participations,FI,Finland,2025,PARTNER,1.0,,participations
erasmus-cove-participations,FR,France,2021,PARTNER,8.0,,participations
erasmus-cove-participations,FR,France,2022,PARTNER,7.0,,participations
erasmus-cove-participations,FR,France,2023,PARTNER,5.0,,participations
erasmus-cove-participations,FR,France,2024,PARTNER,14.0,,participations
erasmus-cove-participations,FR,France,2025,PARTNER,15.0,,participations
erasmus-cove-participations,GE,Georgia,2022,PARTNER,1.0,,participations
erasmus-cove-participations,HR,Croatia,2021,PARTNER,2.0,,participations
erasmus-cove-participations,HR,Croatia,2022,PARTNER,3.0,,participations
erasmus-cove-participations,HR,Croatia,2024,PARTNER,2.0,,participations
erasmus-cove-participations,HR,Croatia,2025,PARTNER,6.0,,participations
erasmus-cove-participations,HU,Hungary,2023,PARTNER,5.0,,participations
erasmus-cove-participations,HU,Hungary,2024,PARTNER,0.0,,participations
erasmus-cove-participations,IE,Ireland,2021,PARTNER,5.0,,participations
erasmus-cove-participations,IE,Ireland,2022,PARTNER,2.0,,participations
erasmus-cove-participations,IE,Ireland,2023,PARTNER,2.0,,participations
erasmus-cove-participations,IE,Ireland,2024,PARTNER,14.0,,participations
erasmus-cove-participations,IE,Ireland,2025,PARTNER,0.0,,participations
erasmus-cove-participations,IT,Italy,2021,PARTNER,20.0,,participations
erasmus-cove-participations,IT,Italy,2022,PARTNER,30.0,,participations
erasmus-cove-participations,IT,Italy,2023,PARTNER,25.0,,participations
erasmus-cove-participations,IT,Italy,2024,PARTNER,38.0,,participations
erasmus-cove-participations,IT,Italy,2025,PARTNER,38.0,,participations
erasmus-cove-participations,LT,Lithuania,2021,PARTNER,0.0,,participations
erasmus-cove-participations,LT,Lithuania,2022,PARTNER,4.0,,participations
erasmus-cove-participations,LT,Lithuania,2023,PARTNER,9.0,,participations
erasmus-cove-participations,LT,Lithuania,2024,PARTNER,6.0,,participations
erasmus-cove-participations,LT,Lithuania,2025,PARTNER,3.0,,participations
erasmus-cove-participations,LU,Luxembourg,2021,PARTNER,0.0,,participations
erasmus-cove-participations,LU,Luxembourg,2024,PARTNER,1.0,,participations
erasmus-cove-participations,LV,Latvia,2021,PARTNER,7.0,,participations
erasmus-cove-participations,LV,Latvia,2022,PARTNER,1.0,,participations
erasmus-cove-participations,LV,Latvia,2023,PARTNER,5.0,,participations
erasmus-cove-participations,LV,Latvia,2024,PARTNER,3.0,,participations
erasmus-cove-participations,LV,Latvia,2025,PARTNER,3.0,,participations
erasmus-cove-participations,MD,Moldova,2022,PARTNER,1.0,,participations
erasmus-cove-participations,MD,Moldova,2025,PARTNER,0.0,,participations
erasmus-cove-participations,MK,North Macedonia,2021,PARTNER,2.0,,participations
erasmus-cove-participations,MK,North Macedonia,2023,PARTNER,3.0,,participations
erasmus-cove-participations,MK,North Macedonia,2025,PARTNER,4.0,,participations
erasmus-cove-participations,MT,Malta,2021,PARTNER,3.0,,participations
erasmus-cove-participations,MT,Malta,2025,PARTNER,3.0,,participations
erasmus-cove-participations,NL,Netherlands,2021,PARTNER,21.0,,participations
erasmus-cove-participations,NL,Netherlands,2022,PARTNER,11.0,,participations
erasmus-cove-participations,NL,Netherlands,2023,PARTNER,22.0,,participations
erasmus-cove-participations,NL,Netherlands,2024,PARTNER,9.0,,participations
erasmus-cove-participations,NL,Netherlands,2025,PARTNER,3.0,,participations
erasmus-cove-participations,NO,Norway,2021,PARTNER,5.0,,participations
erasmus-cove-participations,NO,Norway,2022,PARTNER,4.0,,participations
erasmus-cove-participations,NO,Norway,2023,PARTNER,3.0,,participations
erasmus-cove-participations,PL,Poland,2021,PARTNER,1.0,,participations
erasmus-cove-participations,PL,Poland,2022,PARTNER,1.0,,participations
erasmus-cove-participations,PL,Poland,2023,PARTNER,11.0,,participations
erasmus-cove-participations,PL,Poland,2024,PARTNER,7.0,,participations
erasmus-cove-participations,PL,Poland,2025,PARTNER,7.0,,participations
erasmus-cove-participations,PT,Portugal,2021,PARTNER,8.0,,participations
erasmus-cove-participations,PT,Portugal,2022,PARTNER,13.0,,participations
erasmus-cove-participations,PT,Portugal,2023,PARTNER,16.0,,participations
erasmus-cove-participations,PT,Portugal,2024,PARTNER,15.0,,participations
erasmus-cove-participations,PT,Portugal,2025,PARTNER,7.0,,participations
erasmus-cove-participations,RO,Romania,2021,PARTNER,3.0,,participations
erasmus-cove-participations,RO,Romania,2022,PARTNER,4.0,,participations
erasmus-cove-participations,RO,Romania,2023,PARTNER,4.0,,participations
erasmus-cove-participations,RO,Romania,2024,PARTNER,4.0,,participations
erasmus-cove-participations,RO,Romania,2025,PARTNER,7.0,,participations
erasmus-cove-participations,RS,Serbia,2021,PARTNER,1.0,,participations
erasmus-cove-participations,RS,Serbia,2022,PARTNER,3.0,,participations
erasmus-cove-participations,RS,Serbia,2024,PARTNER,4.0,,participations
erasmus-cove-participations,RS,Serbia,2025,PARTNER,4.0,,participations
erasmus-cove-participations,SE,Sweden,2021,PARTNER,3.0,,participations
erasmus-cove-participations,SE,Sweden,2022,PARTNER,3.0,,participations
erasmus-cove-participations,SE,Sweden,2023,PARTNER,5.0,,participations
erasmus-cove-participations,SE,Sweden,2024,PARTNER,8.0,,participations
erasmus-cove-participations,SE,Sweden,2025,PARTNER,3.0,,participations
erasmus-cove-participations,SI,Slovenia,2021,PARTNER,7.0,,participations
erasmus-cove-participations,SI,Slovenia,2022,PARTNER,4.0,,participations
erasmus-cove-participations,SI,Slovenia,2023,PARTNER,5.0,,participations
erasmus-cove-participations,SI,Slovenia,2024,PARTNER,3.0,,participations
erasmus-cove-participations,SI,Slovenia,2025,PARTNER,9.0,,participations
erasmus-cove-participations,SK,Slovakia,2021,PARTNER,5.0,,participations
erasmus-cove-participations,SK,Slovakia,2023,PARTNER,3.0,,participations
erasmus-cove-participations,SK,Slovakia,2025,PARTNER,4.0,,participations
erasmus-cove-participations,TR,Türkiye,2021,PARTNER,6.0,,participations
erasmus-cove-participations,TR,Türkiye,2022,PARTNER,6.0,,participations
erasmus-cove-participations,TR,Türkiye,2023,PARTNER,3.0,,participations
erasmus-cove-participations,TR,Türkiye,2024,PARTNER,8.0,,participations
erasmus-cove-participations,TR,Türkiye,2025,PARTNER,10.0,,participations
erasmus-cove-participations,UA,Ukraine,2023,PARTNER,3.0,,participations
erasmus-cove-participations,UA,Ukraine,2024,PARTNER,6.0,,participations
erasmus-cove-participations,UA,Ukraine,2025,PARTNER,2.0,,participations
erasmus-cove-participations,UK,United Kingdom,2021,PARTNER,0.0,,participations
erasmus-cove-participations,UK,United Kingdom,2022,PARTNER,3.0,,participations
erasmus-cove-participations,UK,United Kingdom,2024,PARTNER,0.0,,participations
erasmus-cove-participations,UK,United Kingdom,2025,PARTNER,0.0,,participations
erasmus-cove-participations,XK,Kosovo*,2024,PARTNER,2.0,,participations
erasmus-cove-participations,AL,Albania,2021,TOTAL,1.0,,participations
erasmus-cove-participations,AL,Albania,2024,TOTAL,1.0,,participations
erasmus-cove-participations,AL,Albania,2025,TOTAL,1.0,,participations
erasmus-cove-participations,AT,Austria,2021,TOTAL,8.0,,participations
erasmus-cove-participations,AT,Austria,2022,TOTAL,17.0,,participations
erasmus-cove-participations,AT,Austria,2023,TOTAL,9.0,,participations
erasmus-cove-participations,AT,Austria,2024,TOTAL,4.0,,participations
erasmus-cove-participations,AT,Austria,2025,TOTAL,16.0,,participations
erasmus-cove-participations,BA,Bosnia and Herzegovina,2021,TOTAL,3.0,,participations
erasmus-cove-participations,BA,Bosnia and Herzegovina,2022,TOTAL,6.0,,participations
erasmus-cove-participations,BA,Bosnia and Herzegovina,2024,TOTAL,1.0,,participations
erasmus-cove-participations,BA,Bosnia and Herzegovina,2025,TOTAL,1.0,,participations
erasmus-cove-participations,BE,Belgium,2021,TOTAL,15.0,,participations
erasmus-cove-participations,BE,Belgium,2022,TOTAL,11.0,,participations
erasmus-cove-participations,BE,Belgium,2023,TOTAL,16.0,,participations
erasmus-cove-participations,BE,Belgium,2024,TOTAL,23.0,,participations
erasmus-cove-participations,BE,Belgium,2025,TOTAL,20.0,,participations
erasmus-cove-participations,BG,Bulgaria,2021,TOTAL,5.0,,participations
erasmus-cove-participations,BG,Bulgaria,2022,TOTAL,6.0,,participations
erasmus-cove-participations,BG,Bulgaria,2023,TOTAL,11.0,,participations
erasmus-cove-participations,BG,Bulgaria,2025,TOTAL,8.0,,participations
erasmus-cove-participations,CH,Switzerland,2024,TOTAL,1.0,,participations
erasmus-cove-participations,CH,Switzerland,2025,TOTAL,1.0,,participations
erasmus-cove-participations,CY,Cyprus,2021,TOTAL,4.0,,participations
erasmus-cove-participations,CY,Cyprus,2022,TOTAL,6.0,,participations
erasmus-cove-participations,CY,Cyprus,2023,TOTAL,13.0,,participations
erasmus-cove-participations,CY,Cyprus,2024,TOTAL,9.0,,participations
erasmus-cove-participations,CY,Cyprus,2025,TOTAL,25.0,,participations
erasmus-cove-participations,CZ,Czechia,2021,TOTAL,4.0,,participations
erasmus-cove-participations,CZ,Czechia,2022,TOTAL,15.0,,participations
erasmus-cove-participations,DE,Germany,2021,TOTAL,33.0,,participations
erasmus-cove-participations,DE,Germany,2022,TOTAL,24.0,,participations
erasmus-cove-participations,DE,Germany,2023,TOTAL,36.0,,participations
erasmus-cove-participations,DE,Germany,2024,TOTAL,36.0,,participations
erasmus-cove-participations,DE,Germany,2025,TOTAL,19.0,,participations
erasmus-cove-participations,DK,Denmark,2021,TOTAL,11.0,,participations
erasmus-cove-participations,DK,Denmark,2022,TOTAL,6.0,,participations
erasmus-cove-participations,DK,Denmark,2023,TOTAL,17.0,,participations
erasmus-cove-participations,DK,Denmark,2024,TOTAL,9.0,,participations
erasmus-cove-participations,DK,Denmark,2025,TOTAL,6.0,,participations
erasmus-cove-participations,EE,Estonia,2021,TOTAL,2.0,,participations
erasmus-cove-participations,EE,Estonia,2022,TOTAL,9.0,,participations
erasmus-cove-participations,EE,Estonia,2023,TOTAL,8.0,,participations
erasmus-cove-participations,EE,Estonia,2024,TOTAL,7.0,,participations
erasmus-cove-participations,EL,Greece,2021,TOTAL,37.0,,participations
erasmus-cove-participations,EL,Greece,2022,TOTAL,29.0,,participations
erasmus-cove-participations,EL,Greece,2023,TOTAL,35.0,,participations
erasmus-cove-participations,EL,Greece,2024,TOTAL,49.0,,participations
erasmus-cove-participations,EL,Greece,2025,TOTAL,57.0,,participations
erasmus-cove-participations,ES,Spain,2021,TOTAL,41.0,,participations
erasmus-cove-participations,ES,Spain,2022,TOTAL,50.0,,participations
erasmus-cove-participations,ES,Spain,2023,TOTAL,34.0,,participations
erasmus-cove-participations,ES,Spain,2024,TOTAL,43.0,,participations
erasmus-cove-participations,ES,Spain,2025,TOTAL,41.0,,participations
erasmus-cove-participations,EU27,European Union (27),2021,TOTAL,319.0,,participations
erasmus-cove-participations,EU27,European Union (27),2022,TOTAL,305.0,,participations
erasmus-cove-participations,EU27,European Union (27),2023,TOTAL,387.0,,participations
erasmus-cove-participations,EU27,European Union (27),2024,TOTAL,359.0,,participations
erasmus-cove-participations,EU27,European Union (27),2025,TOTAL,331.0,,participations
erasmus-cove-participations,FI,Finland,2021,TOTAL,13.0,,participations
erasmus-cove-participations,FI,Finland,2022,TOTAL,21.0,,participations
erasmus-cove-participations,FI,Finland,2023,TOTAL,17.0,,participations
erasmus-cove-participations,FI,Finland,2024,TOTAL,7.0,,participations
erasmus-cove-participations,FI,Finland,2025,TOTAL,1.0,,participations
erasmus-cove-participations,FR,France,2021,TOTAL,21.0,,participations
erasmus-cove-participations,FR,France,2022,TOTAL,7.0,,participations
erasmus-cove-participations,FR,France,2023,TOTAL,7.0,,participations
erasmus-cove-participations,FR,France,2024,TOTAL,16.0,,participations
erasmus-cove-participations,FR,France,2025,TOTAL,19.0,,participations
erasmus-cove-participations,GE,Georgia,2022,TOTAL,1.0,,participations
erasmus-cove-participations,HR,Croatia,2021,TOTAL,2.0,,participations
erasmus-cove-participations,HR,Croatia,2022,TOTAL,4.0,,participations
erasmus-cove-participations,HR,Croatia,2024,TOTAL,2.0,,participations
erasmus-cove-participations,HR,Croatia,2025,TOTAL,6.0,,participations
erasmus-cove-participations,HU,Hungary,2023,TOTAL,11.0,,participations
erasmus-cove-participations,HU,Hungary,2024,TOTAL,1.0,,participations
erasmus-cove-participations,IE,Ireland,2021,TOTAL,12.0,,participations
erasmus-cove-participations,IE,Ireland,2022,TOTAL,2.0,,participations
erasmus-cove-participations,IE,Ireland,2023,TOTAL,2.0,,participations
erasmus-cove-participations,IE,Ireland,2024,TOTAL,16.0,,participations
erasmus-cove-participations,IE,Ireland,2025,TOTAL,1.0,,participations
erasmus-cove-participations,IT,Italy,2021,TOTAL,24.0,,participations
erasmus-cove-participations,IT,Italy,2022,TOTAL,47.0,,participations
erasmus-cove-participations,IT,Italy,2023,TOTAL,34.0,,participations
erasmus-cove-participations,IT,Italy,2024,TOTAL,54.0,,participations
erasmus-cove-participations,IT,Italy,2025,TOTAL,49.0,,participations
erasmus-cove-participations,LT,Lithuania,2021,TOTAL,1.0,,participations
erasmus-cove-participations,LT,Lithuania,2022,TOTAL,9.0,,participations
erasmus-cove-participations,LT,Lithuania,2023,TOTAL,15.0,,participations
erasmus-cove-participations,LT,Lithuania,2024,TOTAL,6.0,,participations
erasmus-cove-participations,LT,Lithuania,2025,TOTAL,6.0,,participations
erasmus-cove-participations,LU,Luxembourg,2021,TOTAL,1.0,,participations
erasmus-cove-participations,LU,Luxembourg,2024,TOTAL,3.0,,participations
erasmus-cove-participations,LV,Latvia,2021,TOTAL,7.0,,participations
erasmus-cove-participations,LV,Latvia,2022,TOTAL,3.0,,participations
erasmus-cove-participations,LV,Latvia,2023,TOTAL,13.0,,participations
erasmus-cove-participations,LV,Latvia,2024,TOTAL,3.0,,participations
erasmus-cove-participations,LV,Latvia,2025,TOTAL,3.0,,participations
erasmus-cove-participations,MD,Moldova,2022,TOTAL,1.0,,participations
erasmus-cove-participations,MD,Moldova,2025,TOTAL,1.0,,participations
erasmus-cove-participations,MK,North Macedonia,2021,TOTAL,9.0,,participations
erasmus-cove-participations,MK,North Macedonia,2023,TOTAL,3.0,,participations
erasmus-cove-participations,MK,North Macedonia,2025,TOTAL,4.0,,participations
erasmus-cove-participations,MT,Malta,2021,TOTAL,3.0,,participations
erasmus-cove-participations,MT,Malta,2025,TOTAL,3.0,,participations
erasmus-cove-participations,NL,Netherlands,2021,TOTAL,31.0,,participations
erasmus-cove-participations,NL,Netherlands,2022,TOTAL,14.0,,participations
erasmus-cove-participations,NL,Netherlands,2023,TOTAL,25.0,,participations
erasmus-cove-participations,NL,Netherlands,2024,TOTAL,14.0,,participations
erasmus-cove-participations,NL,Netherlands,2025,TOTAL,8.0,,participations
erasmus-cove-participations,NO,Norway,2021,TOTAL,7.0,,participations
erasmus-cove-participations,NO,Norway,2022,TOTAL,5.0,,participations
erasmus-cove-participations,NO,Norway,2023,TOTAL,7.0,,participations
erasmus-cove-participations,PL,Poland,2021,TOTAL,5.0,,participations
erasmus-cove-participations,PL,Poland,2022,TOTAL,1.0,,participations
erasmus-cove-participations,PL,Poland,2023,TOTAL,30.0,,participations
erasmus-cove-participations,PL,Poland,2024,TOTAL,10.0,,participations
erasmus-cove-participations,PL,Poland,2025,TOTAL,9.0,,participations
erasmus-cove-participations,PT,Portugal,2021,TOTAL,13.0,,participations
erasmus-cove-participations,PT,Portugal,2022,TOTAL,13.0,,participations
erasmus-cove-participations,PT,Portugal,2023,TOTAL,18.0,,participations
erasmus-cove-participations,PT,Portugal,2024,TOTAL,28.0,,participations
erasmus-cove-participations,PT,Portugal,2025,TOTAL,7.0,,participations
erasmus-cove-participations,RO,Romania,2021,TOTAL,7.0,,participations
erasmus-cove-participations,RO,Romania,2022,TOTAL,4.0,,participations
erasmus-cove-participations,RO,Romania,2023,TOTAL,12.0,,participations
erasmus-cove-participations,RO,Romania,2024,TOTAL,6.0,,participations
erasmus-cove-participations,RO,Romania,2025,TOTAL,8.0,,participations
erasmus-cove-participations,RS,Serbia,2021,TOTAL,8.0,,participations
erasmus-cove-participations,RS,Serbia,2022,TOTAL,3.0,,participations
erasmus-cove-participations,RS,Serbia,2024,TOTAL,4.0,,participations
erasmus-cove-participations,RS,Serbia,2025,TOTAL,5.0,,participations
erasmus-cove-participations,SE,Sweden,2021,TOTAL,4.0,,participations
erasmus-cove-participations,SE,Sweden,2022,TOTAL,3.0,,participations
erasmus-cove-participations,SE,Sweden,2023,TOTAL,7.0,,participations
erasmus-cove-participations,SE,Sweden,2024,TOTAL,9.0,,participations
erasmus-cove-participations,SE,Sweden,2025,TOTAL,3.0,,participations
erasmus-cove-participations,SI,Slovenia,2021,TOTAL,10.0,,participations
erasmus-cove-participations,SI,Slovenia,2022,TOTAL,4.0,,participations
erasmus-cove-participations,SI,Slovenia,2023,TOTAL,6.0,,participations
erasmus-cove-participations,SI,Slovenia,2024,TOTAL,4.0,,participations
erasmus-cove-participations,SI,Slovenia,2025,TOTAL,11.0,,participations
erasmus-cove-participations,SK,Slovakia,2021,TOTAL,5.0,,participations
erasmus-cove-participations,SK,Slovakia,2023,TOTAL,11.0,,participations
erasmus-cove-participations,SK,Slovakia,2025,TOTAL,5.0,,participations
erasmus-cove-participations,TR,Türkiye,2021,TOTAL,15.0,,participations
erasmus-cove-participations,TR,Türkiye,2022,TOTAL,6.0,,participations
erasmus-cove-participations,TR,Türkiye,2023,TOTAL,3.0,,participations
erasmus-cove-participations,TR,Türkiye,2024,TOTAL,9.0,,participations
erasmus-cove-participations,TR,Türkiye,2025,TOTAL,14.0,,participations
erasmus-cove-participations,UA,Ukraine,2023,TOTAL,4.0,,participations
erasmus-cove-participations,UA,Ukraine,2024,TOTAL,7.0,,participations
erasmus-cove-participations,UA,Ukraine,2025,TOTAL,2.0,,participations
erasmus-cove-participations,UK,United Kingdom,2021,TOTAL,2.0,,participations
erasmus-cove-participations,UK,United Kingdom,2022,TOTAL,3.0,,participations
erasmus-cove-participations,UK,United Kingdom,2024,TOTAL,2.0,,participations
erasmus-cove-participations,UK,United Kingdom,2025,TOTAL,2.0,,participations
erasmus-cove-participations,XK,Kosovo*,2024,TOTAL,2.0,,participations
