indicator,geo,geo_name,time,sex,value,flag,unit
eurostat-educ_uoe_enrs04-ed3sw,AT,Austria,2005,F,42033.0,,pupils
eurostat-educ_uoe_enrs04-ed3sw,AT,Austria,2010,F,46073.0,,pupils
eurostat-educ_uoe_enrs04-ed3sw,AT,Austria,2013,F,43289.0,,pupils
eurostat-educ_uoe_enrs04-ed3sw,AT,Austria,2014,F,41813.0,,pupils
eurostat-educ_uoe_enrs04-ed3sw,AT,Austria,2015,F,39862.0,,pupils
eurostat-educ_uoe_enrs04-ed3sw,AT,Austria,2016,F,37509.0,,pupils
eurostat-educ_uoe_enrs04-ed3sw,AT,Austria,2017,F,36316.0,,pupils
eurostat-educ_uoe_enrs04-ed3sw,AT,Austria,2018,F,35978.0,,pupils
eurostat-educ_uoe_enrs04-ed3sw,AT,Austria,2019,F,43017.0,,pupils
eurostat-educ_uoe_enrs04-ed3sw,AT,Austria,2020,F,44182.0,,pupils
eurostat-educ_uoe_enrs04-ed3sw,AT,Austria,2021,F,44809.0,,pupils
eurostat-educ_uoe_enrs04-ed3sw,AT,Austria,2022,F,44663.0,,pupils
eurostat-educ_uoe_enrs04-ed3sw,AT,Austria,2023,F,45199.0,,pupils
eurostat-educ_uoe_enrs04-ed3sw,AT,Austria,2024,F,46373.0,,pupils
eurostat-educ_uoe_enrs04-ed3sw,BE,Belgium,2005,F,7941.0,,pupils
eurostat-educ_uoe_enrs04-ed3sw,BE,Belgium,2010,F,8348.0,,pupils
eurostat-educ_uoe_enrs04-ed3sw,BE,Belgium,2013,F,8675.0,,pupils
eurostat-educ_uoe_enrs04-ed3sw,BE,Belgium,2014,F,8715.0,,pupils
eurostat-educ_uoe_enrs04-ed3sw,BE,Belgium,2015,F,8570.0,,pupils
eurostat-educ_uoe_enrs04-ed3sw,BE,Belgium,2016,F,8750.0,,pupils
eurostat-educ_uoe_enrs04-ed3sw,BE,Belgium,2017,F,8252.0,,pupils
eurostat-educ_uoe_enrs04-ed3sw,BE,Belgium,2018,F,8028.0,,pupils
eurostat-educ_uoe_enrs04-ed3sw,BE,Belgium,2019,F,8320.0,,pupils
eurostat-educ_uoe_enrs04-ed3sw,BE,Belgium,2020,F,7917.0,,pupils
eurostat-educ_uoe_enrs04-ed3sw,BE,Belgium,2021,F,7821.0,,pupils
eurostat-educ_uoe_enrs04-ed3sw,BE,Belgium,2022,F,8194.0,,pupils
eurostat-educ_uoe_enrs04-ed3sw,BE,Belgium,2023,F,5278.0,,pupils
eurostat-educ_uoe_enrs04-ed3sw,BE,Belgium,2024,F,6442.0,,pupils
eurostat-educ_uoe_enrs04-ed3sw,BG,Bulgaria,2017,F,103.0,,pupils
eurostat-educ_uoe_enrs04-ed3sw,BG,Bulgaria,2018,F,339.0,,pupils
eurostat-educ_uoe_enrs04-ed3sw,BG,Bulgaria,2019,F,786.0,,pupils
eurostat-educ_uoe_enrs04-ed3sw,BG,Bulgaria,2020,F,1374.0,,pupils
eurostat-educ_uoe_enrs04-ed3sw,BG,Bulgaria,2021,F,2222.0,,pupils
eurostat-educ_uoe_enrs04-ed3sw,BG,Bulgaria,2022,F,3056.0,,pupils
eurostat-educ_uoe_enrs04-ed3sw,BG,Bulgaria,2023,F,3272.0,,pupils
eurostat-educ_uoe_enrs04-ed3sw,BG,Bulgaria,2024,F,2956.0,,pupils
eurostat-educ_uoe_enrs04-ed3sw,CH,Switzerland,2013,F,87152.0,,pupils
eurostat-educ_uoe_enrs04-ed3sw,CH,Switzerland,2014,F,86992.0,,pupils
eurostat-educ_uoe_enrs04-ed3sw,CH,Switzerland,2015,F,87257.0,,pupils
eurostat-educ_uoe_enrs04-ed3sw,CH,Switzerland,2016,F,85805.0,,pupils
eurostat-educ_uoe_enrs04-ed3sw,CH,Switzerland,2017,F,85364.0,,pupils
eurostat-educ_uoe_enrs04-ed3sw,CH,Switzerland,2018,F,83895.0,,pupils
eurostat-educ_uoe_enrs04-ed3sw,CH,Switzerland,2019,F,82274.0,,pupils
eurostat-educ_uoe_enrs04-ed3sw,CH,Switzerland,2020,F,80799.0,,pupils
eurostat-educ_uoe_enrs04-ed3sw,CH,Switzerland,2021,F,79725.0,,pupils
eurostat-educ_uoe_enrs04-ed3sw,CH,Switzerland,2022,F,79949.0,,pupils
eurostat-educ_uoe_enrs04-ed3sw,CH,Switzerland,2023,F,79260.0,,pupils
eurostat-educ_uoe_enrs04-ed3sw,CH,Switzerland,2024,F,79547.0,,pupils
eurostat-educ_uoe_enrs04-ed3sw,CZ,Czechia,2013,F,8940.0,,pupils
eurostat-educ_uoe_enrs04-ed3sw,CZ,Czechia,2014,F,8222.0,,pupils
eurostat-educ_uoe_enrs04-ed3sw,CZ,Czechia,2015,F,7603.0,,pupils
eurostat-educ_uoe_enrs04-ed3sw,CZ,Czechia,2016,F,7184.0,,pupils
eurostat-educ_uoe_enrs04-ed3sw,DE,Germany,2010,F,453973.0,,pupils
eurostat-educ_uoe_enrs04-ed3sw,DE,Germany,2013,F,380259.0,,pupils
eurostat-educ_uoe_enrs04-ed3sw,DE,Germany,2014,F,385273.0,,pupils
eurostat-educ_uoe_enrs04-ed3sw,DE,Germany,2015,F,370672.0,,pupils
eurostat-educ_uoe_enrs04-ed3sw,DE,Germany,2016,F,368211.0,,pupils
eurostat-educ_uoe_enrs04-ed3sw,DE,Germany,2017,F,346594.0,,pupils
eurostat-educ_uoe_enrs04-ed3sw,DE,Germany,2018,F,340252.0,,pupils
eurostat-educ_uoe_enrs04-ed3sw,DE,Germany,2019,F,347633.0,,pupils
eurostat-educ_uoe_enrs04-ed3sw,DE,Germany,2020,F,343793.0,,pupils
eurostat-educ_uoe_enrs04-ed3sw,DE,Germany,2021,F,325558.0,,pupils
eurostat-educ_uoe_enrs04-ed3sw,DE,Germany,2022,F,316929.0,,pupils
eurostat-educ_uoe_enrs04-ed3sw,DE,Germany,2023,F,318957.0,,pupils
eurostat-educ_uoe_enrs04-ed3sw,DE,Germany,2024,F,321092.0,,pupils
eurostat-educ_uoe_enrs04-ed3sw,DK,Denmark,2013,F,59885.0,,pupils
eurostat-educ_uoe_enrs04-ed3sw,DK,Denmark,2014,F,58032.0,,pupils
eurostat-educ_uoe_enrs04-ed3sw,DK,Denmark,2015,F,58578.0,,pupils
eurostat-educ_uoe_enrs04-ed3sw,DK,Denmark,2016,F,44630.0,,pupils
eurostat-educ_uoe_enrs04-ed3sw,DK,Denmark,2017,F,48522.0,,pupils
eurostat-educ_uoe_enrs04-ed3sw,DK,Denmark,2018,F,44524.0,,pupils
eurostat-educ_uoe_enrs04-ed3sw,DK,Denmark,2019,F,42751.0,,pupils
eurostat-educ_uoe_enrs04-ed3sw,DK,Denmark,2020,F,44781.0,,pupils
eurostat-educ_uoe_enrs04-ed3sw,DK,Denmark,2021,F,46915.0,,pupils
eurostat-educ_uoe_enrs04-ed3sw,DK,Denmark,2022,F,47360.0,,pupils
eurostat-educ_uoe_enrs04-ed3sw,DK,Denmark,2023,F,44808.0,,pupils
eurostat-educ_uoe_enrs04-ed3sw,DK,Denmark,2024,F,42894.0,,pupils
eurostat-educ_uoe_enrs04-ed3sw,EE,Estonia,2010,F,45.0,,pupils
eurostat-educ_uoe_enrs04-ed3sw,EE,Estonia,2013,F,37.0,,pupils
eurostat-educ_uoe_enrs04-ed3sw,EE,Estonia,2014,F,78.0,,pupils
eurostat-educ_uoe_enrs04-ed3sw,EE,Estonia,2015,F,66.0,,pupils
eurostat-educ_uoe_enrs04-ed3sw,EE,Estonia,2016,F,157.0,,pupils
eurostat-educ_uoe_enrs04-ed3sw,EE,Estonia,2017,F,504.0,,pupils
eurostat-educ_uoe_enrs04-ed3sw,EE,Estonia,2018,F,790.0,,pupils
eurostat-educ_uoe_enrs04-ed3sw,EE,Estonia,2019,F,791.0,,pupils
eurostat-educ_uoe_enrs04-ed3sw,EE,Estonia,2020,F,861.0,,pupils
eurostat-educ_uoe_enrs04-ed3sw,EE,Estonia,2021,F,949.0,,pupils
eurostat-educ_uoe_enrs04-ed3sw,EE,Estonia,2022,F,672.0,,pupils
eurostat-educ_uoe_enrs04-ed3sw,EE,Estonia,2023,F,581.0,,pupils
eurostat-educ_uoe_enrs04-ed3sw,EE,Estonia,2024,F,538.0,,pupils
eurostat-educ_uoe_enrs04-ed3sw,EL,Greece,2013,F,4344.0,,pupils
eurostat-educ_uoe_enrs04-ed3sw,EL,Greece,2014,F,4421.0,,pupils
eurostat-educ_uoe_enrs04-ed3sw,ES,Spain,2014,F,2510.0,,pupils
eurostat-educ_uoe_enrs04-ed3sw,ES,Spain,2015,F,1845.0,,pupils
eurostat-educ_uoe_enrs04-ed3sw,ES,Spain,2016,F,4826.0,,pupils
eurostat-educ_uoe_enrs04-ed3sw,ES,Spain,2017,F,7049.0,,pupils
eurostat-educ_uoe_enrs04-ed3sw,ES,Spain,2018,F,7462.0,,pupils
eurostat-educ_uoe_enrs04-ed3sw,ES,Spain,2019,F,6414.0,,pupils
eurostat-educ_uoe_enrs04-ed3sw,ES,Spain,2020,F,4549.0,,pupils
eurostat-educ_uoe_enrs04-ed3sw,ES,Spain,2021,F,6358.0,,pupils
eurostat-educ_uoe_enrs04-ed3sw,ES,Spain,2022,F,7448.0,,pupils
eurostat-educ_uoe_enrs04-ed3sw,ES,Spain,2023,F,7448.0,,pupils
eurostat-educ_uoe_enrs04-ed3sw,ES,Spain,2024,F,11714.0,,pupils
eurostat-educ_uoe_enrs04-ed3sw,EU27,European Union (27),2015,F,687118.0,d,pupils
eurostat-educ_uoe_enrs04-ed3sw,EU27,European Union (27),2016,F,668763.0,d,pupils
eurostat-educ_uoe_enrs04-ed3sw,EU27,European Union (27),2017,F,657113.0,d,pupils
eurostat-educ_uoe_enrs04-ed3sw,EU27,European Union (27),2018,F,721312.0,d,pupils
eurostat-educ_uoe_enrs04-ed3sw,EU27,European Union (27),2019,F,726673.0,d,pupils
eurostat-educ_uoe_enrs04-ed3sw,EU27,European Union (27),2020,F,744055.0,d,pupils
eurostat-educ_uoe_enrs04-ed3sw,EU27,European Union (27),2021,F,741400.0,d,pupils
eurostat-educ_uoe_enrs04-ed3sw,EU27,European Union (27),2022,F,791621.0,d,pupils
eurostat-educ_uoe_enrs04-ed3sw,EU27,European Union (27),2023,F,793361.0,d,pupils
eurostat-educ_uoe_enrs04-ed3sw,EU27,European Union (27),2024,F,835180.0,d,pupils
eurostat-educ_uoe_enrs04-ed3sw,FI,Finland,2005,F,18478.0,,pupils
eurostat-educ_uoe_enrs04-ed3sw,FI,Finland,2010,F,23392.0,,pupils
eurostat-educ_uoe_enrs04-ed3sw,FI,Finland,2013,F,20429.0,,pupils
eurostat-educ_uoe_enrs04-ed3sw,FI,Finland,2014,F,19738.0,,pupils
eurostat-educ_uoe_enrs04-ed3sw,FI,Finland,2015,F,19056.0,,pupils
eurostat-educ_uoe_enrs04-ed3sw,FI,Finland,2016,F,18399.0,,pupils
eurostat-educ_uoe_enrs04-ed3sw,FI,Finland,2017,F,18839.0,,pupils
eurostat-educ_uoe_enrs04-ed3sw,FI,Finland,2018,F,20309.0,,pupils
eurostat-educ_uoe_enrs04-ed3sw,FI,Finland,2019,F,22154.0,,pupils
eurostat-educ_uoe_enrs04-ed3sw,FI,Finland,2020,F,21011.0,,pupils
eurostat-educ_uoe_enrs04-ed3sw,FI,Finland,2021,F,18800.0,,pupils
eurostat-educ_uoe_enrs04-ed3sw,FI,Finland,2022,F,23467.0,,pupils
eurostat-educ_uoe_enrs04-ed3sw,FI,Finland,2023,F,28147.0,,pupils
eurostat-educ_uoe_enrs04-ed3sw,FI,Finland,2024,F,30400.0,,pupils
eurostat-educ_uoe_enrs04-ed3sw,FR,France,2005,F,86118.0,,pupils
eurostat-educ_uoe_enrs04-ed3sw,FR,France,2010,F,91463.0,,pupils
eurostat-educ_uoe_enrs04-ed3sw,FR,France,2013,F,87850.0,,pupils
eurostat-educ_uoe_enrs04-ed3sw,FR,France,2014,F,82640.0,,pupils
eurostat-educ_uoe_enrs04-ed3sw,FR,France,2015,F,77106.0,,pupils
eurostat-educ_uoe_enrs04-ed3sw,FR,France,2016,F,76450.0,,pupils
eurostat-educ_uoe_enrs04-ed3sw,FR,France,2017,F,76657.0,,pupils
eurostat-educ_uoe_enrs04-ed3sw,FR,France,2018,F,77198.0,,pupils
eurostat-educ_uoe_enrs04-ed3sw,FR,France,2019,F,76577.0,,pupils
eurostat-educ_uoe_enrs04-ed3sw,FR,France,2020,F,77160.0,,pupils
eurostat-educ_uoe_enrs04-ed3sw,FR,France,2021,F,90858.0,,pupils
eurostat-educ_uoe_enrs04-ed3sw,FR,France,2022,F,112561.0,,pupils
eurostat-educ_uoe_enrs04-ed3sw,FR,France,2023,F,123587.0,,pupils
eurostat-educ_uoe_enrs04-ed3sw,FR,France,2024,F,129315.0,,pupils
eurostat-educ_uoe_enrs04-ed3sw,HU,Hungary,2010,F,32549.0,,pupils
eurostat-educ_uoe_enrs04-ed3sw,HU,Hungary,2013,F,39972.0,,pupils
eurostat-educ_uoe_enrs04-ed3sw,HU,Hungary,2014,F,43554.0,,pupils
eurostat-educ_uoe_enrs04-ed3sw,HU,Hungary,2015,F,41003.0,,pupils
eurostat-educ_uoe_enrs04-ed3sw,HU,Hungary,2016,F,34045.0,,pupils
eurostat-educ_uoe_enrs04-ed3sw,HU,Hungary,2017,F,37698.0,,pupils
eurostat-educ_uoe_enrs04-ed3sw,HU,Hungary,2018,F,64429.0,,pupils
eurostat-educ_uoe_enrs04-ed3sw,HU,Hungary,2019,F,74064.0,,pupils
eurostat-educ_uoe_enrs04-ed3sw,HU,Hungary,2020,F,84072.0,,pupils
eurostat-educ_uoe_enrs04-ed3sw,HU,Hungary,2021,F,81395.0,,pupils
eurostat-educ_uoe_enrs04-ed3sw,HU,Hungary,2022,F,95947.0,,pupils
eurostat-educ_uoe_enrs04-ed3sw,HU,Hungary,2023,F,91998.0,,pupils
eurostat-educ_uoe_enrs04-ed3sw,HU,Hungary,2024,F,101545.0,,pupils
eurostat-educ_uoe_enrs04-ed3sw,IE,Ireland,2005,F,3621.0,,pupils
eurostat-educ_uoe_enrs04-ed3sw,IE,Ireland,2010,F,4807.0,,pupils
eurostat-educ_uoe_enrs04-ed3sw,IE,Ireland,2017,F,6378.0,,pupils
eurostat-educ_uoe_enrs04-ed3sw,IE,Ireland,2018,F,55688.0,d,pupils
eurostat-educ_uoe_enrs04-ed3sw,IE,Ireland,2019,F,38563.0,,pupils
eurostat-educ_uoe_enrs04-ed3sw,IE,Ireland,2020,F,34428.0,,pupils
eurostat-educ_uoe_enrs04-ed3sw,IE,Ireland,2021,F,34142.0,,pupils
eurostat-educ_uoe_enrs04-ed3sw,IE,Ireland,2022,F,30099.0,,pupils
eurostat-educ_uoe_enrs04-ed3sw,IE,Ireland,2023,F,32853.0,,pupils
eurostat-educ_uoe_enrs04-ed3sw,IE,Ireland,2024,F,37884.0,,pupils
eurostat-educ_uoe_enrs04-ed3sw,IS,Iceland,2013,F,920.0,,pupils
eurostat-educ_uoe_enrs04-ed3sw,IS,Iceland,2014,F,898.0,,pupils
eurostat-educ_uoe_enrs04-ed3sw,IS,Iceland,2015,F,824.0,,pupils
eurostat-educ_uoe_enrs04-ed3sw,IS,Iceland,2016,F,779.0,,pupils
eurostat-educ_uoe_enrs04-ed3sw,IS,Iceland,2017,F,832.0,,pupils
eurostat-educ_uoe_enrs04-ed3sw,IS,Iceland,2018,F,862.0,,pupils
eurostat-educ_uoe_enrs04-ed3sw,IS,Iceland,2019,F,801.0,,pupils
eurostat-educ_uoe_enrs04-ed3sw,IS,Iceland,2020,F,856.0,,pupils
eurostat-educ_uoe_enrs04-ed3sw,IS,Iceland,2021,F,1078.0,,pupils
eurostat-educ_uoe_enrs04-ed3sw,IS,Iceland,2022,F,1050.0,,pupils
eurostat-educ_uoe_enrs04-ed3sw,IS,Iceland,2023,F,903.0,,pupils
eurostat-educ_uoe_enrs04-ed3sw,IS,Iceland,2024,F,897.0,,pupils
eurostat-educ_uoe_enrs04-ed3sw,IT,Italy,2013,F,0.0,,pupils
eurostat-educ_uoe_enrs04-ed3sw,LI,Liechtenstein,2013,F,435.0,,pupils
eurostat-educ_uoe_enrs04-ed3sw,LI,Liechtenstein,2014,F,434.0,,pupils
eurostat-educ_uoe_enrs04-ed3sw,LI,Liechtenstein,2015,F,428.0,,pupils
eurostat-educ_uoe_enrs04-ed3sw,LI,Liechtenstein,2016,F,417.0,,pupils
eurostat-educ_uoe_enrs04-ed3sw,LI,Liechtenstein,2017,F,423.0,,pupils
eurostat-educ_uoe_enrs04-ed3sw,LI,Liechtenstein,2018,F,399.0,,pupils
eurostat-educ_uoe_enrs04-ed3sw,LI,Liechtenstein,2019,F,421.0,,pupils
eurostat-educ_uoe_enrs04-ed3sw,LI,Liechtenstein,2020,F,418.0,,pupils
eurostat-educ_uoe_enrs04-ed3sw,LI,Liechtenstein,2021,F,415.0,,pupils
eurostat-educ_uoe_enrs04-ed3sw,LI,Liechtenstein,2022,F,420.0,,pupils
eurostat-educ_uoe_enrs04-ed3sw,LU,Luxembourg,2013,F,1330.0,,pupils
eurostat-educ_uoe_enrs04-ed3sw,LU,Luxembourg,2014,F,1330.0,,pupils
eurostat-educ_uoe_enrs04-ed3sw,LU,Luxembourg,2015,F,1403.0,,pupils
eurostat-educ_uoe_enrs04-ed3sw,LU,Luxembourg,2016,F,1362.0,,pupils
eurostat-educ_uoe_enrs04-ed3sw,LU,Luxembourg,2017,F,1433.0,,pupils
eurostat-educ_uoe_enrs04-ed3sw,LU,Luxembourg,2018,F,1473.0,,pupils
eurostat-educ_uoe_enrs04-ed3sw,LU,Luxembourg,2019,F,1373.0,,pupils
eurostat-educ_uoe_enrs04-ed3sw,LU,Luxembourg,2020,F,1415.0,,pupils
eurostat-educ_uoe_enrs04-ed3sw,LU,Luxembourg,2021,F,1344.0,,pupils
eurostat-educ_uoe_enrs04-ed3sw,LU,Luxembourg,2022,F,1339.0,,pupils
eurostat-educ_uoe_enrs04-ed3sw,LU,Luxembourg,2023,F,1304.0,,pupils
eurostat-educ_uoe_enrs04-ed3sw,LU,Luxembourg,2024,F,1360.0,,pupils
eurostat-educ_uoe_enrs04-ed3sw,LV,Latvia,2005,F,15252.0,,pupils
eurostat-educ_uoe_enrs04-ed3sw,LV,Latvia,2010,F,13533.0,,pupils
eurostat-educ_uoe_enrs04-ed3sw,LV,Latvia,2013,F,11061.0,,pupils
eurostat-educ_uoe_enrs04-ed3sw,LV,Latvia,2014,F,10563.0,,pupils
eurostat-educ_uoe_enrs04-ed3sw,LV,Latvia,2015,F,10061.0,,pupils
eurostat-educ_uoe_enrs04-ed3sw,LV,Latvia,2016,F,9303.0,,pupils
eurostat-educ_uoe_enrs04-ed3sw,LV,Latvia,2017,F,9731.0,,pupils
eurostat-educ_uoe_enrs04-ed3sw,LV,Latvia,2018,F,9764.0,,pupils
eurostat-educ_uoe_enrs04-ed3sw,LV,Latvia,2019,F,9951.0,,pupils
eurostat-educ_uoe_enrs04-ed3sw,LV,Latvia,2020,F,9781.0,,pupils
eurostat-educ_uoe_enrs04-ed3sw,LV,Latvia,2021,F,9932.0,,pupils
eurostat-educ_uoe_enrs04-ed3sw,LV,Latvia,2022,F,10265.0,,pupils
eurostat-educ_uoe_enrs04-ed3sw,LV,Latvia,2023,F,10221.0,,pupils
eurostat-educ_uoe_enrs04-ed3sw,LV,Latvia,2024,F,10345.0,,pupils
eurostat-educ_uoe_enrs04-ed3sw,ME,Montenegro,2016,F,0.0,,pupils
eurostat-educ_uoe_enrs04-ed3sw,ME,Montenegro,2017,F,0.0,,pupils
eurostat-educ_uoe_enrs04-ed3sw,MK,North Macedonia,2013,F,0.0,,pupils
eurostat-educ_uoe_enrs04-ed3sw,MK,North Macedonia,2014,F,0.0,,pupils
eurostat-educ_uoe_enrs04-ed3sw,MK,North Macedonia,2016,F,0.0,,pupils
eurostat-educ_uoe_enrs04-ed3sw,MK,North Macedonia,2017,F,0.0,,pupils
eurostat-educ_uoe_enrs04-ed3sw,MT,Malta,2013,F,77.0,,pupils
eurostat-educ_uoe_enrs04-ed3sw,MT,Malta,2014,F,192.0,,pupils
eurostat-educ_uoe_enrs04-ed3sw,MT,Malta,2015,F,302.0,,pupils
eurostat-educ_uoe_enrs04-ed3sw,MT,Malta,2016,F,316.0,,pupils
eurostat-educ_uoe_enrs04-ed3sw,MT,Malta,2017,F,448.0,,pupils
eurostat-educ_uoe_enrs04-ed3sw,MT,Malta,2018,F,676.0,,pupils
eurostat-educ_uoe_enrs04-ed3sw,MT,Malta,2019,F,800.0,,pupils
eurostat-educ_uoe_enrs04-ed3sw,MT,Malta,2020,F,1661.0,,pupils
eurostat-educ_uoe_enrs04-ed3sw,MT,Malta,2021,F,805.0,,pupils
eurostat-educ_uoe_enrs04-ed3sw,MT,Malta,2022,F,856.0,,pupils
eurostat-educ_uoe_enrs04-ed3sw,MT,Malta,2023,F,959.0,,pupils
eurostat-educ_uoe_enrs04-ed3sw,MT,Malta,2024,F,1006.0,,pupils
eurostat-educ_uoe_enrs04-ed3sw,NL,Netherlands,2005,F,44215.0,,pupils
eurostat-educ_uoe_enrs04-ed3sw,NL,Netherlands,2010,F,57630.0,,pupils
eurostat-educ_uoe_enrs04-ed3sw,NO,Norway,2005,F,8629.0,,pupils
eurostat-educ_uoe_enrs04-ed3sw,NO,Norway,2010,F,10916.0,,pupils
eurostat-educ_uoe_enrs04-ed3sw,NO,Norway,2013,F,11025.0,,pupils
eurostat-educ_uoe_enrs04-ed3sw,NO,Norway,2014,F,10974.0,,pupils
eurostat-educ_uoe_enrs04-ed3sw,NO,Norway,2015,F,11428.0,,pupils
eurostat-educ_uoe_enrs04-ed3sw,NO,Norway,2016,F,11958.0,,pupils
eurostat-educ_uoe_enrs04-ed3sw,NO,Norway,2017,F,25494.0,,pupils
eurostat-educ_uoe_enrs04-ed3sw,NO,Norway,2018,F,26710.0,,pupils
eurostat-educ_uoe_enrs04-ed3sw,NO,Norway,2019,F,26680.0,,pupils
eurostat-educ_uoe_enrs04-ed3sw,NO,Norway,2020,F,27512.0,,pupils
eurostat-educ_uoe_enrs04-ed3sw,NO,Norway,2021,F,27211.0,d,pupils
eurostat-educ_uoe_enrs04-ed3sw,NO,Norway,2022,F,30044.0,d,pupils
eurostat-educ_uoe_enrs04-ed3sw,NO,Norway,2023,F,30531.0,d,pupils
eurostat-educ_uoe_enrs04-ed3sw,NO,Norway,2024,F,30420.0,d,pupils
eurostat-educ_uoe_enrs04-ed3sw,PL,Poland,2015,F,43498.0,,pupils
eurostat-educ_uoe_enrs04-ed3sw,PL,Poland,2016,F,41410.0,,pupils
eurostat-educ_uoe_enrs04-ed3sw,PL,Poland,2017,F,37784.0,,pupils
eurostat-educ_uoe_enrs04-ed3sw,PL,Poland,2018,F,36419.0,,pupils
eurostat-educ_uoe_enrs04-ed3sw,PL,Poland,2019,F,32086.0,e,pupils
eurostat-educ_uoe_enrs04-ed3sw,PL,Poland,2020,F,42449.0,,pupils
eurostat-educ_uoe_enrs04-ed3sw,PL,Poland,2021,F,44950.0,,pupils
eurostat-educ_uoe_enrs04-ed3sw,PL,Poland,2022,F,46809.0,,pupils
eurostat-educ_uoe_enrs04-ed3sw,PL,Poland,2023,F,43186.0,,pupils
eurostat-educ_uoe_enrs04-ed3sw,PL,Poland,2024,F,48419.0,,pupils
eurostat-educ_uoe_enrs04-ed3sw,RO,Romania,2015,F,4753.0,,pupils
eurostat-educ_uoe_enrs04-ed3sw,RO,Romania,2016,F,13107.0,,pupils
eurostat-educ_uoe_enrs04-ed3sw,RO,Romania,2017,F,17112.0,,pupils
eurostat-educ_uoe_enrs04-ed3sw,RO,Romania,2018,F,13855.0,,pupils
eurostat-educ_uoe_enrs04-ed3sw,RO,Romania,2019,F,16438.0,,pupils
eurostat-educ_uoe_enrs04-ed3sw,RO,Romania,2020,F,18900.0,,pupils
eurostat-educ_uoe_enrs04-ed3sw,RO,Romania,2021,F,18297.0,,pupils
eurostat-educ_uoe_enrs04-ed3sw,RO,Romania,2022,F,18585.0,,pupils
eurostat-educ_uoe_enrs04-ed3sw,RO,Romania,2023,F,19058.0,,pupils
eurostat-educ_uoe_enrs04-ed3sw,RO,Romania,2024,F,18441.0,,pupils
eurostat-educ_uoe_enrs04-ed3sw,SE,Sweden,2010,F,2642.0,,pupils
eurostat-educ_uoe_enrs04-ed3sw,SE,Sweden,2013,F,2460.0,,pupils
eurostat-educ_uoe_enrs04-ed3sw,SE,Sweden,2014,F,2355.0,,pupils
eurostat-educ_uoe_enrs04-ed3sw,SE,Sweden,2015,F,2740.0,,pupils
eurostat-educ_uoe_enrs04-ed3sw,SE,Sweden,2016,F,3103.0,,pupils
eurostat-educ_uoe_enrs04-ed3sw,SE,Sweden,2017,F,3693.0,,pupils
eurostat-educ_uoe_enrs04-ed3sw,SE,Sweden,2018,F,4127.0,,pupils
eurostat-educ_uoe_enrs04-ed3sw,SE,Sweden,2019,F,4955.0,,pupils
eurostat-educ_uoe_enrs04-ed3sw,SE,Sweden,2020,F,5721.0,,pupils
eurostat-educ_uoe_enrs04-ed3sw,SE,Sweden,2021,F,6245.0,,pupils
eurostat-educ_uoe_enrs04-ed3sw,SE,Sweden,2022,F,6620.0,,pupils
eurostat-educ_uoe_enrs04-ed3sw,SE,Sweden,2023,F,6617.0,,pupils
eurostat-educ_uoe_enrs04-ed3sw,SE,Sweden,2024,F,6909.0,,pupils
eurostat-educ_uoe_enrs04-ed3sw,SK,Slovakia,2022,F,16751.0,,pupils
eurostat-educ_uoe_enrs04-ed3sw,SK,Slovakia,2023,F,9889.0,,pupils
eurostat-educ_uoe_enrs04-ed3sw,SK,Slovakia,2024,F,17549.0,,pupils
eurostat-educ_uoe_enrs04-ed3sw,UK,United Kingdom,2013,F,543166.0,,pupils
eurostat-educ_uoe_enrs04-ed3sw,UK,United Kingdom,2014,F,430924.0,,pupils
eurostat-educ_uoe_enrs04-ed3sw,UK,United Kingdom,2015,F,432979.0,,pupils
eurostat-educ_uoe_enrs04-ed3sw,UK,United Kingdom,2016,F,436368.0,,pupils
eurostat-educ_uoe_enrs04-ed3sw,UK,United Kingdom,2017,F,430513.0,,pupils
eurostat-educ_uoe_enrs04-ed3sw,UK,United Kingdom,2018,F,363680.0,,pupils
eurostat-educ_uoe_enrs04-ed3sw,UK,United Kingdom,2019,F,299679.0,,pupils
eurostat-educ_uoe_enrs04-ed3sw,AT,Austria,2005,M,82950.0,,pupils
eurostat-educ_uoe_enrs04-ed3sw,AT,Austria,2010,M,86468.0,,pupils
eurostat-educ_uoe_enrs04-ed3sw,AT,Austria,2013,M,81465.0,,pupils
eurostat-educ_uoe_enrs04-ed3sw,AT,Austria,2014,M,79059.0,,pupils
eurostat-educ_uoe_enrs04-ed3sw,AT,Austria,2015,M,76506.0,,pupils
eurostat-educ_uoe_enrs04-ed3sw,AT,Austria,2016,M,73536.0,,pupils
eurostat-educ_uoe_enrs04-ed3sw,AT,Austria,2017,M,72478.0,,pupils
eurostat-educ_uoe_enrs04-ed3sw,AT,Austria,2018,M,71709.0,,pupils
eurostat-educ_uoe_enrs04-ed3sw,AT,Austria,2019,M,74805.0,,pupils
eurostat-educ_uoe_enrs04-ed3sw,AT,Austria,2020,M,75707.0,,pupils
eurostat-educ_uoe_enrs04-ed3sw,AT,Austria,2021,M,76146.0,,pupils
eurostat-educ_uoe_enrs04-ed3sw,AT,Austria,2022,M,75708.0,,pupils
eurostat-educ_uoe_enrs04-ed3sw,AT,Austria,2023,M,75370.0,,pupils
eurostat-educ_uoe_enrs04-ed3sw,AT,Austria,2024,M,75623.0,,pupils
eurostat-educ_uoe_enrs04-ed3sw,BE,Belgium,2005,M,17679.0,,pupils
eurostat-educ_uoe_enrs04-ed3sw,BE,Belgium,2010,M,18745.0,,pupils
eurostat-educ_uoe_enrs04-ed3sw,BE,Belgium,2013,M,18818.0,,pupils
eurostat-educ_uoe_enrs04-ed3sw,BE,Belgium,2014,M,18616.0,,pupils
eurostat-educ_uoe_enrs04-ed3sw,BE,Belgium,2015,M,18088.0,,pupils
eurostat-educ_uoe_enrs04-ed3sw,BE,Belgium,2016,M,18098.0,,pupils
eurostat-educ_uoe_enrs04-ed3sw,BE,Belgium,2017,M,17809.0,,pupils
eurostat-educ_uoe_enrs04-ed3sw,BE,Belgium,2018,M,17520.0,,pupils
eurostat-educ_uoe_enrs04-ed3sw,BE,Belgium,2019,M,18008.0,,pupils
eurostat-educ_uoe_enrs04-ed3sw,BE,Belgium,2020,M,17199.0,,pupils
eurostat-educ_uoe_enrs04-ed3sw,BE,Belgium,2021,M,17173.0,,pupils
eurostat-educ_uoe_enrs04-ed3sw,BE,Belgium,2022,M,17995.0,,pupils
eurostat-educ_uoe_enrs04-ed3sw,BE,Belgium,2023,M,13012.0,,pupils
eurostat-educ_uoe_enrs04-ed3sw,BE,Belgium,2024,M,14951.0,,pupils
eurostat-educ_uoe_enrs04-ed3sw,BG,Bulgaria,2017,M,445.0,,pupils
eurostat-educ_uoe_enrs04-ed3sw,BG,Bulgaria,2018,M,943.0,,pupils
eurostat-educ_uoe_enrs04-ed3sw,BG,Bulgaria,2019,M,2120.0,,pupils
eurostat-educ_uoe_enrs04-ed3sw,BG,Bulgaria,2020,M,3545.0,,pupils
eurostat-educ_uoe_enrs04-ed3sw,BG,Bulgaria,2021,M,5230.0,,pupils
eurostat-educ_uoe_enrs04-ed3sw,BG,Bulgaria,2022,M,7516.0,,pupils
eurostat-educ_uoe_enrs04-ed3sw,BG,Bulgaria,2023,M,8376.0,,pupils
eurostat-educ_uoe_enrs04-ed3sw,BG,Bulgaria,2024,M,8391.0,,pupils
eurostat-educ_uoe_enrs04-ed3sw,CH,Switzerland,2013,M,121497.0,,pupils
eurostat-educ_uoe_enrs04-ed3sw,CH,Switzerland,2014,M,120711.0,,pupils
eurostat-educ_uoe_enrs04-ed3sw,CH,Switzerland,2015,M,121049.0,,pupils
eurostat-educ_uoe_enrs04-ed3sw,CH,Switzerland,2016,M,119681.0,,pupils
eurostat-educ_uoe_enrs04-ed3sw,CH,Switzerland,2017,M,119049.0,,pupils
eurostat-educ_uoe_enrs04-ed3sw,CH,Switzerland,2018,M,118783.0,,pupils
eurostat-educ_uoe_enrs04-ed3sw,CH,Switzerland,2019,M,117767.0,,pupils
eurostat-educ_uoe_enrs04-ed3sw,CH,Switzerland,2020,M,116975.0,,pupils
eurostat-educ_uoe_enrs04-ed3sw,CH,Switzerland,2021,M,115660.0,,pupils
eurostat-educ_uoe_enrs04-ed3sw,CH,Switzerland,2022,M,115779.0,,pupils
eurostat-educ_uoe_enrs04-ed3sw,CH,Switzerland,2023,M,113920.0,,pupils
eurostat-educ_uoe_enrs04-ed3sw,CH,Switzerland,2024,M,114249.0,,pupils
eurostat-educ_uoe_enrs04-ed3sw,CZ,Czechia,2013,M,19509.0,,pupils
eurostat-educ_uoe_enrs04-ed3sw,CZ,Czechia,2014,M,18571.0,,pupils
eurostat-educ_uoe_enrs04-ed3sw,CZ,Czechia,2015,M,18135.0,,pupils
eurostat-educ_uoe_enrs04-ed3sw,CZ,Czechia,2016,M,17846.0,,pupils
eurostat-educ_uoe_enrs04-ed3sw,DE,Germany,2010,M,768999.0,,pupils
eurostat-educ_uoe_enrs04-ed3sw,DE,Germany,2013,M,673801.0,,pupils
eurostat-educ_uoe_enrs04-ed3sw,DE,Germany,2014,M,679415.0,,pupils
eurostat-educ_uoe_enrs04-ed3sw,DE,Germany,2015,M,663847.0,,pupils
eurostat-educ_uoe_enrs04-ed3sw,DE,Germany,2016,M,662764.0,,pupils
eurostat-educ_uoe_enrs04-ed3sw,DE,Germany,2017,M,644154.0,,pupils
eurostat-educ_uoe_enrs04-ed3sw,DE,Germany,2018,M,663162.0,,pupils
eurostat-educ_uoe_enrs04-ed3sw,DE,Germany,2019,M,694785.0,,pupils
eurostat-educ_uoe_enrs04-ed3sw,DE,Germany,2020,M,698933.0,,pupils
eurostat-educ_uoe_enrs04-ed3sw,DE,Germany,2021,M,671369.0,,pupils
eurostat-educ_uoe_enrs04-ed3sw,DE,Germany,2022,M,661672.0,,pupils
eurostat-educ_uoe_enrs04-ed3sw,DE,Germany,2023,M,650692.0,,pupils
eurostat-educ_uoe_enrs04-ed3sw,DE,Germany,2024,M,648071.0,,pupils
eurostat-educ_uoe_enrs04-ed3sw,DK,Denmark,2013,M,74270.0,,pupils
eurostat-educ_uoe_enrs04-ed3sw,DK,Denmark,2014,M,72844.0,,pupils
eurostat-educ_uoe_enrs04-ed3sw,DK,Denmark,2015,M,73369.0,,pupils
eurostat-educ_uoe_enrs04-ed3sw,DK,Denmark,2016,M,53031.0,,pupils
eurostat-educ_uoe_enrs04-ed3sw,DK,Denmark,2017,M,66160.0,,pupils
eurostat-educ_uoe_enrs04-ed3sw,DK,Denmark,2018,M,65049.0,,pupils
eurostat-educ_uoe_enrs04-ed3sw,DK,Denmark,2019,M,63502.0,,pupils
eurostat-educ_uoe_enrs04-ed3sw,DK,Denmark,2020,M,64729.0,,pupils
eurostat-educ_uoe_enrs04-ed3sw,DK,Denmark,2021,M,68814.0,,pupils
eurostat-educ_uoe_enrs04-ed3sw,DK,Denmark,2022,M,70085.0,,pupils
eurostat-educ_uoe_enrs04-ed3sw,DK,Denmark,2023,M,67601.0,,pupils
eurostat-educ_uoe_enrs04-ed3sw,DK,Denmark,2024,M,66019.0,,pupils
eurostat-educ_uoe_enrs04-ed3sw,EE,Estonia,2010,M,98.0,,pupils
eurostat-educ_uoe_enrs04-ed3sw,EE,Estonia,2013,M,64.0,,pupils
eurostat-educ_uoe_enrs04-ed3sw,EE,Estonia,2014,M,77.0,,pupils
eurostat-educ_uoe_enrs04-ed3sw,EE,Estonia,2015,M,132.0,,pupils
eurostat-educ_uoe_enrs04-ed3sw,EE,Estonia,2016,M,194.0,,pupils
eurostat-educ_uoe_enrs04-ed3sw,EE,Estonia,2017,M,397.0,,pupils
eurostat-educ_uoe_enrs04-ed3sw,EE,Estonia,2018,M,374.0,,pupils
eurostat-educ_uoe_enrs04-ed3sw,EE,Estonia,2019,M,413.0,,pupils
eurostat-educ_uoe_enrs04-ed3sw,EE,Estonia,2020,M,459.0,,pupils
eurostat-educ_uoe_enrs04-ed3sw,EE,Estonia,2021,M,608.0,,pupils
eurostat-educ_uoe_enrs04-ed3sw,EE,Estonia,2022,M,509.0,,pupils
eurostat-educ_uoe_enrs04-ed3sw,EE,Estonia,2023,M,386.0,,pupils
eurostat-educ_uoe_enrs04-ed3sw,EE,Estonia,2024,M,344.0,,pupils
eurostat-educ_uoe_enrs04-ed3sw,EL,Greece,2013,M,7107.0,,pupils
eurostat-educ_uoe_enrs04-ed3sw,EL,Greece,2014,M,7239.0,,pupils
eurostat-educ_uoe_enrs04-ed3sw,ES,Spain,2014,M,4782.0,,pupils
eurostat-educ_uoe_enrs04-ed3sw,ES,Spain,2015,M,5426.0,,pupils
eurostat-educ_uoe_enrs04-ed3sw,ES,Spain,2016,M,6920.0,,pupils
eurostat-educ_uoe_enrs04-ed3sw,ES,Spain,2017,M,9299.0,,pupils
eurostat-educ_uoe_enrs04-ed3sw,ES,Spain,2018,M,9858.0,,pupils
eurostat-educ_uoe_enrs04-ed3sw,ES,Spain,2019,M,9037.0,,pupils
eurostat-educ_uoe_enrs04-ed3sw,ES,Spain,2020,M,7606.0,,pupils
eurostat-educ_uoe_enrs04-ed3sw,ES,Spain,2021,M,10900.0,,pupils
eurostat-educ_uoe_enrs04-ed3sw,ES,Spain,2022,M,11851.0,,pupils
eurostat-educ_uoe_enrs04-ed3sw,ES,Spain,2023,M,11851.0,,pupils
eurostat-educ_uoe_enrs04-ed3sw,ES,Spain,2024,M,19989.0,,pupils
eurostat-educ_uoe_enrs04-ed3sw,EU27,European Union (27),2015,M,1221742.0,d,pupils
eurostat-educ_uoe_enrs04-ed3sw,EU27,European Union (27),2016,M,1197074.0,d,pupils
eurostat-educ_uoe_enrs04-ed3sw,EU27,European Union (27),2017,M,1194873.0,d,pupils
eurostat-educ_uoe_enrs04-ed3sw,EU27,European Union (27),2018,M,1265726.0,d,pupils
eurostat-educ_uoe_enrs04-ed3sw,EU27,European Union (27),2019,M,1307595.0,d,pupils
eurostat-educ_uoe_enrs04-ed3sw,EU27,European Union (27),2020,M,1353982.0,d,pupils
eurostat-educ_uoe_enrs04-ed3sw,EU27,European Union (27),2021,M,1347368.0,d,pupils
eurostat-educ_uoe_enrs04-ed3sw,EU27,European Union (27),2022,M,1406859.0,d,pupils
eurostat-educ_uoe_enrs04-ed3sw,EU27,European Union (27),2023,M,1406651.0,d,pupils
eurostat-educ_uoe_enrs04-ed3sw,EU27,European Union (27),2024,M,1427384.0,d,pupils
eurostat-educ_uoe_enrs04-ed3sw,FI,Finland,2005,M,16433.0,,pupils
eurostat-educ_uoe_enrs04-ed3sw,FI,Finland,2010,M,26128.0,,pupils
eurostat-educ_uoe_enrs04-ed3sw,FI,Finland,2013,M,18167.0,,pupils
eurostat-educ_uoe_enrs04-ed3sw,FI,Finland,2014,M,16739.0,,pupils
eurostat-educ_uoe_enrs04-ed3sw,FI,Finland,2015,M,15889.0,,pupils
eurostat-educ_uoe_enrs04-ed3sw,FI,Finland,2016,M,14940.0,,pupils
eurostat-educ_uoe_enrs04-ed3sw,FI,Finland,2017,M,15538.0,,pupils
eurostat-educ_uoe_enrs04-ed3sw,FI,Finland,2018,M,16564.0,,pupils
eurostat-educ_uoe_enrs04-ed3sw,FI,Finland,2019,M,19375.0,,pupils
eurostat-educ_uoe_enrs04-ed3sw,FI,Finland,2020,M,20017.0,,pupils
eurostat-educ_uoe_enrs04-ed3sw,FI,Finland,2021,M,17419.0,,pupils
eurostat-educ_uoe_enrs04-ed3sw,FI,Finland,2022,M,22074.0,,pupils
eurostat-educ_uoe_enrs04-ed3sw,FI,Finland,2023,M,25746.0,,pupils
eurostat-educ_uoe_enrs04-ed3sw,FI,Finland,2024,M,27299.0,,pupils
eurostat-educ_uoe_enrs04-ed3sw,FR,France,2005,M,219779.0,,pupils
eurostat-educ_uoe_enrs04-ed3sw,FR,France,2010,M,229930.0,,pupils
eurostat-educ_uoe_enrs04-ed3sw,FR,France,2013,M,214378.0,,pupils
eurostat-educ_uoe_enrs04-ed3sw,FR,France,2014,M,203312.0,,pupils
eurostat-educ_uoe_enrs04-ed3sw,FR,France,2015,M,189896.0,,pupils
eurostat-educ_uoe_enrs04-ed3sw,FR,France,2016,M,184667.0,,pupils
eurostat-educ_uoe_enrs04-ed3sw,FR,France,2017,M,183098.0,,pupils
eurostat-educ_uoe_enrs04-ed3sw,FR,France,2018,M,186380.0,,pupils
eurostat-educ_uoe_enrs04-ed3sw,FR,France,2019,M,191722.0,,pupils
eurostat-educ_uoe_enrs04-ed3sw,FR,France,2020,M,197766.0,,pupils
eurostat-educ_uoe_enrs04-ed3sw,FR,France,2021,M,215421.0,,pupils
eurostat-educ_uoe_enrs04-ed3sw,FR,France,2022,M,241774.0,,pupils
eurostat-educ_uoe_enrs04-ed3sw,FR,France,2023,M,253719.0,,pupils
eurostat-educ_uoe_enrs04-ed3sw,FR,France,2024,M,256289.0,,pupils
eurostat-educ_uoe_enrs04-ed3sw,HU,Hungary,2005,M,71441.0,,pupils
eurostat-educ_uoe_enrs04-ed3sw,HU,Hungary,2010,M,50738.0,,pupils
eurostat-educ_uoe_enrs04-ed3sw,HU,Hungary,2013,M,57309.0,,pupils
eurostat-educ_uoe_enrs04-ed3sw,HU,Hungary,2014,M,63736.0,,pupils
eurostat-educ_uoe_enrs04-ed3sw,HU,Hungary,2015,M,61302.0,,pupils
eurostat-educ_uoe_enrs04-ed3sw,HU,Hungary,2016,M,56445.0,,pupils
eurostat-educ_uoe_enrs04-ed3sw,HU,Hungary,2017,M,60026.0,,pupils
eurostat-educ_uoe_enrs04-ed3sw,HU,Hungary,2018,M,93889.0,,pupils
eurostat-educ_uoe_enrs04-ed3sw,HU,Hungary,2019,M,106309.0,,pupils
eurostat-educ_uoe_enrs04-ed3sw,HU,Hungary,2020,M,118400.0,,pupils
eurostat-educ_uoe_enrs04-ed3sw,HU,Hungary,2021,M,114020.0,,pupils
eurostat-educ_uoe_enrs04-ed3sw,HU,Hungary,2022,M,130976.0,,pupils
eurostat-educ_uoe_enrs04-ed3sw,HU,Hungary,2023,M,129380.0,,pupils
eurostat-educ_uoe_enrs04-ed3sw,HU,Hungary,2024,M,139842.0,,pupils
eurostat-educ_uoe_enrs04-ed3sw,IE,Ireland,2005,M,2002.0,,pupils
eurostat-educ_uoe_enrs04-ed3sw,IE,Ireland,2010,M,3144.0,,pupils
eurostat-educ_uoe_enrs04-ed3sw,IE,Ireland,2017,M,12902.0,,pupils
eurostat-educ_uoe_enrs04-ed3sw,IE,Ireland,2018,M,35313.0,d,pupils
eurostat-educ_uoe_enrs04-ed3sw,IE,Ireland,2019,M,25671.0,,pupils
eurostat-educ_uoe_enrs04-ed3sw,IE,Ireland,2020,M,20531.0,,pupils
eurostat-educ_uoe_enrs04-ed3sw,IE,Ireland,2021,M,20937.0,,pupils
eurostat-educ_uoe_enrs04-ed3sw,IE,Ireland,2022,M,17803.0,,pupils
eurostat-educ_uoe_enrs04-ed3sw,IE,Ireland,2023,M,20151.0,,pupils
eurostat-educ_uoe_enrs04-ed3sw,IE,Ireland,2024,M,23131.0,,pupils
eurostat-educ_uoe_enrs04-ed3sw,IS,Iceland,2013,M,2506.0,,pupils
eurostat-educ_uoe_enrs04-ed3sw,IS,Iceland,2014,M,2527.0,,pupils
eurostat-educ_uoe_enrs04-ed3sw,IS,Iceland,2015,M,2538.0,,pupils
eurostat-educ_uoe_enrs04-ed3sw,IS,Iceland,2016,M,2609.0,,pupils
eurostat-educ_uoe_enrs04-ed3sw,IS,Iceland,2017,M,2576.0,,pupils
eurostat-educ_uoe_enrs04-ed3sw,IS,Iceland,2018,M,2649.0,,pupils
eurostat-educ_uoe_enrs04-ed3sw,IS,Iceland,2019,M,2934.0,,pupils
eurostat-educ_uoe_enrs04-ed3sw,IS,Iceland,2020,M,3147.0,,pupils
eurostat-educ_uoe_enrs04-ed3sw,IS,Iceland,2021,M,3632.0,,pupils
eurostat-educ_uoe_enrs04-ed3sw,IS,Iceland,2022,M,3840.0,,pupils
eurostat-educ_uoe_enrs04-ed3sw,IS,Iceland,2023,M,3872.0,,pupils
eurostat-educ_uoe_enrs04-ed3sw,IS,Iceland,2024,M,3900.0,,pupils
eurostat-educ_uoe_enrs04-ed3sw,IT,Italy,2013,M,0.0,,pupils
eurostat-educ_uoe_enrs04-ed3sw,LI,Liechtenstein,2013,M,755.0,,pupils
eurostat-educ_uoe_enrs04-ed3sw,LI,Liechtenstein,2014,M,761.0,,pupils
eurostat-educ_uoe_enrs04-ed3sw,LI,Liechtenstein,2015,M,755.0,,pupils
eurostat-educ_uoe_enrs04-ed3sw,LI,Liechtenstein,2016,M,734.0,,pupils
eurostat-educ_uoe_enrs04-ed3sw,LI,Liechtenstein,2017,M,697.0,,pupils
eurostat-educ_uoe_enrs04-ed3sw,LI,Liechtenstein,2018,M,643.0,,pupils
eurostat-educ_uoe_enrs04-ed3sw,LI,Liechtenstein,2019,M,685.0,,pupils
eurostat-educ_uoe_enrs04-ed3sw,LI,Liechtenstein,2020,M,684.0,,pupils
eurostat-educ_uoe_enrs04-ed3sw,LI,Liechtenstein,2021,M,684.0,,pupils
eurostat-educ_uoe_enrs04-ed3sw,LI,Liechtenstein,2022,M,664.0,,pupils
eurostat-educ_uoe_enrs04-ed3sw,LU,Luxembourg,2013,M,2073.0,,pupils
eurostat-educ_uoe_enrs04-ed3sw,LU,Luxembourg,2014,M,2046.0,,pupils
eurostat-educ_uoe_enrs04-ed3sw,LU,Luxembourg,2015,M,2042.0,,pupils
eurostat-educ_uoe_enrs04-ed3sw,LU,Luxembourg,2016,M,2021.0,,pupils
eurostat-educ_uoe_enrs04-ed3sw,LU,Luxembourg,2017,M,2085.0,,pupils
eurostat-educ_uoe_enrs04-ed3sw,LU,Luxembourg,2018,M,2097.0,,pupils
eurostat-educ_uoe_enrs04-ed3sw,LU,Luxembourg,2019,M,2122.0,,pupils
eurostat-educ_uoe_enrs04-ed3sw,LU,Luxembourg,2020,M,2156.0,,pupils
eurostat-educ_uoe_enrs04-ed3sw,LU,Luxembourg,2021,M,2104.0,,pupils
eurostat-educ_uoe_enrs04-ed3sw,LU,Luxembourg,2022,M,2133.0,,pupils
eurostat-educ_uoe_enrs04-ed3sw,LU,Luxembourg,2023,M,2075.0,,pupils
eurostat-educ_uoe_enrs04-ed3sw,LU,Luxembourg,2024,M,2099.0,,pupils
eurostat-educ_uoe_enrs04-ed3sw,LV,Latvia,2005,M,23834.0,,pupils
eurostat-educ_uoe_enrs04-ed3sw,LV,Latvia,2010,M,20673.0,,pupils
eurostat-educ_uoe_enrs04-ed3sw,LV,Latvia,2013,M,16931.0,,pupils
eurostat-educ_uoe_enrs04-ed3sw,LV,Latvia,2014,M,15901.0,,pupils
eurostat-educ_uoe_enrs04-ed3sw,LV,Latvia,2015,M,14786.0,,pupils
eurostat-educ_uoe_enrs04-ed3sw,LV,Latvia,2016,M,13707.0,,pupils
eurostat-educ_uoe_enrs04-ed3sw,LV,Latvia,2017,M,13860.0,,pupils
eurostat-educ_uoe_enrs04-ed3sw,LV,Latvia,2018,M,13882.0,,pupils
eurostat-educ_uoe_enrs04-ed3sw,LV,Latvia,2019,M,13572.0,,pupils
eurostat-educ_uoe_enrs04-ed3sw,LV,Latvia,2020,M,13514.0,,pupils
eurostat-educ_uoe_enrs04-ed3sw,LV,Latvia,2021,M,14188.0,,pupils
eurostat-educ_uoe_enrs04-ed3sw,LV,Latvia,2022,M,14620.0,,pupils
eurostat-educ_uoe_enrs04-ed3sw,LV,Latvia,2023,M,14908.0,,pupils
eurostat-educ_uoe_enrs04-ed3sw,LV,Latvia,2024,M,14801.0,,pupils
eurostat-educ_uoe_enrs04-ed3sw,ME,Montenegro,2016,M,0.0,,pupils
eurostat-educ_uoe_enrs04-ed3sw,ME,Montenegro,2017,M,0.0,,pupils
eurostat-educ_uoe_enrs04-ed3sw,MK,North Macedonia,2013,M,0.0,,pupils
eurostat-educ_uoe_enrs04-ed3sw,MK,North Macedonia,2014,M,0.0,,pupils
eurostat-educ_uoe_enrs04-ed3sw,MK,North Macedonia,2016,M,0.0,,pupils
eurostat-educ_uoe_enrs04-ed3sw,MK,North Macedonia,2017,M,0.0,,pupils
eurostat-educ_uoe_enrs04-ed3sw,MT,Malta,2013,M,562.0,,pupils
eurostat-educ_uoe_enrs04-ed3sw,MT,Malta,2014,M,634.0,,pupils
eurostat-educ_uoe_enrs04-ed3sw,MT,Malta,2015,M,628.0,,pupils
eurostat-educ_uoe_enrs04-ed3sw,MT,Malta,2016,M,933.0,,pupils
eurostat-educ_uoe_enrs04-ed3sw,MT,Malta,2017,M,1104.0,,pupils
eurostat-educ_uoe_enrs04-ed3sw,MT,Malta,2018,M,1152.0,,pupils
eurostat-educ_uoe_enrs04-ed3sw,MT,Malta,2019,M,1134.0,,pupils
eurostat-educ_uoe_enrs04-ed3sw,MT,Malta,2020,M,1404.0,,pupils
eurostat-educ_uoe_enrs04-ed3sw,MT,Malta,2021,M,1107.0,,pupils
eurostat-educ_uoe_enrs04-ed3sw,MT,Malta,2022,M,1268.0,,pupils
eurostat-educ_uoe_enrs04-ed3sw,MT,Malta,2023,M,1322.0,,pupils
eurostat-educ_uoe_enrs04-ed3sw,MT,Malta,2024,M,1464.0,,pupils
eurostat-educ_uoe_enrs04-ed3sw,NL,Netherlands,2005,M,75335.0,,pupils
eurostat-educ_uoe_enrs04-ed3sw,NL,Netherlands,2010,M,96170.0,,pupils
eurostat-educ_uoe_enrs04-ed3sw,NO,Norway,2005,M,20241.0,,pupils
eurostat-educ_uoe_enrs04-ed3sw,NO,Norway,2010,M,26229.0,,pupils
eurostat-educ_uoe_enrs04-ed3sw,NO,Norway,2013,M,27726.0,,pupils
eurostat-educ_uoe_enrs04-ed3sw,NO,Norway,2014,M,28620.0,,pupils
eurostat-educ_uoe_enrs04-ed3sw,NO,Norway,2015,M,29374.0,,pupils
eurostat-educ_uoe_enrs04-ed3sw,NO,Norway,2016,M,29831.0,,pupils
eurostat-educ_uoe_enrs04-ed3sw,NO,Norway,2017,M,58872.0,,pupils
eurostat-educ_uoe_enrs04-ed3sw,NO,Norway,2018,M,62477.0,,pupils
eurostat-educ_uoe_enrs04-ed3sw,NO,Norway,2019,M,65611.0,,pupils
eurostat-educ_uoe_enrs04-ed3sw,NO,Norway,2020,M,68739.0,,pupils
eurostat-educ_uoe_enrs04-ed3sw,NO,Norway,2021,M,67895.0,d,pupils
eurostat-educ_uoe_enrs04-ed3sw,NO,Norway,2022,M,72889.0,d,pupils
eurostat-educ_uoe_enrs04-ed3sw,NO,Norway,2023,M,74096.0,d,pupils
eurostat-educ_uoe_enrs04-ed3sw,NO,Norway,2024,M,72616.0,d,pupils
eurostat-educ_uoe_enrs04-ed3sw,PL,Poland,2015,M,69870.0,,pupils
eurostat-educ_uoe_enrs04-ed3sw,PL,Poland,2016,M,66982.0,,pupils
eurostat-educ_uoe_enrs04-ed3sw,PL,Poland,2017,M,64097.0,,pupils
eurostat-educ_uoe_enrs04-ed3sw,PL,Poland,2018,M,60379.0,,pupils
eurostat-educ_uoe_enrs04-ed3sw,PL,Poland,2019,M,53250.0,e,pupils
eurostat-educ_uoe_enrs04-ed3sw,PL,Poland,2020,M,72636.0,,pupils
eurostat-educ_uoe_enrs04-ed3sw,PL,Poland,2021,M,74977.0,,pupils
eurostat-educ_uoe_enrs04-ed3sw,PL,Poland,2022,M,77875.0,,pupils
eurostat-educ_uoe_enrs04-ed3sw,PL,Poland,2023,M,70419.0,,pupils
eurostat-educ_uoe_enrs04-ed3sw,PL,Poland,2024,M,77982.0,,pupils
eurostat-educ_uoe_enrs04-ed3sw,RO,Romania,2015,M,7605.0,,pupils
eurostat-educ_uoe_enrs04-ed3sw,RO,Romania,2016,M,19802.0,,pupils
eurostat-educ_uoe_enrs04-ed3sw,RO,Romania,2017,M,25492.0,,pupils
eurostat-educ_uoe_enrs04-ed3sw,RO,Romania,2018,M,20724.0,,pupils
eurostat-educ_uoe_enrs04-ed3sw,RO,Romania,2019,M,23525.0,,pupils
eurostat-educ_uoe_enrs04-ed3sw,RO,Romania,2020,M,29488.0,,pupils
eurostat-educ_uoe_enrs04-ed3sw,RO,Romania,2021,M,26667.0,,pupils
eurostat-educ_uoe_enrs04-ed3sw,RO,Romania,2022,M,26616.0,,pupils
eurostat-educ_uoe_enrs04-ed3sw,RO,Romania,2023,M,28250.0,,pupils
eurostat-educ_uoe_enrs04-ed3sw,RO,Romania,2024,M,23669.0,,pupils
eurostat-educ_uoe_enrs04-ed3sw,SE,Sweden,2010,M,4757.0,,pupils
eurostat-educ_uoe_enrs04-ed3sw,SE,Sweden,2013,M,3645.0,,pupils
eurostat-educ_uoe_enrs04-ed3sw,SE,Sweden,2014,M,3229.0,,pupils
eurostat-educ_uoe_enrs04-ed3sw,SE,Sweden,2015,M,4221.0,,pupils
eurostat-educ_uoe_enrs04-ed3sw,SE,Sweden,2016,M,5188.0,,pupils
eurostat-educ_uoe_enrs04-ed3sw,SE,Sweden,2017,M,5929.0,,pupils
eurostat-educ_uoe_enrs04-ed3sw,SE,Sweden,2018,M,6731.0,,pupils
eurostat-educ_uoe_enrs04-ed3sw,SE,Sweden,2019,M,8246.0,,pupils
eurostat-educ_uoe_enrs04-ed3sw,SE,Sweden,2020,M,9893.0,,pupils
eurostat-educ_uoe_enrs04-ed3sw,SE,Sweden,2021,M,10289.0,,pupils
eurostat-educ_uoe_enrs04-ed3sw,SE,Sweden,2022,M,10662.0,,pupils
eurostat-educ_uoe_enrs04-ed3sw,SE,Sweden,2023,M,10596.0,,pupils
eurostat-educ_uoe_enrs04-ed3sw,SE,Sweden,2024,M,10503.0,,pupils
eurostat-educ_uoe_enrs04-ed3sw,SK,Slovakia,2022,M,15722.0,,pupils
eurostat-educ_uoe_enrs04-ed3sw,SK,Slovakia,2023,M,22797.0,,pupils
eurostat-educ_uoe_enrs04-ed3sw,SK,Slovakia,2024,M,16917.0,,pupils
eurostat-educ_uoe_enrs04-ed3sw,UK,United Kingdom,2013,M,493641.0,,pupils
eurostat-educ_uoe_enrs04-ed3sw,UK,United Kingdom,2014,M,403152.0,,pupils
eurostat-educ_uoe_enrs04-ed3sw,UK,United Kingdom,2015,M,421233.0,,pupils
eurostat-educ_uoe_enrs04-ed3sw,UK,United Kingdom,2016,M,431546.0,,pupils
eurostat-educ_uoe_enrs04-ed3sw,UK,United Kingdom,2017,M,424295.0,,pupils
eurostat-educ_uoe_enrs04-ed3sw,UK,United Kingdom,2018,M,386527.0,,pupils
eurostat-educ_uoe_enrs04-ed3sw,UK,United Kingdom,2019,M,348437.0,,pupils
eurostat-educ_uoe_enrs04-ed3sw,AT,Austria,2005,T,124983.0,,pupils
eurostat-educ_uoe_enrs04-ed3sw,AT,Austria,2010,T,132540.0,,pupils
eurostat-educ_uoe_enrs04-ed3sw,AT,Austria,2013,T,124754.0,,pupils
eurostat-educ_uoe_enrs04-ed3sw,AT,Austria,2014,T,120873.0,,pupils
eurostat-educ_uoe_enrs04-ed3sw,AT,Austria,2015,T,116368.0,,pupils
eurostat-educ_uoe_enrs04-ed3sw,AT,Austria,2016,T,111046.0,,pupils
eurostat-educ_uoe_enrs04-ed3sw,AT,Austria,2017,T,108794.0,,pupils
eurostat-educ_uoe_enrs04-ed3sw,AT,Austria,2018,T,107688.0,,pupils
eurostat-educ_uoe_enrs04-ed3sw,AT,Austria,2019,T,117822.0,,pupils
eurostat-educ_uoe_enrs04-ed3sw,AT,Austria,2020,T,119889.0,,pupils
eurostat-educ_uoe_enrs04-ed3sw,AT,Austria,2021,T,120955.0,,pupils
eurostat-educ_uoe_enrs04-ed3sw,AT,Austria,2022,T,120372.0,,pupils
eurostat-educ_uoe_enrs04-ed3sw,AT,Austria,2023,T,120568.0,,pupils
eurostat-educ_uoe_enrs04-ed3sw,AT,Austria,2024,T,121996.0,,pupils
eurostat-educ_uoe_enrs04-ed3sw,BE,Belgium,2005,T,25620.0,,pupils
eurostat-educ_uoe_enrs04-ed3sw,BE,Belgium,2010,T,27093.0,,pupils
eurostat-educ_uoe_enrs04-ed3sw,BE,Belgium,2013,T,27493.0,,pupils
eurostat-educ_uoe_enrs04-ed3sw,BE,Belgium,2014,T,27331.0,,pupils
eurostat-educ_uoe_enrs04-ed3sw,BE,Belgium,2015,T,26658.0,,pupils
eurostat-educ_uoe_enrs04-ed3sw,BE,Belgium,2016,T,26848.0,,pupils
eurostat-educ_uoe_enrs04-ed3sw,BE,Belgium,2017,T,26061.0,,pupils
eurostat-educ_uoe_enrs04-ed3sw,BE,Belgium,2018,T,25548.0,,pupils
eurostat-educ_uoe_enrs04-ed3sw,BE,Belgium,2019,T,26328.0,,pupils
eurostat-educ_uoe_enrs04-ed3sw,BE,Belgium,2020,T,25116.0,,pupils
eurostat-educ_uoe_enrs04-ed3sw,BE,Belgium,2021,T,24994.0,,pupils
eurostat-educ_uoe_enrs04-ed3sw,BE,Belgium,2022,T,26189.0,,pupils
eurostat-educ_uoe_enrs04-ed3sw,BE,Belgium,2023,T,18290.0,,pupils
eurostat-educ_uoe_enrs04-ed3sw,BE,Belgium,2024,T,21393.0,,pupils
eurostat-educ_uoe_enrs04-ed3sw,BG,Bulgaria,2017,T,548.0,,pupils
eurostat-educ_uoe_enrs04-ed3sw,BG,Bulgaria,2018,T,1282.0,,pupils
eurostat-educ_uoe_enrs04-ed3sw,BG,Bulgaria,2019,T,2906.0,,pupils
eurostat-educ_uoe_enrs04-ed3sw,BG,Bulgaria,2020,T,4919.0,,pupils
eurostat-educ_uoe_enrs04-ed3sw,BG,Bulgaria,2021,T,7452.0,,pupils
eurostat-educ_uoe_enrs04-ed3sw,BG,Bulgaria,2022,T,10572.0,,pupils
eurostat-educ_uoe_enrs04-ed3sw,BG,Bulgaria,2023,T,11648.0,,pupils
eurostat-educ_uoe_enrs04-ed3sw,BG,Bulgaria,2024,T,11347.0,,pupils
eurostat-educ_uoe_enrs04-ed3sw,CH,Switzerland,2013,T,208649.0,,pupils
eurostat-educ_uoe_enrs04-ed3sw,CH,Switzerland,2014,T,207703.0,,pupils
eurostat-educ_uoe_enrs04-ed3sw,CH,Switzerland,2015,T,208306.0,,pupils
eurostat-educ_uoe_enrs04-ed3sw,CH,Switzerland,2016,T,205486.0,,pupils
eurostat-educ_uoe_enrs04-ed3sw,CH,Switzerland,2017,T,204413.0,,pupils
eurostat-educ_uoe_enrs04-ed3sw,CH,Switzerland,2018,T,202678.0,,pupils
eurostat-educ_uoe_enrs04-ed3sw,CH,Switzerland,2019,T,200041.0,,pupils
eurostat-educ_uoe_enrs04-ed3sw,CH,Switzerland,2020,T,197774.0,,pupils
eurostat-educ_uoe_enrs04-ed3sw,CH,Switzerland,2021,T,195385.0,,pupils
eurostat-educ_uoe_enrs04-ed3sw,CH,Switzerland,2022,T,195728.0,,pupils
eurostat-educ_uoe_enrs04-ed3sw,CH,Switzerland,2023,T,193180.0,,pupils
eurostat-educ_uoe_enrs04-ed3sw,CH,Switzerland,2024,T,193796.0,,pupils
eurostat-educ_uoe_enrs04-ed3sw,CZ,Czechia,2013,T,28449.0,,pupils
eurostat-educ_uoe_enrs04-ed3sw,CZ,Czechia,2014,T,26793.0,,pupils
eurostat-educ_uoe_enrs04-ed3sw,CZ,Czechia,2015,T,25738.0,,pupils
eurostat-educ_uoe_enrs04-ed3sw,CZ,Czechia,2016,T,25030.0,,pupils
eurostat-educ_uoe_enrs04-ed3sw,DE,Germany,2010,T,1222972.0,,pupils
eurostat-educ_uoe_enrs04-ed3sw,DE,Germany,2013,T,1054060.0,,pupils
eurostat-educ_uoe_enrs04-ed3sw,DE,Germany,2014,T,1064689.0,,pupils
eurostat-educ_uoe_enrs04-ed3sw,DE,Germany,2015,T,1034519.0,,pupils
eurostat-educ_uoe_enrs04-ed3sw,DE,Germany,2016,T,1030975.0,,pupils
eurostat-educ_uoe_enrs04-ed3sw,DE,Germany,2017,T,990748.0,,pupils
eurostat-educ_uoe_enrs04-ed3sw,DE,Germany,2018,T,1003415.0,,pupils
eurostat-educ_uoe_enrs04-ed3sw,DE,Germany,2019,T,1042418.0,,pupils
eurostat-educ_uoe_enrs04-ed3sw,DE,Germany,2020,T,1042725.0,,pupils
eurostat-educ_uoe_enrs04-ed3sw,DE,Germany,2021,T,996927.0,,pupils
eurostat-educ_uoe_enrs04-ed3sw,DE,Germany,2022,T,978601.0,,pupils
eurostat-educ_uoe_enrs04-ed3sw,DE,Germany,2023,T,969649.0,,pupils
eurostat-educ_uoe_enrs04-ed3sw,DE,Germany,2024,T,969163.0,,pupils
eurostat-educ_uoe_enrs04-ed3sw,DK,Denmark,2013,T,134155.0,,pupils
eurostat-educ_uoe_enrs04-ed3sw,DK,Denmark,2014,T,130876.0,,pupils
eurostat-educ_uoe_enrs04-ed3sw,DK,Denmark,2015,T,131947.0,,pupils
eurostat-educ_uoe_enrs04-ed3sw,DK,Denmark,2016,T,97661.0,,pupils
eurostat-educ_uoe_enrs04-ed3sw,DK,Denmark,2017,T,114682.0,,pupils
eurostat-educ_uoe_enrs04-ed3sw,DK,Denmark,2018,T,109573.0,,pupils
eurostat-educ_uoe_enrs04-ed3sw,DK,Denmark,2019,T,106253.0,,pupils
eurostat-educ_uoe_enrs04-ed3sw,DK,Denmark,2020,T,109510.0,,pupils
eurostat-educ_uoe_enrs04-ed3sw,DK,Denmark,2021,T,115729.0,,pupils
eurostat-educ_uoe_enrs04-ed3sw,DK,Denmark,2022,T,117445.0,,pupils
eurostat-educ_uoe_enrs04-ed3sw,DK,Denmark,2023,T,112409.0,,pupils
eurostat-educ_uoe_enrs04-ed3sw,DK,Denmark,2024,T,108913.0,,pupils
eurostat-educ_uoe_enrs04-ed3sw,EE,Estonia,2010,T,143.0,,pupils
eurostat-educ_uoe_enrs04-ed3sw,EE,Estonia,2013,T,101.0,,pupils
eurostat-educ_uoe_enrs04-ed3sw,EE,Estonia,2014,T,155.0,,pupils
eurostat-educ_uoe_enrs04-ed3sw,EE,Estonia,2015,T,198.0,,pupils
eurostat-educ_uoe_enrs04-ed3sw,EE,Estonia,2016,T,351.0,,pupils
eurostat-educ_uoe_enrs04-ed3sw,EE,Estonia,2017,T,901.0,,pupils
eurostat-educ_uoe_enrs04-ed3sw,EE,Estonia,2018,T,1164.0,,pupils
eurostat-educ_uoe_enrs04-ed3sw,EE,Estonia,2019,T,1203.0,,pupils
eurostat-educ_uoe_enrs04-ed3sw,EE,Estonia,2020,T,1320.0,,pupils
eurostat-educ_uoe_enrs04-ed3sw,EE,Estonia,2021,T,1556.0,,pupils
eurostat-educ_uoe_enrs04-ed3sw,EE,Estonia,2022,T,1180.0,,pupils
eurostat-educ_uoe_enrs04-ed3sw,EE,Estonia,2023,T,967.0,,pupils
eurostat-educ_uoe_enrs04-ed3sw,EE,Estonia,2024,T,882.0,,pupils
eurostat-educ_uoe_enrs04-ed3sw,EL,Greece,2013,T,11451.0,,pupils
eurostat-educ_uoe_enrs04-ed3sw,EL,Greece,2014,T,11660.0,,pupils
eurostat-educ_uoe_enrs04-ed3sw,ES,Spain,2014,T,7292.0,,pupils
eurostat-educ_uoe_enrs04-ed3sw,ES,Spain,2015,T,7271.0,,pupils
eurostat-educ_uoe_enrs04-ed3sw,ES,Spain,2016,T,11746.0,,pupils
eurostat-educ_uoe_enrs04-ed3sw,ES,Spain,2017,T,16348.0,,pupils
eurostat-educ_uoe_enrs04-ed3sw,ES,Spain,2018,T,17320.0,,pupils
eurostat-educ_uoe_enrs04-ed3sw,ES,Spain,2019,T,15451.0,,pupils
eurostat-educ_uoe_enrs04-ed3sw,ES,Spain,2020,T,12155.0,,pupils
eurostat-educ_uoe_enrs04-ed3sw,ES,Spain,2021,T,17258.0,,pupils
eurostat-educ_uoe_enrs04-ed3sw,ES,Spain,2022,T,19299.0,,pupils
eurostat-educ_uoe_enrs04-ed3sw,ES,Spain,2023,T,19299.0,,pupils
eurostat-educ_uoe_enrs04-ed3sw,ES,Spain,2024,T,31703.0,,pupils
eurostat-educ_uoe_enrs04-ed3sw,EU27,European Union (27),2015,T,1921410.0,d,pupils
eurostat-educ_uoe_enrs04-ed3sw,EU27,European Union (27),2016,T,1879995.0,d,pupils
eurostat-educ_uoe_enrs04-ed3sw,EU27,European Union (27),2017,T,1867507.0,d,pupils
eurostat-educ_uoe_enrs04-ed3sw,EU27,European Union (27),2018,T,2003981.0,d,pupils
eurostat-educ_uoe_enrs04-ed3sw,EU27,European Union (27),2019,T,2051701.0,d,pupils
eurostat-educ_uoe_enrs04-ed3sw,EU27,European Union (27),2020,T,2117325.0,d,pupils
eurostat-educ_uoe_enrs04-ed3sw,EU27,European Union (27),2021,T,2121941.0,d,pupils
eurostat-educ_uoe_enrs04-ed3sw,EU27,European Union (27),2022,T,2198480.0,d,pupils
eurostat-educ_uoe_enrs04-ed3sw,EU27,European Union (27),2023,T,2200012.0,d,pupils
eurostat-educ_uoe_enrs04-ed3sw,EU27,European Union (27),2024,T,2262565.0,d,pupils
eurostat-educ_uoe_enrs04-ed3sw,FI,Finland,2005,T,34911.0,,pupils
eurostat-educ_uoe_enrs04-ed3sw,FI,Finland,2010,T,49520.0,,pupils
eurostat-educ_uoe_enrs04-ed3sw,FI,Finland,2013,T,38596.0,,pupils
eurostat-educ_uoe_enrs04-ed3sw,FI,Finland,2014,T,36477.0,,pupils
eurostat-educ_uoe_enrs04-ed3sw,FI,Finland,2015,T,34945.0,,pupils
eurostat-educ_uoe_enrs04-ed3sw,FI,Finland,2016,T,33339.0,,pupils
eurostat-educ_uoe_enrs04-ed3sw,FI,Finland,2017,T,34377.0,,pupils
eurostat-educ_uoe_enrs04-ed3sw,FI,Finland,2018,T,36873.0,,pupils
eurostat-educ_uoe_enrs04-ed3sw,FI,Finland,2019,T,41529.0,,pupils
eurostat-educ_uoe_enrs04-ed3sw,FI,Finland,2020,T,41028.0,,pupils
eurostat-educ_uoe_enrs04-ed3sw,FI,Finland,2021,T,36219.0,,pupils
eurostat-educ_uoe_enrs04-ed3sw,FI,Finland,2022,T,45541.0,,pupils
eurostat-educ_uoe_enrs04-ed3sw,FI,Finland,2023,T,53893.0,,pupils
eurostat-educ_uoe_enrs04-ed3sw,FI,Finland,2024,T,57699.0,,pupils
eurostat-educ_uoe_enrs04-ed3sw,FR,France,2005,T,305897.0,,pupils
eurostat-educ_uoe_enrs04-ed3sw,FR,France,2010,T,321393.0,,pupils
eurostat-educ_uoe_enrs04-ed3sw,FR,France,2013,T,302228.0,,pupils
eurostat-educ_uoe_enrs04-ed3sw,FR,France,2014,T,285952.0,,pupils
eurostat-educ_uoe_enrs04-ed3sw,FR,France,2015,T,267002.0,,pupils
eurostat-educ_uoe_enrs04-ed3sw,FR,France,2016,T,261117.0,,pupils
eurostat-educ_uoe_enrs04-ed3sw,FR,France,2017,T,259755.0,,pupils
eurostat-educ_uoe_enrs04-ed3sw,FR,France,2018,T,263578.0,,pupils
eurostat-educ_uoe_enrs04-ed3sw,FR,France,2019,T,268299.0,,pupils
eurostat-educ_uoe_enrs04-ed3sw,FR,France,2020,T,274926.0,,pupils
eurostat-educ_uoe_enrs04-ed3sw,FR,France,2021,T,306279.0,,pupils
eurostat-educ_uoe_enrs04-ed3sw,FR,France,2022,T,354335.0,,pupils
eurostat-educ_uoe_enrs04-ed3sw,FR,France,2023,T,377306.0,,pupils
eurostat-educ_uoe_enrs04-ed3sw,FR,France,2024,T,385604.0,,pupils
eurostat-educ_uoe_enrs04-ed3sw,HU,Hungary,2010,T,83287.0,,pupils
eurostat-educ_uoe_enrs04-ed3sw,HU,Hungary,2013,T,97281.0,,pupils
eurostat-educ_uoe_enrs04-ed3sw,HU,Hungary,2014,T,107290.0,,pupils
eurostat-educ_uoe_enrs04-ed3sw,HU,Hungary,2015,T,102305.0,,pupils
eurostat-educ_uoe_enrs04-ed3sw,HU,Hungary,2016,T,90490.0,,pupils
eurostat-educ_uoe_enrs04-ed3sw,HU,Hungary,2017,T,97724.0,,pupils
eurostat-educ_uoe_enrs04-ed3sw,HU,Hungary,2018,T,158318.0,,pupils
eurostat-educ_uoe_enrs04-ed3sw,HU,Hungary,2019,T,180373.0,,pupils
eurostat-educ_uoe_enrs04-ed3sw,HU,Hungary,2020,T,202472.0,,pupils
eurostat-educ_uoe_enrs04-ed3sw,HU,Hungary,2021,T,195415.0,,pupils
eurostat-educ_uoe_enrs04-ed3sw,HU,Hungary,2022,T,226923.0,,pupils
eurostat-educ_uoe_enrs04-ed3sw,HU,Hungary,2023,T,221378.0,,pupils
eurostat-educ_uoe_enrs04-ed3sw,HU,Hungary,2024,T,241387.0,,pupils
eurostat-educ_uoe_enrs04-ed3sw,IE,Ireland,2005,T,5623.0,,pupils
eurostat-educ_uoe_enrs04-ed3sw,IE,Ireland,2010,T,7951.0,,pupils
eurostat-educ_uoe_enrs04-ed3sw,IE,Ireland,2017,T,19280.0,,pupils
eurostat-educ_uoe_enrs04-ed3sw,IE,Ireland,2018,T,91001.0,d,pupils
eurostat-educ_uoe_enrs04-ed3sw,IE,Ireland,2019,T,64234.0,,pupils
eurostat-educ_uoe_enrs04-ed3sw,IE,Ireland,2020,T,54959.0,,pupils
eurostat-educ_uoe_enrs04-ed3sw,IE,Ireland,2021,T,55079.0,,pupils
eurostat-educ_uoe_enrs04-ed3sw,IE,Ireland,2022,T,47902.0,,pupils
eurostat-educ_uoe_enrs04-ed3sw,IE,Ireland,2023,T,53004.0,,pupils
eurostat-educ_uoe_enrs04-ed3sw,IE,Ireland,2024,T,61015.0,,pupils
eurostat-educ_uoe_enrs04-ed3sw,IS,Iceland,2013,T,3426.0,,pupils
eurostat-educ_uoe_enrs04-ed3sw,IS,Iceland,2014,T,3425.0,,pupils
eurostat-educ_uoe_enrs04-ed3sw,IS,Iceland,2015,T,3362.0,,pupils
eurostat-educ_uoe_enrs04-ed3sw,IS,Iceland,2016,T,3388.0,,pupils
eurostat-educ_uoe_enrs04-ed3sw,IS,Iceland,2017,T,3408.0,,pupils
eurostat-educ_uoe_enrs04-ed3sw,IS,Iceland,2018,T,3511.0,,pupils
eurostat-educ_uoe_enrs04-ed3sw,IS,Iceland,2019,T,3735.0,,pupils
eurostat-educ_uoe_enrs04-ed3sw,IS,Iceland,2020,T,4003.0,,pupils
eurostat-educ_uoe_enrs04-ed3sw,IS,Iceland,2021,T,4710.0,,pupils
eurostat-educ_uoe_enrs04-ed3sw,IS,Iceland,2022,T,4890.0,,pupils
eurostat-educ_uoe_enrs04-ed3sw,IS,Iceland,2023,T,4775.0,,pupils
eurostat-educ_uoe_enrs04-ed3sw,IS,Iceland,2024,T,4797.0,,pupils
eurostat-educ_uoe_enrs04-ed3sw,IT,Italy,2013,T,0.0,,pupils
eurostat-educ_uoe_enrs04-ed3sw,LI,Liechtenstein,2013,T,1190.0,,pupils
eurostat-educ_uoe_enrs04-ed3sw,LI,Liechtenstein,2014,T,1195.0,,pupils
eurostat-educ_uoe_enrs04-ed3sw,LI,Liechtenstein,2015,T,1183.0,,pupils
eurostat-educ_uoe_enrs04-ed3sw,LI,Liechtenstein,2016,T,1151.0,,pupils
eurostat-educ_uoe_enrs04-ed3sw,LI,Liechtenstein,2017,T,1120.0,,pupils
eurostat-educ_uoe_enrs04-ed3sw,LI,Liechtenstein,2018,T,1042.0,,pupils
eurostat-educ_uoe_enrs04-ed3sw,LI,Liechtenstein,2019,T,1106.0,,pupils
eurostat-educ_uoe_enrs04-ed3sw,LI,Liechtenstein,2020,T,1102.0,,pupils
eurostat-educ_uoe_enrs04-ed3sw,LI,Liechtenstein,2021,T,1099.0,,pupils
eurostat-educ_uoe_enrs04-ed3sw,LI,Liechtenstein,2022,T,1084.0,,pupils
eurostat-educ_uoe_enrs04-ed3sw,LU,Luxembourg,2013,T,3403.0,,pupils
eurostat-educ_uoe_enrs04-ed3sw,LU,Luxembourg,2014,T,3376.0,,pupils
eurostat-educ_uoe_enrs04-ed3sw,LU,Luxembourg,2015,T,3445.0,,pupils
eurostat-educ_uoe_enrs04-ed3sw,LU,Luxembourg,2016,T,3383.0,,pupils
eurostat-educ_uoe_enrs04-ed3sw,LU,Luxembourg,2017,T,3518.0,,pupils
eurostat-educ_uoe_enrs04-ed3sw,LU,Luxembourg,2018,T,3570.0,,pupils
eurostat-educ_uoe_enrs04-ed3sw,LU,Luxembourg,2019,T,3495.0,,pupils
eurostat-educ_uoe_enrs04-ed3sw,LU,Luxembourg,2020,T,3571.0,,pupils
eurostat-educ_uoe_enrs04-ed3sw,LU,Luxembourg,2021,T,3448.0,,pupils
eurostat-educ_uoe_enrs04-ed3sw,LU,Luxembourg,2022,T,3472.0,,pupils
eurostat-educ_uoe_enrs04-ed3sw,LU,Luxembourg,2023,T,3379.0,,pupils
eurostat-educ_uoe_enrs04-ed3sw,LU,Luxembourg,2024,T,3459.0,,pupils
eurostat-educ_uoe_enrs04-ed3sw,LV,Latvia,2005,T,39086.0,,pupils
eurostat-educ_uoe_enrs04-ed3sw,LV,Latvia,2010,T,34206.0,,pupils
eurostat-educ_uoe_enrs04-ed3sw,LV,Latvia,2013,T,27992.0,,pupils
eurostat-educ_uoe_enrs04-ed3sw,LV,Latvia,2014,T,26464.0,,pupils
eurostat-educ_uoe_enrs04-ed3sw,LV,Latvia,2015,T,24847.0,,pupils
eurostat-educ_uoe_enrs04-ed3sw,LV,Latvia,2016,T,23010.0,,pupils
eurostat-educ_uoe_enrs04-ed3sw,LV,Latvia,2017,T,23591.0,,pupils
eurostat-educ_uoe_enrs04-ed3sw,LV,Latvia,2018,T,23646.0,,pupils
eurostat-educ_uoe_enrs04-ed3sw,LV,Latvia,2019,T,23523.0,,pupils
eurostat-educ_uoe_enrs04-ed3sw,LV,Latvia,2020,T,23295.0,,pupils
eurostat-educ_uoe_enrs04-ed3sw,LV,Latvia,2021,T,24120.0,,pupils
eurostat-educ_uoe_enrs04-ed3sw,LV,Latvia,2022,T,24885.0,,pupils
eurostat-educ_uoe_enrs04-ed3sw,LV,Latvia,2023,T,25129.0,,pupils
eurostat-educ_uoe_enrs04-ed3sw,LV,Latvia,2024,T,25146.0,,pupils
eurostat-educ_uoe_enrs04-ed3sw,ME,Montenegro,2016,T,0.0,,pupils
eurostat-educ_uoe_enrs04-ed3sw,ME,Montenegro,2017,T,0.0,,pupils
eurostat-educ_uoe_enrs04-ed3sw,MK,North Macedonia,2013,T,0.0,,pupils
eurostat-educ_uoe_enrs04-ed3sw,MK,North Macedonia,2014,T,0.0,,pupils
eurostat-educ_uoe_enrs04-ed3sw,MK,North Macedonia,2016,T,0.0,,pupils
eurostat-educ_uoe_enrs04-ed3sw,MK,North Macedonia,2017,T,0.0,,pupils
eurostat-educ_uoe_enrs04-ed3sw,MT,Malta,2013,T,639.0,,pupils
eurostat-educ_uoe_enrs04-ed3sw,MT,Malta,2014,T,826.0,,pupils
eurostat-educ_uoe_enrs04-ed3sw,MT,Malta,2015,T,930.0,,pupils
eurostat-educ_uoe_enrs04-ed3sw,MT,Malta,2016,T,1249.0,,pupils
eurostat-educ_uoe_enrs04-ed3sw,MT,Malta,2017,T,1552.0,,pupils
eurostat-educ_uoe_enrs04-ed3sw,MT,Malta,2018,T,1828.0,,pupils
eurostat-educ_uoe_enrs04-ed3sw,MT,Malta,2019,T,1933.0,,pupils
eurostat-educ_uoe_enrs04-ed3sw,MT,Malta,2020,T,3065.0,,pupils
eurostat-educ_uoe_enrs04-ed3sw,MT,Malta,2021,T,1912.0,,pupils
eurostat-educ_uoe_enrs04-ed3sw,MT,Malta,2022,T,2124.0,,pupils
eurostat-educ_uoe_enrs04-ed3sw,MT,Malta,2023,T,2280.0,,pupils
eurostat-educ_uoe_enrs04-ed3sw,MT,Malta,2024,T,2470.0,,pupils
eurostat-educ_uoe_enrs04-ed3sw,NL,Netherlands,2005,T,119550.0,,pupils
eurostat-educ_uoe_enrs04-ed3sw,NL,Netherlands,2010,T,153800.0,,pupils
eurostat-educ_uoe_enrs04-ed3sw,NO,Norway,2005,T,28870.0,,pupils
eurostat-educ_uoe_enrs04-ed3sw,NO,Norway,2010,T,37145.0,,pupils
eurostat-educ_uoe_enrs04-ed3sw,NO,Norway,2013,T,38751.0,,pupils
eurostat-educ_uoe_enrs04-ed3sw,NO,Norway,2014,T,39594.0,,pupils
eurostat-educ_uoe_enrs04-ed3sw,NO,Norway,2015,T,40802.0,,pupils
eurostat-educ_uoe_enrs04-ed3sw,NO,Norway,2016,T,41789.0,,pupils
eurostat-educ_uoe_enrs04-ed3sw,NO,Norway,2017,T,84366.0,,pupils
eurostat-educ_uoe_enrs04-ed3sw,NO,Norway,2018,T,89187.0,,pupils
eurostat-educ_uoe_enrs04-ed3sw,NO,Norway,2019,T,92291.0,,pupils
eurostat-educ_uoe_enrs04-ed3sw,NO,Norway,2020,T,96251.0,,pupils
eurostat-educ_uoe_enrs04-ed3sw,NO,Norway,2021,T,95106.0,d,pupils
eurostat-educ_uoe_enrs04-ed3sw,NO,Norway,2022,T,102933.0,d,pupils
eurostat-educ_uoe_enrs04-ed3sw,NO,Norway,2023,T,104627.0,d,pupils
eurostat-educ_uoe_enrs04-ed3sw,NO,Norway,2024,T,103036.0,d,pupils
eurostat-educ_uoe_enrs04-ed3sw,PL,Poland,2005,T,137894.0,,pupils
eurostat-educ_uoe_enrs04-ed3sw,PL,Poland,2010,T,117305.0,,pupils
eurostat-educ_uoe_enrs04-ed3sw,PL,Poland,2015,T,113368.0,,pupils
eurostat-educ_uoe_enrs04-ed3sw,PL,Poland,2016,T,108392.0,,pupils
eurostat-educ_uoe_enrs04-ed3sw,PL,Poland,2017,T,101881.0,,pupils
eurostat-educ_uoe_enrs04-ed3sw,PL,Poland,2018,T,96798.0,,pupils
eurostat-educ_uoe_enrs04-ed3sw,PL,Poland,2019,T,85336.0,e,pupils
eurostat-educ_uoe_enrs04-ed3sw,PL,Poland,2020,T,115085.0,,pupils
eurostat-educ_uoe_enrs04-ed3sw,PL,Poland,2021,T,119927.0,,pupils
eurostat-educ_uoe_enrs04-ed3sw,PL,Poland,2022,T,124684.0,,pupils
eurostat-educ_uoe_enrs04-ed3sw,PL,Poland,2023,T,113605.0,,pupils
eurostat-educ_uoe_enrs04-ed3sw,PL,Poland,2024,T,126401.0,,pupils
eurostat-educ_uoe_enrs04-ed3sw,RO,Romania,2015,T,12358.0,,pupils
eurostat-educ_uoe_enrs04-ed3sw,RO,Romania,2016,T,32909.0,,pupils
eurostat-educ_uoe_enrs04-ed3sw,RO,Romania,2017,T,42604.0,,pupils
eurostat-educ_uoe_enrs04-ed3sw,RO,Romania,2018,T,34579.0,,pupils
eurostat-educ_uoe_enrs04-ed3sw,RO,Romania,2019,T,39963.0,,pupils
eurostat-educ_uoe_enrs04-ed3sw,RO,Romania,2020,T,48388.0,,pupils
eurostat-educ_uoe_enrs04-ed3sw,RO,Romania,2021,T,44964.0,,pupils
eurostat-educ_uoe_enrs04-ed3sw,RO,Romania,2022,T,45201.0,,pupils
eurostat-educ_uoe_enrs04-ed3sw,RO,Romania,2023,T,47308.0,,pupils
eurostat-educ_uoe_enrs04-ed3sw,RO,Romania,2024,T,42110.0,,pupils
eurostat-educ_uoe_enrs04-ed3sw,SE,Sweden,2010,T,7399.0,,pupils
eurostat-educ_uoe_enrs04-ed3sw,SE,Sweden,2013,T,6105.0,,pupils
eurostat-educ_uoe_enrs04-ed3sw,SE,Sweden,2014,T,5584.0,,pupils
eurostat-educ_uoe_enrs04-ed3sw,SE,Sweden,2015,T,6961.0,,pupils
eurostat-educ_uoe_enrs04-ed3sw,SE,Sweden,2016,T,8291.0,,pupils
eurostat-educ_uoe_enrs04-ed3sw,SE,Sweden,2017,T,9622.0,,pupils
eurostat-educ_uoe_enrs04-ed3sw,SE,Sweden,2018,T,10858.0,,pupils
eurostat-educ_uoe_enrs04-ed3sw,SE,Sweden,2019,T,13201.0,,pupils
eurostat-educ_uoe_enrs04-ed3sw,SE,Sweden,2020,T,15614.0,,pupils
eurostat-educ_uoe_enrs04-ed3sw,SE,Sweden,2021,T,16534.0,,pupils
eurostat-educ_uoe_enrs04-ed3sw,SE,Sweden,2022,T,17282.0,,pupils
eurostat-educ_uoe_enrs04-ed3sw,SE,Sweden,2023,T,17214.0,,pupils
eurostat-educ_uoe_enrs04-ed3sw,SE,Sweden,2024,T,17412.0,,pupils
eurostat-educ_uoe_enrs04-ed3sw,SI,Slovenia,2005,T,4366.0,,pupils
eurostat-educ_uoe_enrs04-ed3sw,SI,Slovenia,2010,T,260.0,,pupils
eurostat-educ_uoe_enrs04-ed3sw,SK,Slovakia,2013,T,10578.0,,pupils
eurostat-educ_uoe_enrs04-ed3sw,SK,Slovakia,2014,T,11472.0,,pupils
eurostat-educ_uoe_enrs04-ed3sw,SK,Slovakia,2015,T,12550.0,,pupils
eurostat-educ_uoe_enrs04-ed3sw,SK,Slovakia,2016,T,14158.0,,pupils
eurostat-educ_uoe_enrs04-ed3sw,SK,Slovakia,2017,T,15521.0,,pupils
eurostat-educ_uoe_enrs04-ed3sw,SK,Slovakia,2018,T,16943.0,,pupils
eurostat-educ_uoe_enrs04-ed3sw,SK,Slovakia,2019,T,17434.0,,pupils
eurostat-educ_uoe_enrs04-ed3sw,SK,Slovakia,2020,T,19288.0,,pupils
eurostat-educ_uoe_enrs04-ed3sw,SK,Slovakia,2021,T,33173.0,,pupils
eurostat-educ_uoe_enrs04-ed3sw,SK,Slovakia,2022,T,32473.0,,pupils
eurostat-educ_uoe_enrs04-ed3sw,SK,Slovakia,2023,T,32686.0,,pupils
eurostat-educ_uoe_enrs04-ed3sw,SK,Slovakia,2024,T,34466.0,,pupils
eurostat-educ_uoe_enrs04-ed3sw,UK,United Kingdom,2013,T,1036807.0,,pupils
eurostat-educ_uoe_enrs04-ed3sw,UK,United Kingdom,2014,T,834075.0,,pupils
eurostat-educ_uoe_enrs04-ed3sw,UK,United Kingdom,2015,T,854211.0,,pupils
eurostat-educ_uoe_enrs04-ed3sw,UK,United Kingdom,2016,T,867914.0,,pupils
eurostat-educ_uoe_enrs04-ed3sw,UK,United Kingdom,2017,T,854808.0,,pupils
eurostat-educ_uoe_enrs04-ed3sw,UK,United Kingdom,2018,T,750207.0,,pupils
eurostat-educ_uoe_enrs04-ed3sw,UK,United Kingdom,2019,T,648116.0,,pupils
