indicator,geo,geo_name,time,size_emp,value,flag,unit
eurostat-trng_cvt_34s,AT,Austria,2005,10-49,46.5,,% of enterprises
eurostat-trng_cvt_34s,AT,Austria,2010,10-49,44.0,b,% of enterprises
eurostat-trng_cvt_34s,AT,Austria,2015,10-49,40.9,b,% of enterprises
eurostat-trng_cvt_34s,AT,Austria,2020,10-49,40.2,,% of enterprises
eurostat-trng_cvt_34s,BE,Belgium,2005,10-49,8.5,,% of enterprises
eurostat-trng_cvt_34s,BE,Belgium,2010,10-49,15.5,b,% of enterprises
eurostat-trng_cvt_34s,BE,Belgium,2015,10-49,16.3,b,% of enterprises
eurostat-trng_cvt_34s,BE,Belgium,2020,10-49,16.9,,% of enterprises
eurostat-trng_cvt_34s,BG,Bulgaria,2005,10-49,3.1,,% of enterprises
eurostat-trng_cvt_34s,BG,Bulgaria,2010,10-49,4.8,b,% of enterprises
eurostat-trng_cvt_34s,BG,Bulgaria,2015,10-49,7.0,b,% of enterprises
eurostat-trng_cvt_34s,BG,Bulgaria,2020,10-49,3.2,,% of enterprises
eurostat-trng_cvt_34s,CY,Cyprus,2005,10-49,0.8,,% of enterprises
eurostat-trng_cvt_34s,CY,Cyprus,2010,10-49,4.2,b,% of enterprises
eurostat-trng_cvt_34s,CY,Cyprus,2015,10-49,8.1,b,% of enterprises
eurostat-trng_cvt_34s,CY,Cyprus,2020,10-49,14.1,,% of enterprises
eurostat-trng_cvt_34s,CZ,Czechia,2005,10-49,1.3,,% of enterprises
eurostat-trng_cvt_34s,CZ,Czechia,2010,10-49,3.8,b,% of enterprises
eurostat-trng_cvt_34s,CZ,Czechia,2015,10-49,21.1,b,% of enterprises
eurostat-trng_cvt_34s,CZ,Czechia,2020,10-49,22.4,,% of enterprises
eurostat-trng_cvt_34s,DE,Germany,2005,10-49,50.9,,% of enterprises
eurostat-trng_cvt_34s,DE,Germany,2010,10-49,58.1,b,% of enterprises
eurostat-trng_cvt_34s,DE,Germany,2015,10-49,59.0,b,% of enterprises
eurostat-trng_cvt_34s,DE,Germany,2020,10-49,52.9,,% of enterprises
eurostat-trng_cvt_34s,DK,Denmark,2005,10-49,41.5,,% of enterprises
eurostat-trng_cvt_34s,DK,Denmark,2010,10-49,46.4,b,% of enterprises
eurostat-trng_cvt_34s,DK,Denmark,2015,10-49,32.6,b,% of enterprises
eurostat-trng_cvt_34s,DK,Denmark,2020,10-49,33.9,,% of enterprises
eurostat-trng_cvt_34s,EE,Estonia,2005,10-49,0.8,,% of enterprises
eurostat-trng_cvt_34s,EE,Estonia,2010,10-49,14.4,b,% of enterprises
eurostat-trng_cvt_34s,EE,Estonia,2015,10-49,18.4,b,% of enterprises
eurostat-trng_cvt_34s,EE,Estonia,2020,10-49,12.0,,% of enterprises
eurostat-trng_cvt_34s,EL,Greece,2005,10-49,1.8,,% of enterprises
eurostat-trng_cvt_34s,EL,Greece,2010,10-49,6.2,b,% of enterprises
eurostat-trng_cvt_34s,EL,Greece,2015,10-49,8.5,b,% of enterprises
eurostat-trng_cvt_34s,EL,Greece,2020,10-49,5.3,,% of enterprises
eurostat-trng_cvt_34s,ES,Spain,2005,10-49,12.7,,% of enterprises
eurostat-trng_cvt_34s,ES,Spain,2010,10-49,6.8,b,% of enterprises
eurostat-trng_cvt_34s,ES,Spain,2015,10-49,12.6,b,% of enterprises
eurostat-trng_cvt_34s,ES,Spain,2020,10-49,9.5,,% of enterprises
eurostat-trng_cvt_34s,EU27,European Union (27),2005,10-49,26.2,,% of enterprises
eurostat-trng_cvt_34s,EU27,European Union (27),2010,10-49,23.3,b,% of enterprises
eurostat-trng_cvt_34s,EU27,European Union (27),2015,10-49,27.6,b,% of enterprises
eurostat-trng_cvt_34s,EU27,European Union (27),2020,10-49,29.3,,% of enterprises
eurostat-trng_cvt_34s,FI,Finland,2005,10-49,15.6,,% of enterprises
eurostat-trng_cvt_34s,FI,Finland,2010,10-49,17.5,b,% of enterprises
eurostat-trng_cvt_34s,FI,Finland,2015,10-49,14.1,b,% of enterprises
eurostat-trng_cvt_34s,FI,Finland,2020,10-49,15.5,,% of enterprises
eurostat-trng_cvt_34s,FR,France,2005,10-49,33.6,,% of enterprises
eurostat-trng_cvt_34s,FR,France,2010,10-49,22.1,b,% of enterprises
eurostat-trng_cvt_34s,FR,France,2015,10-49,28.7,b,% of enterprises
eurostat-trng_cvt_34s,FR,France,2020,10-49,43.9,,% of enterprises
eurostat-trng_cvt_34s,HR,Croatia,2010,10-49,12.9,b,% of enterprises
eurostat-trng_cvt_34s,HR,Croatia,2015,10-49,12.5,b,% of enterprises
eurostat-trng_cvt_34s,HR,Croatia,2020,10-49,9.1,,% of enterprises
eurostat-trng_cvt_34s,HU,Hungary,2005,10-49,4.8,,% of enterprises
eurostat-trng_cvt_34s,HU,Hungary,2010,10-49,8.5,b,% of enterprises
eurostat-trng_cvt_34s,HU,Hungary,2015,10-49,11.8,b,% of enterprises
eurostat-trng_cvt_34s,HU,Hungary,2020,10-49,8.3,,% of enterprises
eurostat-trng_cvt_34s,IE,Ireland,2005,10-49,23.0,,% of enterprises
eurostat-trng_cvt_34s,IE,Ireland,2015,10-49,15.1,b,% of enterprises
eurostat-trng_cvt_34s,IE,Ireland,2020,10-49,16.5,,% of enterprises
eurostat-trng_cvt_34s,IT,Italy,2005,10-49,39.8,,% of enterprises
eurostat-trng_cvt_34s,IT,Italy,2010,10-49,32.4,b,% of enterprises
eurostat-trng_cvt_34s,IT,Italy,2015,10-49,30.4,b,% of enterprises
eurostat-trng_cvt_34s,IT,Italy,2020,10-49,40.5,,% of enterprises
eurostat-trng_cvt_34s,LT,Lithuania,2005,10-49,12.1,,% of enterprises
eurostat-trng_cvt_34s,LT,Lithuania,2010,10-49,0.5,b,% of enterprises
eurostat-trng_cvt_34s,LT,Lithuania,2015,10-49,1.4,b,% of enterprises
eurostat-trng_cvt_34s,LT,Lithuania,2020,10-49,1.9,,% of enterprises
eurostat-trng_cvt_34s,LU,Luxembourg,2005,10-49,25.9,,% of enterprises
eurostat-trng_cvt_34s,LU,Luxembourg,2010,10-49,22.2,b,% of enterprises
eurostat-trng_cvt_34s,LU,Luxembourg,2015,10-49,20.7,b,% of enterprises
eurostat-trng_cvt_34s,LU,Luxembourg,2020,10-49,20.9,,% of enterprises
eurostat-trng_cvt_34s,LV,Latvia,2005,10-49,4.1,,% of enterprises
eurostat-trng_cvt_34s,LV,Latvia,2010,10-49,3.5,b,% of enterprises
eurostat-trng_cvt_34s,LV,Latvia,2015,10-49,6.1,b,% of enterprises
eurostat-trng_cvt_34s,LV,Latvia,2020,10-49,8.7,,% of enterprises
eurostat-trng_cvt_34s,MK,North Macedonia,2015,10-49,9.7,b,% of enterprises
eurostat-trng_cvt_34s,MK,North Macedonia,2020,10-49,9.3,,% of enterprises
eurostat-trng_cvt_34s,MT,Malta,2005,10-49,9.2,,% of enterprises
eurostat-trng_cvt_34s,MT,Malta,2010,10-49,13.4,b,% of enterprises
eurostat-trng_cvt_34s,MT,Malta,2015,10-49,12.9,b,% of enterprises
eurostat-trng_cvt_34s,MT,Malta,2020,10-49,13.7,,% of enterprises
eurostat-trng_cvt_34s,NL,Netherlands,2005,10-49,40.4,,% of enterprises
eurostat-trng_cvt_34s,NL,Netherlands,2010,10-49,29.8,b,% of enterprises
eurostat-trng_cvt_34s,NL,Netherlands,2015,10-49,46.7,b,% of enterprises
eurostat-trng_cvt_34s,NL,Netherlands,2020,10-49,37.4,,% of enterprises
eurostat-trng_cvt_34s,NO,Norway,2005,10-49,21.2,,% of enterprises
eurostat-trng_cvt_34s,NO,Norway,2010,10-49,29.1,b,% of enterprises
eurostat-trng_cvt_34s,NO,Norway,2015,10-49,24.2,b,% of enterprises
eurostat-trng_cvt_34s,NO,Norway,2020,10-49,32.0,,% of enterprises
eurostat-trng_cvt_34s,PL,Poland,2005,10-49,8.3,,% of enterprises
eurostat-trng_cvt_34s,PL,Poland,2010,10-49,4.3,b,% of enterprises
eurostat-trng_cvt_34s,PL,Poland,2015,10-49,7.3,b,% of enterprises
eurostat-trng_cvt_34s,PL,Poland,2020,10-49,5.9,,% of enterprises
eurostat-trng_cvt_34s,PT,Portugal,2005,10-49,4.0,,% of enterprises
eurostat-trng_cvt_34s,PT,Portugal,2010,10-49,11.5,b,% of enterprises
eurostat-trng_cvt_34s,PT,Portugal,2015,10-49,13.8,b,% of enterprises
eurostat-trng_cvt_34s,PT,Portugal,2020,10-49,17.8,,% of enterprises
eurostat-trng_cvt_34s,RO,Romania,2005,10-49,0.9,,% of enterprises
eurostat-trng_cvt_34s,RO,Romania,2010,10-49,1.9,b,% of enterprises
eurostat-trng_cvt_34s,RO,Romania,2015,10-49,2.9,b,% of enterprises
eurostat-trng_cvt_34s,RO,Romania,2020,10-49,1.7,,% of enterprises
eurostat-trng_cvt_34s,RS,Serbia,2020,10-49,9.6,,% of enterprises
eurostat-trng_cvt_34s,SE,Sweden,2005,10-49,7.4,,% of enterprises
eurostat-trng_cvt_34s,SE,Sweden,2010,10-49,7.2,b,% of enterprises
eurostat-trng_cvt_34s,SE,Sweden,2015,10-49,15.6,b,% of enterprises
eurostat-trng_cvt_34s,SE,Sweden,2020,10-49,15.1,b,% of enterprises
eurostat-trng_cvt_34s,SI,Slovenia,2005,10-49,7.5,,% of enterprises
eurostat-trng_cvt_34s,SI,Slovenia,2010,10-49,8.0,b,% of enterprises
eurostat-trng_cvt_34s,SI,Slovenia,2015,10-49,29.9,b,% of enterprises
eurostat-trng_cvt_34s,SI,Slovenia,2020,10-49,22.6,,% of enterprises
eurostat-trng_cvt_34s,SK,Slovakia,2005,10-49,0.9,,% of enterprises
eurostat-trng_cvt_34s,SK,Slovakia,2010,10-49,15.9,b,% of enterprises
eurostat-trng_cvt_34s,SK,Slovakia,2015,10-49,32.3,b,% of enterprises
eurostat-trng_cvt_34s,SK,Slovakia,2020,10-49,19.1,,% of enterprises
eurostat-trng_cvt_34s,UK,United Kingdom,2005,10-49,46.2,,% of enterprises
eurostat-trng_cvt_34s,UK,United Kingdom,2010,10-49,15.3,b,% of enterprises
eurostat-trng_cvt_34s,UK,United Kingdom,2015,10-49,26.6,b,% of enterprises
eurostat-trng_cvt_34s,AT,Austria,2005,50-249,55.7,,% of enterprises
eurostat-trng_cvt_34s,AT,Austria,2010,50-249,61.6,b,% of enterprises
eurostat-trng_cvt_34s,AT,Austria,2015,50-249,58.9,b,% of enterprises
eurostat-trng_cvt_34s,AT,Austria,2020,50-249,58.5,,% of enterprises
eurostat-trng_cvt_34s,BE,Belgium,2005,50-249,11.1,,% of enterprises
eurostat-trng_cvt_34s,BE,Belgium,2010,50-249,14.2,b,% of enterprises
eurostat-trng_cvt_34s,BE,Belgium,2015,50-249,15.1,b,% of enterprises
eurostat-trng_cvt_34s,BE,Belgium,2020,50-249,19.6,,% of enterprises
eurostat-trng_cvt_34s,BG,Bulgaria,2005,50-249,8.3,,% of enterprises
eurostat-trng_cvt_34s,BG,Bulgaria,2010,50-249,11.5,b,% of enterprises
eurostat-trng_cvt_34s,BG,Bulgaria,2015,50-249,9.2,b,% of enterprises
eurostat-trng_cvt_34s,BG,Bulgaria,2020,50-249,5.6,,% of enterprises
eurostat-trng_cvt_34s,CY,Cyprus,2005,50-249,9.2,,% of enterprises
eurostat-trng_cvt_34s,CY,Cyprus,2010,50-249,6.8,b,% of enterprises
eurostat-trng_cvt_34s,CY,Cyprus,2015,50-249,15.9,b,% of enterprises
eurostat-trng_cvt_34s,CY,Cyprus,2020,50-249,20.6,,% of enterprises
eurostat-trng_cvt_34s,CZ,Czechia,2005,50-249,9.6,,% of enterprises
eurostat-trng_cvt_34s,CZ,Czechia,2010,50-249,5.9,b,% of enterprises
eurostat-trng_cvt_34s,CZ,Czechia,2015,50-249,33.8,b,% of enterprises
eurostat-trng_cvt_34s,CZ,Czechia,2020,50-249,34.8,,% of enterprises
eurostat-trng_cvt_34s,DE,Germany,2005,50-249,66.2,,% of enterprises
eurostat-trng_cvt_34s,DE,Germany,2010,50-249,71.7,b,% of enterprises
eurostat-trng_cvt_34s,DE,Germany,2015,50-249,72.8,b,% of enterprises
eurostat-trng_cvt_34s,DE,Germany,2020,50-249,73.0,,% of enterprises
eurostat-trng_cvt_34s,DK,Denmark,2005,50-249,56.0,,% of enterprises
eurostat-trng_cvt_34s,DK,Denmark,2010,50-249,61.1,b,% of enterprises
eurostat-trng_cvt_34s,DK,Denmark,2015,50-249,53.9,b,% of enterprises
eurostat-trng_cvt_34s,DK,Denmark,2020,50-249,56.8,,% of enterprises
eurostat-trng_cvt_34s,EE,Estonia,2005,50-249,2.1,,% of enterprises
eurostat-trng_cvt_34s,EE,Estonia,2010,50-249,36.4,b,% of enterprises
eurostat-trng_cvt_34s,EE,Estonia,2015,50-249,33.5,b,% of enterprises
eurostat-trng_cvt_34s,EE,Estonia,2020,50-249,25.2,,% of enterprises
eurostat-trng_cvt_34s,EL,Greece,2005,50-249,5.2,,% of enterprises
eurostat-trng_cvt_34s,EL,Greece,2010,50-249,10.3,b,% of enterprises
eurostat-trng_cvt_34s,EL,Greece,2015,50-249,17.5,b,% of enterprises
eurostat-trng_cvt_34s,EL,Greece,2020,50-249,5.3,,% of enterprises
eurostat-trng_cvt_34s,ES,Spain,2005,50-249,22.0,,% of enterprises
eurostat-trng_cvt_34s,ES,Spain,2010,50-249,6.7,b,% of enterprises
eurostat-trng_cvt_34s,ES,Spain,2015,50-249,14.4,b,% of enterprises
eurostat-trng_cvt_34s,ES,Spain,2020,50-249,16.9,,% of enterprises
eurostat-trng_cvt_34s,EU27,European Union (27),2005,50-249,34.5,,% of enterprises
eurostat-trng_cvt_34s,EU27,European Union (27),2010,50-249,31.5,b,% of enterprises
eurostat-trng_cvt_34s,EU27,European Union (27),2015,50-249,40.1,b,% of enterprises
eurostat-trng_cvt_34s,EU27,European Union (27),2020,50-249,43.6,,% of enterprises
eurostat-trng_cvt_34s,FI,Finland,2005,50-249,18.3,,% of enterprises
eurostat-trng_cvt_34s,FI,Finland,2010,50-249,30.0,b,% of enterprises
eurostat-trng_cvt_34s,FI,Finland,2015,50-249,23.1,b,% of enterprises
eurostat-trng_cvt_34s,FI,Finland,2020,50-249,22.8,,% of enterprises
eurostat-trng_cvt_34s,FR,France,2005,50-249,49.6,,% of enterprises
eurostat-trng_cvt_34s,FR,France,2010,50-249,21.5,b,% of enterprises
eurostat-trng_cvt_34s,FR,France,2015,50-249,49.1,b,% of enterprises
eurostat-trng_cvt_34s,FR,France,2020,50-249,67.0,,% of enterprises
eurostat-trng_cvt_34s,HR,Croatia,2010,50-249,23.4,b,% of enterprises
eurostat-trng_cvt_34s,HR,Croatia,2015,50-249,19.2,b,% of enterprises
eurostat-trng_cvt_34s,HR,Croatia,2020,50-249,16.6,,% of enterprises
eurostat-trng_cvt_34s,HU,Hungary,2005,50-249,11.6,,% of enterprises
eurostat-trng_cvt_34s,HU,Hungary,2010,50-249,12.9,b,% of enterprises
eurostat-trng_cvt_34s,HU,Hungary,2015,50-249,18.5,b,% of enterprises
eurostat-trng_cvt_34s,HU,Hungary,2020,50-249,16.4,,% of enterprises
eurostat-trng_cvt_34s,IE,Ireland,2005,50-249,28.2,,% of enterprises
eurostat-trng_cvt_34s,IE,Ireland,2015,50-249,21.0,b,% of enterprises
eurostat-trng_cvt_34s,IE,Ireland,2020,50-249,19.6,,% of enterprises
eurostat-trng_cvt_34s,IT,Italy,2005,50-249,40.1,,% of enterprises
eurostat-trng_cvt_34s,IT,Italy,2010,50-249,28.8,b,% of enterprises
eurostat-trng_cvt_34s,IT,Italy,2015,50-249,34.5,b,% of enterprises
eurostat-trng_cvt_34s,IT,Italy,2020,50-249,44.4,,% of enterprises
eurostat-trng_cvt_34s,LT,Lithuania,2005,50-249,27.2,,% of enterprises
eurostat-trng_cvt_34s,LT,Lithuania,2010,50-249,0.8,b,% of enterprises
eurostat-trng_cvt_34s,LT,Lithuania,2015,50-249,3.0,b,% of enterprises
eurostat-trng_cvt_34s,LT,Lithuania,2020,50-249,3.2,,% of enterprises
eurostat-trng_cvt_34s,LU,Luxembourg,2005,50-249,32.5,,% of enterprises
eurostat-trng_cvt_34s,LU,Luxembourg,2010,50-249,30.7,b,% of enterprises
eurostat-trng_cvt_34s,LU,Luxembourg,2015,50-249,33.8,b,% of enterprises
eurostat-trng_cvt_34s,LU,Luxembourg,2020,50-249,35.4,,% of enterprises
eurostat-trng_cvt_34s,LV,Latvia,2005,50-249,7.9,,% of enterprises
eurostat-trng_cvt_34s,LV,Latvia,2010,50-249,9.7,b,% of enterprises
eurostat-trng_cvt_34s,LV,Latvia,2015,50-249,15.7,b,% of enterprises
eurostat-trng_cvt_34s,LV,Latvia,2020,50-249,21.6,,% of enterprises
eurostat-trng_cvt_34s,MK,North Macedonia,2015,50-249,13.7,b,% of enterprises
eurostat-trng_cvt_34s,MK,North Macedonia,2020,50-249,12.4,,% of enterprises
eurostat-trng_cvt_34s,MT,Malta,2005,50-249,17.9,,% of enterprises
eurostat-trng_cvt_34s,MT,Malta,2010,50-249,22.2,b,% of enterprises
eurostat-trng_cvt_34s,MT,Malta,2015,50-249,24.8,b,% of enterprises
eurostat-trng_cvt_34s,MT,Malta,2020,50-249,29.1,,% of enterprises
eurostat-trng_cvt_34s,NL,Netherlands,2005,50-249,44.8,,% of enterprises
eurostat-trng_cvt_34s,NL,Netherlands,2010,50-249,43.9,b,% of enterprises
eurostat-trng_cvt_34s,NL,Netherlands,2015,50-249,62.0,b,% of enterprises
eurostat-trng_cvt_34s,NL,Netherlands,2020,50-249,53.4,,% of enterprises
eurostat-trng_cvt_34s,NO,Norway,2005,50-249,47.0,,% of enterprises
eurostat-trng_cvt_34s,NO,Norway,2010,50-249,44.3,b,% of enterprises
eurostat-trng_cvt_34s,NO,Norway,2015,50-249,39.1,b,% of enterprises
eurostat-trng_cvt_34s,NO,Norway,2020,50-249,40.2,,% of enterprises
eurostat-trng_cvt_34s,PL,Poland,2005,50-249,10.9,,% of enterprises
eurostat-trng_cvt_34s,PL,Poland,2010,50-249,5.4,b,% of enterprises
eurostat-trng_cvt_34s,PL,Poland,2015,50-249,7.8,b,% of enterprises
eurostat-trng_cvt_34s,PL,Poland,2020,50-249,8.4,,% of enterprises
eurostat-trng_cvt_34s,PT,Portugal,2005,50-249,10.9,,% of enterprises
eurostat-trng_cvt_34s,PT,Portugal,2010,50-249,13.4,b,% of enterprises
eurostat-trng_cvt_34s,PT,Portugal,2015,50-249,20.7,b,% of enterprises
eurostat-trng_cvt_34s,PT,Portugal,2020,50-249,21.2,,% of enterprises
eurostat-trng_cvt_34s,RO,Romania,2005,50-249,4.0,,% of enterprises
eurostat-trng_cvt_34s,RO,Romania,2010,50-249,3.8,b,% of enterprises
eurostat-trng_cvt_34s,RO,Romania,2015,50-249,6.2,b,% of enterprises
eurostat-trng_cvt_34s,RO,Romania,2020,50-249,9.0,,% of enterprises
eurostat-trng_cvt_34s,RS,Serbia,2020,50-249,15.7,,% of enterprises
eurostat-trng_cvt_34s,SE,Sweden,2005,50-249,7.4,,% of enterprises
eurostat-trng_cvt_34s,SE,Sweden,2010,50-249,3.3,b,% of enterprises
eurostat-trng_cvt_34s,SE,Sweden,2015,50-249,15.0,b,% of enterprises
eurostat-trng_cvt_34s,SE,Sweden,2020,50-249,16.2,b,% of enterprises
eurostat-trng_cvt_34s,SI,Slovenia,2005,50-249,15.7,,% of enterprises
eurostat-trng_cvt_34s,SI,Slovenia,2010,50-249,9.4,b,% of enterprises
eurostat-trng_cvt_34s,SI,Slovenia,2015,50-249,37.9,b,% of enterprises
eurostat-trng_cvt_34s,SI,Slovenia,2020,50-249,37.0,,% of enterprises
eurostat-trng_cvt_34s,SK,Slovakia,2005,50-249,1.7,,% of enterprises
eurostat-trng_cvt_34s,SK,Slovakia,2010,50-249,15.6,b,% of enterprises
eurostat-trng_cvt_34s,SK,Slovakia,2015,50-249,32.5,b,% of enterprises
eurostat-trng_cvt_34s,SK,Slovakia,2020,50-249,27.8,,% of enterprises
eurostat-trng_cvt_34s,UK,United Kingdom,2005,50-249,63.9,,% of enterprises
eurostat-trng_cvt_34s,UK,United Kingdom,2010,50-249,25.0,b,% of enterprises
eurostat-trng_cvt_34s,UK,United Kingdom,2015,50-249,45.0,b,% of enterprises
eurostat-trng_cvt_34s,AT,Austria,2005,GE250,83.0,,% of enterprises
eurostat-trng_cvt_34s,AT,Austria,2010,GE250,77.0,b,% of enterprises
eurostat-trng_cvt_34s,AT,Austria,2015,GE250,80.5,b,% of enterprises
eurostat-trng_cvt_34s,AT,Austria,2020,GE250,75.6,,% of enterprises
eurostat-trng_cvt_34s,BE,Belgium,2005,GE250,16.2,,% of enterprises
eurostat-trng_cvt_34s,BE,Belgium,2010,GE250,19.6,b,% of enterprises
eurostat-trng_cvt_34s,BE,Belgium,2015,GE250,17.8,b,% of enterprises
eurostat-trng_cvt_34s,BE,Belgium,2020,GE250,20.0,,% of enterprises
eurostat-trng_cvt_34s,BG,Bulgaria,2005,GE250,13.1,,% of enterprises
eurostat-trng_cvt_34s,BG,Bulgaria,2010,GE250,32.8,b,% of enterprises
eurostat-trng_cvt_34s,BG,Bulgaria,2015,GE250,16.2,b,% of enterprises
eurostat-trng_cvt_34s,BG,Bulgaria,2020,GE250,13.6,,% of enterprises
eurostat-trng_cvt_34s,CY,Cyprus,2005,GE250,6.2,,% of enterprises
eurostat-trng_cvt_34s,CY,Cyprus,2010,GE250,21.4,b,% of enterprises
eurostat-trng_cvt_34s,CY,Cyprus,2015,GE250,23.9,b,% of enterprises
eurostat-trng_cvt_34s,CY,Cyprus,2020,GE250,35.4,,% of enterprises
eurostat-trng_cvt_34s,CZ,Czechia,2005,GE250,15.8,,% of enterprises
eurostat-trng_cvt_34s,CZ,Czechia,2010,GE250,13.3,b,% of enterprises
eurostat-trng_cvt_34s,CZ,Czechia,2015,GE250,55.0,b,% of enterprises
eurostat-trng_cvt_34s,CZ,Czechia,2020,GE250,62.0,,% of enterprises
eurostat-trng_cvt_34s,DE,Germany,2005,GE250,79.4,,% of enterprises
eurostat-trng_cvt_34s,DE,Germany,2010,GE250,85.6,b,% of enterprises
eurostat-trng_cvt_34s,DE,Germany,2015,GE250,93.6,b,% of enterprises
eurostat-trng_cvt_34s,DE,Germany,2020,GE250,93.8,,% of enterprises
eurostat-trng_cvt_34s,DK,Denmark,2005,GE250,78.1,,% of enterprises
eurostat-trng_cvt_34s,DK,Denmark,2010,GE250,87.4,b,% of enterprises
eurostat-trng_cvt_34s,DK,Denmark,2015,GE250,70.6,b,% of enterprises
eurostat-trng_cvt_34s,DK,Denmark,2020,GE250,79.1,,% of enterprises
eurostat-trng_cvt_34s,EE,Estonia,2005,GE250,8.5,,% of enterprises
eurostat-trng_cvt_34s,EE,Estonia,2010,GE250,69.0,b,% of enterprises
eurostat-trng_cvt_34s,EE,Estonia,2015,GE250,64.4,b,% of enterprises
eurostat-trng_cvt_34s,EE,Estonia,2020,GE250,47.5,,% of enterprises
eurostat-trng_cvt_34s,EL,Greece,2005,GE250,11.3,,% of enterprises
eurostat-trng_cvt_34s,EL,Greece,2010,GE250,16.1,b,% of enterprises
eurostat-trng_cvt_34s,EL,Greece,2015,GE250,24.0,b,% of enterprises
eurostat-trng_cvt_34s,EL,Greece,2020,GE250,23.9,,% of enterprises
eurostat-trng_cvt_34s,ES,Spain,2005,GE250,38.8,,% of enterprises
eurostat-trng_cvt_34s,ES,Spain,2010,GE250,8.6,b,% of enterprises
eurostat-trng_cvt_34s,ES,Spain,2015,GE250,21.2,b,% of enterprises
eurostat-trng_cvt_34s,ES,Spain,2020,GE250,30.1,,% of enterprises
eurostat-trng_cvt_34s,EU27,European Union (27),2005,GE250,48.4,,% of enterprises
eurostat-trng_cvt_34s,EU27,European Union (27),2010,GE250,44.4,b,% of enterprises
eurostat-trng_cvt_34s,EU27,European Union (27),2015,GE250,57.2,b,% of enterprises
eurostat-trng_cvt_34s,EU27,European Union (27),2020,GE250,58.5,,% of enterprises
eurostat-trng_cvt_34s,FI,Finland,2005,GE250,43.7,,% of enterprises
eurostat-trng_cvt_34s,FI,Finland,2010,GE250,56.5,b,% of enterprises
eurostat-trng_cvt_34s,FI,Finland,2015,GE250,46.5,b,% of enterprises
eurostat-trng_cvt_34s,FI,Finland,2020,GE250,48.9,,% of enterprises
eurostat-trng_cvt_34s,FR,France,2005,GE250,78.1,,% of enterprises
eurostat-trng_cvt_34s,FR,France,2010,GE250,42.1,b,% of enterprises
eurostat-trng_cvt_34s,FR,France,2015,GE250,80.9,b,% of enterprises
eurostat-trng_cvt_34s,FR,France,2020,GE250,90.5,,% of enterprises
eurostat-trng_cvt_34s,HR,Croatia,2010,GE250,38.1,b,% of enterprises
eurostat-trng_cvt_34s,HR,Croatia,2015,GE250,34.5,b,% of enterprises
eurostat-trng_cvt_34s,HR,Croatia,2020,GE250,29.2,,% of enterprises
eurostat-trng_cvt_34s,HU,Hungary,2005,GE250,15.8,,% of enterprises
eurostat-trng_cvt_34s,HU,Hungary,2010,GE250,26.2,b,% of enterprises
eurostat-trng_cvt_34s,HU,Hungary,2015,GE250,32.3,b,% of enterprises
eurostat-trng_cvt_34s,HU,Hungary,2020,GE250,31.8,,% of enterprises
eurostat-trng_cvt_34s,IE,Ireland,2005,GE250,36.6,,% of enterprises
eurostat-trng_cvt_34s,IE,Ireland,2015,GE250,27.8,b,% of enterprises
eurostat-trng_cvt_34s,IE,Ireland,2020,GE250,35.6,,% of enterprises
eurostat-trng_cvt_34s,IT,Italy,2005,GE250,36.6,,% of enterprises
eurostat-trng_cvt_34s,IT,Italy,2010,GE250,33.2,b,% of enterprises
eurostat-trng_cvt_34s,IT,Italy,2015,GE250,38.9,b,% of enterprises
eurostat-trng_cvt_34s,IT,Italy,2020,GE250,46.7,,% of enterprises
eurostat-trng_cvt_34s,LT,Lithuania,2005,GE250,59.2,,% of enterprises
eurostat-trng_cvt_34s,LT,Lithuania,2010,GE250,2.5,b,% of enterprises
eurostat-trng_cvt_34s,LT,Lithuania,2015,GE250,10.7,b,% of enterprises
eurostat-trng_cvt_34s,LT,Lithuania,2020,GE250,6.8,,% of enterprises
eurostat-trng_cvt_34s,LU,Luxembourg,2005,GE250,39.8,,% of enterprises
eurostat-trng_cvt_34s,LU,Luxembourg,2010,GE250,33.4,b,% of enterprises
eurostat-trng_cvt_34s,LU,Luxembourg,2015,GE250,40.1,b,% of enterprises
eurostat-trng_cvt_34s,LU,Luxembourg,2020,GE250,34.3,,% of enterprises
eurostat-trng_cvt_34s,LV,Latvia,2005,GE250,21.2,,% of enterprises
eurostat-trng_cvt_34s,LV,Latvia,2010,GE250,21.2,b,% of enterprises
eurostat-trng_cvt_34s,LV,Latvia,2015,GE250,33.0,b,% of enterprises
eurostat-trng_cvt_34s,LV,Latvia,2020,GE250,45.7,,% of enterprises
eurostat-trng_cvt_34s,MK,North Macedonia,2015,GE250,21.2,b,% of enterprises
eurostat-trng_cvt_34s,MK,North Macedonia,2020,GE250,29.8,,% of enterprises
eurostat-trng_cvt_34s,MT,Malta,2005,GE250,49.1,,% of enterprises
eurostat-trng_cvt_34s,MT,Malta,2010,GE250,47.2,b,% of enterprises
eurostat-trng_cvt_34s,MT,Malta,2015,GE250,45.5,b,% of enterprises
eurostat-trng_cvt_34s,MT,Malta,2020,GE250,50.0,,% of enterprises
eurostat-trng_cvt_34s,NL,Netherlands,2005,GE250,43.9,,% of enterprises
eurostat-trng_cvt_34s,NL,Netherlands,2010,GE250,59.8,b,% of enterprises
eurostat-trng_cvt_34s,NL,Netherlands,2015,GE250,70.5,b,% of enterprises
eurostat-trng_cvt_34s,NL,Netherlands,2020,GE250,70.0,,% of enterprises
eurostat-trng_cvt_34s,NO,Norway,2005,GE250,77.3,,% of enterprises
eurostat-trng_cvt_34s,NO,Norway,2010,GE250,63.0,b,% of enterprises
eurostat-trng_cvt_34s,NO,Norway,2015,GE250,61.5,b,% of enterprises
eurostat-trng_cvt_34s,NO,Norway,2020,GE250,61.6,,% of enterprises
eurostat-trng_cvt_34s,PL,Poland,2005,GE250,9.9,,% of enterprises
eurostat-trng_cvt_34s,PL,Poland,2010,GE250,8.9,b,% of enterprises
eurostat-trng_cvt_34s,PL,Poland,2015,GE250,10.6,b,% of enterprises
eurostat-trng_cvt_34s,PL,Poland,2020,GE250,10.4,,% of enterprises
eurostat-trng_cvt_34s,PT,Portugal,2005,GE250,19.6,,% of enterprises
eurostat-trng_cvt_34s,PT,Portugal,2010,GE250,19.0,b,% of enterprises
eurostat-trng_cvt_34s,PT,Portugal,2015,GE250,15.9,b,% of enterprises
eurostat-trng_cvt_34s,PT,Portugal,2020,GE250,20.3,,% of enterprises
eurostat-trng_cvt_34s,RO,Romania,2005,GE250,6.7,,% of enterprises
eurostat-trng_cvt_34s,RO,Romania,2010,GE250,10.6,b,% of enterprises
eurostat-trng_cvt_34s,RO,Romania,2015,GE250,15.4,b,% of enterprises
eurostat-trng_cvt_34s,RO,Romania,2020,GE250,19.7,,% of enterprises
eurostat-trng_cvt_34s,RS,Serbia,2020,GE250,24.8,,% of enterprises
eurostat-trng_cvt_34s,SE,Sweden,2005,GE250,6.5,,% of enterprises
eurostat-trng_cvt_34s,SE,Sweden,2010,GE250,4.0,b,% of enterprises
eurostat-trng_cvt_34s,SE,Sweden,2015,GE250,17.8,b,% of enterprises
eurostat-trng_cvt_34s,SE,Sweden,2020,GE250,21.3,b,% of enterprises
eurostat-trng_cvt_34s,SI,Slovenia,2005,GE250,15.3,,% of enterprises
eurostat-trng_cvt_34s,SI,Slovenia,2010,GE250,11.4,b,% of enterprises
eurostat-trng_cvt_34s,SI,Slovenia,2015,GE250,59.7,b,% of enterprises
eurostat-trng_cvt_34s,SI,Slovenia,2020,GE250,57.9,,% of enterprises
eurostat-trng_cvt_34s,SK,Slovakia,2005,GE250,6.6,,% of enterprises
eurostat-trng_cvt_34s,SK,Slovakia,2010,GE250,26.6,b,% of enterprises
eurostat-trng_cvt_34s,SK,Slovakia,2015,GE250,43.7,b,% of enterprises
eurostat-trng_cvt_34s,SK,Slovakia,2020,GE250,38.7,,% of enterprises
eurostat-trng_cvt_34s,UK,United Kingdom,2005,GE250,67.0,,% of enterprises
eurostat-trng_cvt_34s,UK,United Kingdom,2010,GE250,43.2,b,% of enterprises
eurostat-trng_cvt_34s,UK,United Kingdom,2015,GE250,68.8,b,% of enterprises
eurostat-trng_cvt_34s,AT,Austria,2005,TOTAL,48.8,,% of enterprises
eurostat-trng_cvt_34s,AT,Austria,2010,TOTAL,47.4,b,% of enterprises
eurostat-trng_cvt_34s,AT,Austria,2015,TOTAL,44.5,b,% of enterprises
eurostat-trng_cvt_34s,AT,Austria,2020,TOTAL,43.9,,% of enterprises
eurostat-trng_cvt_34s,BE,Belgium,2005,TOTAL,9.1,,% of enterprises
eurostat-trng_cvt_34s,BE,Belgium,2010,TOTAL,15.4,b,% of enterprises
eurostat-trng_cvt_34s,BE,Belgium,2015,TOTAL,16.1,b,% of enterprises
eurostat-trng_cvt_34s,BE,Belgium,2020,TOTAL,17.4,,% of enterprises
eurostat-trng_cvt_34s,BG,Bulgaria,2005,TOTAL,4.4,,% of enterprises
eurostat-trng_cvt_34s,BG,Bulgaria,2010,TOTAL,6.4,b,% of enterprises
eurostat-trng_cvt_34s,BG,Bulgaria,2015,TOTAL,7.6,b,% of enterprises
eurostat-trng_cvt_34s,BG,Bulgaria,2020,TOTAL,3.8,,% of enterprises
eurostat-trng_cvt_34s,CY,Cyprus,2005,TOTAL,2.0,,% of enterprises
eurostat-trng_cvt_34s,CY,Cyprus,2010,TOTAL,5.0,b,% of enterprises
eurostat-trng_cvt_34s,CY,Cyprus,2015,TOTAL,9.5,b,% of enterprises
eurostat-trng_cvt_34s,CY,Cyprus,2020,TOTAL,15.3,,% of enterprises
eurostat-trng_cvt_34s,CZ,Czechia,2005,TOTAL,3.3,,% of enterprises
eurostat-trng_cvt_34s,CZ,Czechia,2010,TOTAL,4.4,b,% of enterprises
eurostat-trng_cvt_34s,CZ,Czechia,2015,TOTAL,24.9,b,% of enterprises
eurostat-trng_cvt_34s,CZ,Czechia,2020,TOTAL,26.3,,% of enterprises
eurostat-trng_cvt_34s,DE,Germany,2005,TOTAL,55.4,,% of enterprises
eurostat-trng_cvt_34s,DE,Germany,2010,TOTAL,62.4,b,% of enterprises
eurostat-trng_cvt_34s,DE,Germany,2015,TOTAL,63.6,b,% of enterprises
eurostat-trng_cvt_34s,DE,Germany,2020,TOTAL,58.6,,% of enterprises
eurostat-trng_cvt_34s,DK,Denmark,2005,TOTAL,45.2,,% of enterprises
eurostat-trng_cvt_34s,DK,Denmark,2010,TOTAL,51.3,b,% of enterprises
eurostat-trng_cvt_34s,DK,Denmark,2015,TOTAL,38.6,b,% of enterprises
eurostat-trng_cvt_34s,DK,Denmark,2020,TOTAL,38.8,,% of enterprises
eurostat-trng_cvt_34s,EE,Estonia,2005,TOTAL,1.2,,% of enterprises
eurostat-trng_cvt_34s,EE,Estonia,2010,TOTAL,19.2,b,% of enterprises
eurostat-trng_cvt_34s,EE,Estonia,2015,TOTAL,22.0,b,% of enterprises
eurostat-trng_cvt_34s,EE,Estonia,2020,TOTAL,15.1,,% of enterprises
eurostat-trng_cvt_34s,EL,Greece,2005,TOTAL,2.6,,% of enterprises
eurostat-trng_cvt_34s,EL,Greece,2010,TOTAL,6.9,b,% of enterprises
eurostat-trng_cvt_34s,EL,Greece,2015,TOTAL,9.7,b,% of enterprises
eurostat-trng_cvt_34s,EL,Greece,2020,TOTAL,5.6,,% of enterprises
eurostat-trng_cvt_34s,ES,Spain,2005,TOTAL,14.3,,% of enterprises
eurostat-trng_cvt_34s,ES,Spain,2010,TOTAL,6.8,b,% of enterprises
eurostat-trng_cvt_34s,ES,Spain,2015,TOTAL,13.0,b,% of enterprises
eurostat-trng_cvt_34s,ES,Spain,2020,TOTAL,11.1,,% of enterprises
eurostat-trng_cvt_34s,EU27,European Union (27),2005,TOTAL,28.1,,% of enterprises
eurostat-trng_cvt_34s,EU27,European Union (27),2010,TOTAL,25.1,b,% of enterprises
eurostat-trng_cvt_34s,EU27,European Union (27),2015,TOTAL,30.5,b,% of enterprises
eurostat-trng_cvt_34s,EU27,European Union (27),2020,TOTAL,32.4,,% of enterprises
eurostat-trng_cvt_34s,FI,Finland,2005,TOTAL,17.2,,% of enterprises
eurostat-trng_cvt_34s,FI,Finland,2010,TOTAL,21.2,b,% of enterprises
eurostat-trng_cvt_34s,FI,Finland,2015,TOTAL,16.6,b,% of enterprises
eurostat-trng_cvt_34s,FI,Finland,2020,TOTAL,17.9,,% of enterprises
eurostat-trng_cvt_34s,FR,France,2005,TOTAL,37.0,,% of enterprises
eurostat-trng_cvt_34s,FR,France,2010,TOTAL,22.6,b,% of enterprises
eurostat-trng_cvt_34s,FR,France,2015,TOTAL,32.9,b,% of enterprises
eurostat-trng_cvt_34s,FR,France,2020,TOTAL,48.8,,% of enterprises
eurostat-trng_cvt_34s,HR,Croatia,2010,TOTAL,15.3,b,% of enterprises
eurostat-trng_cvt_34s,HR,Croatia,2015,TOTAL,14.4,b,% of enterprises
eurostat-trng_cvt_34s,HR,Croatia,2020,TOTAL,10.8,,% of enterprises
eurostat-trng_cvt_34s,HU,Hungary,2005,TOTAL,6.2,,% of enterprises
eurostat-trng_cvt_34s,HU,Hungary,2010,TOTAL,9.5,b,% of enterprises
eurostat-trng_cvt_34s,HU,Hungary,2015,TOTAL,13.5,b,% of enterprises
eurostat-trng_cvt_34s,HU,Hungary,2020,TOTAL,9.9,,% of enterprises
eurostat-trng_cvt_34s,IE,Ireland,2005,TOTAL,24.4,,% of enterprises
eurostat-trng_cvt_34s,IE,Ireland,2015,TOTAL,16.3,b,% of enterprises
eurostat-trng_cvt_34s,IE,Ireland,2020,TOTAL,17.6,,% of enterprises
eurostat-trng_cvt_34s,IT,Italy,2005,TOTAL,39.8,,% of enterprises
eurostat-trng_cvt_34s,IT,Italy,2010,TOTAL,32.0,b,% of enterprises
eurostat-trng_cvt_34s,IT,Italy,2015,TOTAL,31.0,b,% of enterprises
eurostat-trng_cvt_34s,IT,Italy,2020,TOTAL,41.0,,% of enterprises
eurostat-trng_cvt_34s,LT,Lithuania,2005,TOTAL,16.5,,% of enterprises
eurostat-trng_cvt_34s,LT,Lithuania,2010,TOTAL,0.6,b,% of enterprises
eurostat-trng_cvt_34s,LT,Lithuania,2015,TOTAL,1.9,b,% of enterprises
eurostat-trng_cvt_34s,LT,Lithuania,2020,TOTAL,2.3,,% of enterprises
eurostat-trng_cvt_34s,LU,Luxembourg,2005,TOTAL,27.5,,% of enterprises
eurostat-trng_cvt_34s,LU,Luxembourg,2010,TOTAL,24.1,b,% of enterprises
eurostat-trng_cvt_34s,LU,Luxembourg,2015,TOTAL,23.6,b,% of enterprises
eurostat-trng_cvt_34s,LU,Luxembourg,2020,TOTAL,23.8,,% of enterprises
eurostat-trng_cvt_34s,LV,Latvia,2005,TOTAL,5.1,,% of enterprises
eurostat-trng_cvt_34s,LV,Latvia,2010,TOTAL,4.8,b,% of enterprises
eurostat-trng_cvt_34s,LV,Latvia,2015,TOTAL,8.2,b,% of enterprises
eurostat-trng_cvt_34s,LV,Latvia,2020,TOTAL,11.4,,% of enterprises
eurostat-trng_cvt_34s,MK,North Macedonia,2015,TOTAL,10.6,b,% of enterprises
eurostat-trng_cvt_34s,MK,North Macedonia,2020,TOTAL,10.4,,% of enterprises
eurostat-trng_cvt_34s,MT,Malta,2005,TOTAL,12.1,,% of enterprises
eurostat-trng_cvt_34s,MT,Malta,2010,TOTAL,16.0,b,% of enterprises
eurostat-trng_cvt_34s,MT,Malta,2015,TOTAL,16.1,b,% of enterprises
eurostat-trng_cvt_34s,MT,Malta,2020,TOTAL,17.1,,% of enterprises
eurostat-trng_cvt_34s,NL,Netherlands,2005,TOTAL,41.3,,% of enterprises
eurostat-trng_cvt_34s,NL,Netherlands,2010,TOTAL,33.7,b,% of enterprises
eurostat-trng_cvt_34s,NL,Netherlands,2015,TOTAL,50.9,b,% of enterprises
eurostat-trng_cvt_34s,NL,Netherlands,2020,TOTAL,41.6,,% of enterprises
eurostat-trng_cvt_34s,NO,Norway,2005,TOTAL,24.9,,% of enterprises
eurostat-trng_cvt_34s,NO,Norway,2010,TOTAL,31.9,b,% of enterprises
eurostat-trng_cvt_34s,NO,Norway,2015,TOTAL,27.2,b,% of enterprises
eurostat-trng_cvt_34s,NO,Norway,2020,TOTAL,34.0,,% of enterprises
eurostat-trng_cvt_34s,PL,Poland,2005,TOTAL,8.9,,% of enterprises
eurostat-trng_cvt_34s,PL,Poland,2010,TOTAL,4.6,b,% of enterprises
eurostat-trng_cvt_34s,PL,Poland,2015,TOTAL,7.5,b,% of enterprises
eurostat-trng_cvt_34s,PL,Poland,2020,TOTAL,6.4,,% of enterprises
eurostat-trng_cvt_34s,PT,Portugal,2005,TOTAL,5.1,,% of enterprises
eurostat-trng_cvt_34s,PT,Portugal,2010,TOTAL,11.9,b,% of enterprises
eurostat-trng_cvt_34s,PT,Portugal,2015,TOTAL,14.8,b,% of enterprises
eurostat-trng_cvt_34s,PT,Portugal,2020,TOTAL,18.3,,% of enterprises
eurostat-trng_cvt_34s,RO,Romania,2005,TOTAL,1.8,,% of enterprises
eurostat-trng_cvt_34s,RO,Romania,2010,TOTAL,2.6,b,% of enterprises
eurostat-trng_cvt_34s,RO,Romania,2015,TOTAL,4.0,b,% of enterprises
eurostat-trng_cvt_34s,RO,Romania,2020,TOTAL,3.5,,% of enterprises
eurostat-trng_cvt_34s,RS,Serbia,2020,TOTAL,11.3,,% of enterprises
eurostat-trng_cvt_34s,SE,Sweden,2005,TOTAL,7.3,,% of enterprises
eurostat-trng_cvt_34s,SE,Sweden,2010,TOTAL,6.6,b,% of enterprises
eurostat-trng_cvt_34s,SE,Sweden,2015,TOTAL,15.6,b,% of enterprises
eurostat-trng_cvt_34s,SE,Sweden,2020,TOTAL,15.4,b,% of enterprises
eurostat-trng_cvt_34s,SI,Slovenia,2005,TOTAL,9.6,,% of enterprises
eurostat-trng_cvt_34s,SI,Slovenia,2010,TOTAL,8.3,b,% of enterprises
eurostat-trng_cvt_34s,SI,Slovenia,2015,TOTAL,32.1,b,% of enterprises
eurostat-trng_cvt_34s,SI,Slovenia,2020,TOTAL,26.0,,% of enterprises
eurostat-trng_cvt_34s,SK,Slovakia,2005,TOTAL,1.2,,% of enterprises
eurostat-trng_cvt_34s,SK,Slovakia,2010,TOTAL,16.2,b,% of enterprises
eurostat-trng_cvt_34s,SK,Slovakia,2015,TOTAL,32.8,b,% of enterprises
eurostat-trng_cvt_34s,SK,Slovakia,2020,TOTAL,21.3,,% of enterprises
eurostat-trng_cvt_34s,UK,United Kingdom,2005,TOTAL,50.9,,% of enterprises
eurostat-trng_cvt_34s,UK,United Kingdom,2010,TOTAL,17.6,b,% of enterprises
eurostat-trng_cvt_34s,UK,United Kingdom,2015,TOTAL,30.5,b,% of enterprises
