indicator,geo,geo_name,time,mode,qualification,sex,value,flag,unit
fi-statfin-apprenticeship-new-students,FI,Finland,2019,ALL_VET,FURTHER,1,12345.0,,students
fi-statfin-apprenticeship-new-students,FI,Finland,2020,ALL_VET,FURTHER,1,11703.0,,students
fi-statfin-apprenticeship-new-students,FI,Finland,2021,ALL_VET,FURTHER,1,12474.0,,students
fi-statfin-apprenticeship-new-students,FI,Finland,2022,ALL_VET,FURTHER,1,12970.0,,students
fi-statfin-apprenticeship-new-students,FI,Finland,2023,ALL_VET,FURTHER,1,14045.0,,students
fi-statfin-apprenticeship-new-students,FI,Finland,2024,ALL_VET,FURTHER,1,14097.0,,students
fi-statfin-apprenticeship-new-students,FI,Finland,2025,ALL_VET,FURTHER,1,10985.0,,students
fi-statfin-apprenticeship-new-students,FI,Finland,2019,ALL_VET,FURTHER,2,14877.0,,students
fi-statfin-apprenticeship-new-students,FI,Finland,2020,ALL_VET,FURTHER,2,16124.0,,students
fi-statfin-apprenticeship-new-students,FI,Finland,2021,ALL_VET,FURTHER,2,16857.0,,students
fi-statfin-apprenticeship-new-students,FI,Finland,2022,ALL_VET,FURTHER,2,16445.0,,students
fi-statfin-apprenticeship-new-students,FI,Finland,2023,ALL_VET,FURTHER,2,17294.0,,students
fi-statfin-apprenticeship-new-students,FI,Finland,2024,ALL_VET,FURTHER,2,17043.0,,students
fi-statfin-apprenticeship-new-students,FI,Finland,2025,ALL_VET,FURTHER,2,12826.0,,students
fi-statfin-apprenticeship-new-students,FI,Finland,2019,ALL_VET,FURTHER,SSS,27222.0,,students
fi-statfin-apprenticeship-new-students,FI,Finland,2020,ALL_VET,FURTHER,SSS,27827.0,,students
fi-statfin-apprenticeship-new-students,FI,Finland,2021,ALL_VET,FURTHER,SSS,29331.0,,students
fi-statfin-apprenticeship-new-students,FI,Finland,2022,ALL_VET,FURTHER,SSS,29415.0,,students
fi-statfin-apprenticeship-new-students,FI,Finland,2023,ALL_VET,FURTHER,SSS,31339.0,,students
fi-statfin-apprenticeship-new-students,FI,Finland,2024,ALL_VET,FURTHER,SSS,31141.0,,students
fi-statfin-apprenticeship-new-students,FI,Finland,2025,ALL_VET,FURTHER,SSS,23811.0,,students
fi-statfin-apprenticeship-new-students,FI,Finland,2019,ALL_VET,INITIAL,1,42870.0,,students
fi-statfin-apprenticeship-new-students,FI,Finland,2020,ALL_VET,INITIAL,1,44786.0,,students
fi-statfin-apprenticeship-new-students,FI,Finland,2021,ALL_VET,INITIAL,1,46171.0,,students
fi-statfin-apprenticeship-new-students,FI,Finland,2022,ALL_VET,INITIAL,1,45683.0,,students
fi-statfin-apprenticeship-new-students,FI,Finland,2023,ALL_VET,INITIAL,1,47557.0,,students
fi-statfin-apprenticeship-new-students,FI,Finland,2024,ALL_VET,INITIAL,1,49007.0,,students
fi-statfin-apprenticeship-new-students,FI,Finland,2025,ALL_VET,INITIAL,1,45650.0,,students
fi-statfin-apprenticeship-new-students,FI,Finland,2019,ALL_VET,INITIAL,2,43771.0,,students
fi-statfin-apprenticeship-new-students,FI,Finland,2020,ALL_VET,INITIAL,2,46923.0,,students
fi-statfin-apprenticeship-new-students,FI,Finland,2021,ALL_VET,INITIAL,2,50515.0,,students
fi-statfin-apprenticeship-new-students,FI,Finland,2022,ALL_VET,INITIAL,2,50264.0,,students
fi-statfin-apprenticeship-new-students,FI,Finland,2023,ALL_VET,INITIAL,2,51399.0,,students
fi-statfin-apprenticeship-new-students,FI,Finland,2024,ALL_VET,INITIAL,2,51320.0,,students
fi-statfin-apprenticeship-new-students,FI,Finland,2025,ALL_VET,INITIAL,2,44434.0,,students
fi-statfin-apprenticeship-new-students,FI,Finland,2019,ALL_VET,INITIAL,SSS,86641.0,,students
fi-statfin-apprenticeship-new-students,FI,Finland,2020,ALL_VET,INITIAL,SSS,91709.0,,students
fi-statfin-apprenticeship-new-students,FI,Finland,2021,ALL_VET,INITIAL,SSS,96688.0,,students
fi-statfin-apprenticeship-new-students,FI,Finland,2022,ALL_VET,INITIAL,SSS,95949.0,,students
fi-statfin-apprenticeship-new-students,FI,Finland,2023,ALL_VET,INITIAL,SSS,98957.0,,students
fi-statfin-apprenticeship-new-students,FI,Finland,2024,ALL_VET,INITIAL,SSS,100336.0,,students
fi-statfin-apprenticeship-new-students,FI,Finland,2025,ALL_VET,INITIAL,SSS,90084.0,,students
fi-statfin-apprenticeship-new-students,FI,Finland,2019,ALL_VET,SPECIALIST,1,4259.0,,students
fi-statfin-apprenticeship-new-students,FI,Finland,2020,ALL_VET,SPECIALIST,1,4548.0,,students
fi-statfin-apprenticeship-new-students,FI,Finland,2021,ALL_VET,SPECIALIST,1,4755.0,,students
fi-statfin-apprenticeship-new-students,FI,Finland,2022,ALL_VET,SPECIALIST,1,4686.0,,students
fi-statfin-apprenticeship-new-students,FI,Finland,2023,ALL_VET,SPECIALIST,1,4378.0,,students
fi-statfin-apprenticeship-new-students,FI,Finland,2024,ALL_VET,SPECIALIST,1,4797.0,,students
fi-statfin-apprenticeship-new-students,FI,Finland,2025,ALL_VET,SPECIALIST,1,2820.0,,students
fi-statfin-apprenticeship-new-students,FI,Finland,2019,ALL_VET,SPECIALIST,2,6485.0,,students
fi-statfin-apprenticeship-new-students,FI,Finland,2020,ALL_VET,SPECIALIST,2,7497.0,,students
fi-statfin-apprenticeship-new-students,FI,Finland,2021,ALL_VET,SPECIALIST,2,8008.0,,students
fi-statfin-apprenticeship-new-students,FI,Finland,2022,ALL_VET,SPECIALIST,2,6924.0,,students
fi-statfin-apprenticeship-new-students,FI,Finland,2023,ALL_VET,SPECIALIST,2,7707.0,,students
fi-statfin-apprenticeship-new-students,FI,Finland,2024,ALL_VET,SPECIALIST,2,7776.0,,students
fi-statfin-apprenticeship-new-students,FI,Finland,2025,ALL_VET,SPECIALIST,2,5326.0,,students
fi-statfin-apprenticeship-new-students,FI,Finland,2019,ALL_VET,SPECIALIST,SSS,10744.0,,students
fi-statfin-apprenticeship-new-students,FI,Finland,2020,ALL_VET,SPECIALIST,SSS,12045.0,,students
fi-statfin-apprenticeship-new-students,FI,Finland,2021,ALL_VET,SPECIALIST,SSS,12763.0,,students
fi-statfin-apprenticeship-new-students,FI,Finland,2022,ALL_VET,SPECIALIST,SSS,11610.0,,students
fi-statfin-apprenticeship-new-students,FI,Finland,2023,ALL_VET,SPECIALIST,SSS,12085.0,,students
fi-statfin-apprenticeship-new-students,FI,Finland,2024,ALL_VET,SPECIALIST,SSS,12577.0,,students
fi-statfin-apprenticeship-new-students,FI,Finland,2025,ALL_VET,SPECIALIST,SSS,8146.0,,students
fi-statfin-apprenticeship-new-students,FI,Finland,2019,ALL_VET,TOTAL,1,59474.0,,students
fi-statfin-apprenticeship-new-students,FI,Finland,2020,ALL_VET,TOTAL,1,61037.0,,students
fi-statfin-apprenticeship-new-students,FI,Finland,2021,ALL_VET,TOTAL,1,63400.0,,students
fi-statfin-apprenticeship-new-students,FI,Finland,2022,ALL_VET,TOTAL,1,63339.0,,students
fi-statfin-apprenticeship-new-students,FI,Finland,2023,ALL_VET,TOTAL,1,65980.0,,students
fi-statfin-apprenticeship-new-students,FI,Finland,2024,ALL_VET,TOTAL,1,67901.0,,students
fi-statfin-apprenticeship-new-students,FI,Finland,2025,ALL_VET,TOTAL,1,59455.0,,students
fi-statfin-apprenticeship-new-students,FI,Finland,2019,ALL_VET,TOTAL,2,65133.0,,students
fi-statfin-apprenticeship-new-students,FI,Finland,2020,ALL_VET,TOTAL,2,70544.0,,students
fi-statfin-apprenticeship-new-students,FI,Finland,2021,ALL_VET,TOTAL,2,75380.0,,students
fi-statfin-apprenticeship-new-students,FI,Finland,2022,ALL_VET,TOTAL,2,73633.0,,students
fi-statfin-apprenticeship-new-students,FI,Finland,2023,ALL_VET,TOTAL,2,76400.0,,students
fi-statfin-apprenticeship-new-students,FI,Finland,2024,ALL_VET,TOTAL,2,76139.0,,students
fi-statfin-apprenticeship-new-students,FI,Finland,2025,ALL_VET,TOTAL,2,62586.0,,students
fi-statfin-apprenticeship-new-students,FI,Finland,2019,ALL_VET,TOTAL,SSS,124607.0,,students
fi-statfin-apprenticeship-new-students,FI,Finland,2020,ALL_VET,TOTAL,SSS,131581.0,,students
fi-statfin-apprenticeship-new-students,FI,Finland,2021,ALL_VET,TOTAL,SSS,138782.0,,students
fi-statfin-apprenticeship-new-students,FI,Finland,2022,ALL_VET,TOTAL,SSS,136974.0,,students
fi-statfin-apprenticeship-new-students,FI,Finland,2023,ALL_VET,TOTAL,SSS,142381.0,,students
fi-statfin-apprenticeship-new-students,FI,Finland,2024,ALL_VET,TOTAL,SSS,144054.0,,students
fi-statfin-apprenticeship-new-students,FI,Finland,2025,ALL_VET,TOTAL,SSS,122041.0,,students
fi-statfin-apprenticeship-new-students,FI,Finland,2019,ANY_APPR,FURTHER,1,4700.0,,students
fi-statfin-apprenticeship-new-students,FI,Finland,2020,ANY_APPR,FURTHER,1,3022.0,,students
fi-statfin-apprenticeship-new-students,FI,Finland,2021,ANY_APPR,FURTHER,1,4838.0,,students
fi-statfin-apprenticeship-new-students,FI,Finland,2022,ANY_APPR,FURTHER,1,5453.0,,students
fi-statfin-apprenticeship-new-students,FI,Finland,2023,ANY_APPR,FURTHER,1,6108.0,,students
fi-statfin-apprenticeship-new-students,FI,Finland,2024,ANY_APPR,FURTHER,1,6206.0,,students
fi-statfin-apprenticeship-new-students,FI,Finland,2025,ANY_APPR,FURTHER,1,4756.0,,students
fi-statfin-apprenticeship-new-students,FI,Finland,2019,ANY_APPR,FURTHER,2,5901.0,,students
fi-statfin-apprenticeship-new-students,FI,Finland,2020,ANY_APPR,FURTHER,2,4758.0,,students
fi-statfin-apprenticeship-new-students,FI,Finland,2021,ANY_APPR,FURTHER,2,6703.0,,students
fi-statfin-apprenticeship-new-students,FI,Finland,2022,ANY_APPR,FURTHER,2,7303.0,,students
fi-statfin-apprenticeship-new-students,FI,Finland,2023,ANY_APPR,FURTHER,2,7681.0,,students
fi-statfin-apprenticeship-new-students,FI,Finland,2024,ANY_APPR,FURTHER,2,7914.0,,students
fi-statfin-apprenticeship-new-students,FI,Finland,2025,ANY_APPR,FURTHER,2,5585.0,,students
fi-statfin-apprenticeship-new-students,FI,Finland,2019,ANY_APPR,FURTHER,SSS,10601.0,,students
fi-statfin-apprenticeship-new-students,FI,Finland,2020,ANY_APPR,FURTHER,SSS,7780.0,,students
fi-statfin-apprenticeship-new-students,FI,Finland,2021,ANY_APPR,FURTHER,SSS,11541.0,,students
fi-statfin-apprenticeship-new-students,FI,Finland,2022,ANY_APPR,FURTHER,SSS,12756.0,,students
fi-statfin-apprenticeship-new-students,FI,Finland,2023,ANY_APPR,FURTHER,SSS,13789.0,,students
fi-statfin-apprenticeship-new-students,FI,Finland,2024,ANY_APPR,FURTHER,SSS,14120.0,,students
fi-statfin-apprenticeship-new-students,FI,Finland,2025,ANY_APPR,FURTHER,SSS,10341.0,,students
fi-statfin-apprenticeship-new-students,FI,Finland,2019,ANY_APPR,INITIAL,1,3927.0,,students
fi-statfin-apprenticeship-new-students,FI,Finland,2020,ANY_APPR,INITIAL,1,2679.0,,students
fi-statfin-apprenticeship-new-students,FI,Finland,2021,ANY_APPR,INITIAL,1,4187.0,,students
fi-statfin-apprenticeship-new-students,FI,Finland,2022,ANY_APPR,INITIAL,1,4920.0,,students
fi-statfin-apprenticeship-new-students,FI,Finland,2023,ANY_APPR,INITIAL,1,4995.0,,students
fi-statfin-apprenticeship-new-students,FI,Finland,2024,ANY_APPR,INITIAL,1,4904.0,,students
fi-statfin-apprenticeship-new-students,FI,Finland,2025,ANY_APPR,INITIAL,1,3702.0,,students
fi-statfin-apprenticeship-new-students,FI,Finland,2019,ANY_APPR,INITIAL,2,5278.0,,students
fi-statfin-apprenticeship-new-students,FI,Finland,2020,ANY_APPR,INITIAL,2,3913.0,,students
fi-statfin-apprenticeship-new-students,FI,Finland,2021,ANY_APPR,INITIAL,2,6538.0,,students
fi-statfin-apprenticeship-new-students,FI,Finland,2022,ANY_APPR,INITIAL,2,8014.0,,students
fi-statfin-apprenticeship-new-students,FI,Finland,2023,ANY_APPR,INITIAL,2,8688.0,,students
fi-statfin-apprenticeship-new-students,FI,Finland,2024,ANY_APPR,INITIAL,2,7718.0,,students
fi-statfin-apprenticeship-new-students,FI,Finland,2025,ANY_APPR,INITIAL,2,4442.0,,students
fi-statfin-apprenticeship-new-students,FI,Finland,2019,ANY_APPR,INITIAL,SSS,9205.0,,students
fi-statfin-apprenticeship-new-students,FI,Finland,2020,ANY_APPR,INITIAL,SSS,6592.0,,students
fi-statfin-apprenticeship-new-students,FI,Finland,2021,ANY_APPR,INITIAL,SSS,10725.0,,students
fi-statfin-apprenticeship-new-students,FI,Finland,2022,ANY_APPR,INITIAL,SSS,12934.0,,students
fi-statfin-apprenticeship-new-students,FI,Finland,2023,ANY_APPR,INITIAL,SSS,13683.0,,students
fi-statfin-apprenticeship-new-students,FI,Finland,2024,ANY_APPR,INITIAL,SSS,12623.0,,students
fi-statfin-apprenticeship-new-students,FI,Finland,2025,ANY_APPR,INITIAL,SSS,8144.0,,students
fi-statfin-apprenticeship-new-students,FI,Finland,2019,ANY_APPR,SPECIALIST,1,2626.0,,students
fi-statfin-apprenticeship-new-students,FI,Finland,2020,ANY_APPR,SPECIALIST,1,2041.0,,students
fi-statfin-apprenticeship-new-students,FI,Finland,2021,ANY_APPR,SPECIALIST,1,2552.0,,students
fi-statfin-apprenticeship-new-students,FI,Finland,2022,ANY_APPR,SPECIALIST,1,2674.0,,students
fi-statfin-apprenticeship-new-students,FI,Finland,2023,ANY_APPR,SPECIALIST,1,2739.0,,students
fi-statfin-apprenticeship-new-students,FI,Finland,2024,ANY_APPR,SPECIALIST,1,2974.0,,students
fi-statfin-apprenticeship-new-students,FI,Finland,2025,ANY_APPR,SPECIALIST,1,1892.0,,students
fi-statfin-apprenticeship-new-students,FI,Finland,2019,ANY_APPR,SPECIALIST,2,4778.0,,students
fi-statfin-apprenticeship-new-students,FI,Finland,2020,ANY_APPR,SPECIALIST,2,3971.0,,students
fi-statfin-apprenticeship-new-students,FI,Finland,2021,ANY_APPR,SPECIALIST,2,4986.0,,students
fi-statfin-apprenticeship-new-students,FI,Finland,2022,ANY_APPR,SPECIALIST,2,4477.0,,students
fi-statfin-apprenticeship-new-students,FI,Finland,2023,ANY_APPR,SPECIALIST,2,5393.0,,students
fi-statfin-apprenticeship-new-students,FI,Finland,2024,ANY_APPR,SPECIALIST,2,5276.0,,students
fi-statfin-apprenticeship-new-students,FI,Finland,2025,ANY_APPR,SPECIALIST,2,3961.0,,students
fi-statfin-apprenticeship-new-students,FI,Finland,2019,ANY_APPR,SPECIALIST,SSS,7404.0,,students
fi-statfin-apprenticeship-new-students,FI,Finland,2020,ANY_APPR,SPECIALIST,SSS,6012.0,,students
fi-statfin-apprenticeship-new-students,FI,Finland,2021,ANY_APPR,SPECIALIST,SSS,7538.0,,students
fi-statfin-apprenticeship-new-students,FI,Finland,2022,ANY_APPR,SPECIALIST,SSS,7151.0,,students
fi-statfin-apprenticeship-new-students,FI,Finland,2023,ANY_APPR,SPECIALIST,SSS,8132.0,,students
fi-statfin-apprenticeship-new-students,FI,Finland,2024,ANY_APPR,SPECIALIST,SSS,8252.0,,students
fi-statfin-apprenticeship-new-students,FI,Finland,2025,ANY_APPR,SPECIALIST,SSS,5853.0,,students
fi-statfin-apprenticeship-new-students,FI,Finland,2019,ANY_APPR,TOTAL,1,11253.0,,students
fi-statfin-apprenticeship-new-students,FI,Finland,2020,ANY_APPR,TOTAL,1,7742.0,,students
fi-statfin-apprenticeship-new-students,FI,Finland,2021,ANY_APPR,TOTAL,1,11577.0,,students
fi-statfin-apprenticeship-new-students,FI,Finland,2022,ANY_APPR,TOTAL,1,13047.0,,students
fi-statfin-apprenticeship-new-students,FI,Finland,2023,ANY_APPR,TOTAL,1,13842.0,,students
fi-statfin-apprenticeship-new-students,FI,Finland,2024,ANY_APPR,TOTAL,1,14084.0,,students
fi-statfin-apprenticeship-new-students,FI,Finland,2025,ANY_APPR,TOTAL,1,10350.0,,students
fi-statfin-apprenticeship-new-students,FI,Finland,2019,ANY_APPR,TOTAL,2,15957.0,,students
fi-statfin-apprenticeship-new-students,FI,Finland,2020,ANY_APPR,TOTAL,2,12642.0,,students
fi-statfin-apprenticeship-new-students,FI,Finland,2021,ANY_APPR,TOTAL,2,18227.0,,students
fi-statfin-apprenticeship-new-students,FI,Finland,2022,ANY_APPR,TOTAL,2,19794.0,,students
fi-statfin-apprenticeship-new-students,FI,Finland,2023,ANY_APPR,TOTAL,2,21762.0,,students
fi-statfin-apprenticeship-new-students,FI,Finland,2024,ANY_APPR,TOTAL,2,20908.0,,students
fi-statfin-apprenticeship-new-students,FI,Finland,2025,ANY_APPR,TOTAL,2,13988.0,,students
fi-statfin-apprenticeship-new-students,FI,Finland,2019,ANY_APPR,TOTAL,SSS,27210.0,,students
fi-statfin-apprenticeship-new-students,FI,Finland,2020,ANY_APPR,TOTAL,SSS,20384.0,,students
fi-statfin-apprenticeship-new-students,FI,Finland,2021,ANY_APPR,TOTAL,SSS,29804.0,,students
fi-statfin-apprenticeship-new-students,FI,Finland,2022,ANY_APPR,TOTAL,SSS,32841.0,,students
fi-statfin-apprenticeship-new-students,FI,Finland,2023,ANY_APPR,TOTAL,SSS,35604.0,,students
fi-statfin-apprenticeship-new-students,FI,Finland,2024,ANY_APPR,TOTAL,SSS,34995.0,,students
fi-statfin-apprenticeship-new-students,FI,Finland,2025,ANY_APPR,TOTAL,SSS,24338.0,,students
fi-statfin-apprenticeship-new-students,FI,Finland,2019,APPR_AND_TA,FURTHER,1,48.0,,students
fi-statfin-apprenticeship-new-students,FI,Finland,2020,APPR_AND_TA,FURTHER,1,10.0,,students
fi-statfin-apprenticeship-new-students,FI,Finland,2021,APPR_AND_TA,FURTHER,1,53.0,,students
fi-statfin-apprenticeship-new-students,FI,Finland,2022,APPR_AND_TA,FURTHER,1,46.0,,students
fi-statfin-apprenticeship-new-students,FI,Finland,2023,APPR_AND_TA,FURTHER,1,62.0,,students
fi-statfin-apprenticeship-new-students,FI,Finland,2024,APPR_AND_TA,FURTHER,1,57.0,,students
fi-statfin-apprenticeship-new-students,FI,Finland,2025,APPR_AND_TA,FURTHER,1,48.0,,students
fi-statfin-apprenticeship-new-students,FI,Finland,2019,APPR_AND_TA,FURTHER,2,118.0,,students
fi-statfin-apprenticeship-new-students,FI,Finland,2020,APPR_AND_TA,FURTHER,2,26.0,,students
fi-statfin-apprenticeship-new-students,FI,Finland,2021,APPR_AND_TA,FURTHER,2,106.0,,students
fi-statfin-apprenticeship-new-students,FI,Finland,2022,APPR_AND_TA,FURTHER,2,104.0,,students
fi-statfin-apprenticeship-new-students,FI,Finland,2023,APPR_AND_TA,FURTHER,2,147.0,,students
fi-statfin-apprenticeship-new-students,FI,Finland,2024,APPR_AND_TA,FURTHER,2,103.0,,students
fi-statfin-apprenticeship-new-students,FI,Finland,2025,APPR_AND_TA,FURTHER,2,65.0,,students
fi-statfin-apprenticeship-new-students,FI,Finland,2019,APPR_AND_TA,FURTHER,SSS,166.0,,students
fi-statfin-apprenticeship-new-students,FI,Finland,2020,APPR_AND_TA,FURTHER,SSS,36.0,,students
fi-statfin-apprenticeship-new-students,FI,Finland,2021,APPR_AND_TA,FURTHER,SSS,159.0,,students
fi-statfin-apprenticeship-new-students,FI,Finland,2022,APPR_AND_TA,FURTHER,SSS,150.0,,students
fi-statfin-apprenticeship-new-students,FI,Finland,2023,APPR_AND_TA,FURTHER,SSS,209.0,,students
fi-statfin-apprenticeship-new-students,FI,Finland,2024,APPR_AND_TA,FURTHER,SSS,160.0,,students
fi-statfin-apprenticeship-new-students,FI,Finland,2025,APPR_AND_TA,FURTHER,SSS,113.0,,students
fi-statfin-apprenticeship-new-students,FI,Finland,2019,APPR_AND_TA,INITIAL,1,315.0,,students
fi-statfin-apprenticeship-new-students,FI,Finland,2020,APPR_AND_TA,INITIAL,1,53.0,,students
fi-statfin-apprenticeship-new-students,FI,Finland,2021,APPR_AND_TA,INITIAL,1,422.0,,students
fi-statfin-apprenticeship-new-students,FI,Finland,2022,APPR_AND_TA,INITIAL,1,481.0,,students
fi-statfin-apprenticeship-new-students,FI,Finland,2023,APPR_AND_TA,INITIAL,1,405.0,,students
fi-statfin-apprenticeship-new-students,FI,Finland,2024,APPR_AND_TA,INITIAL,1,444.0,,students
fi-statfin-apprenticeship-new-students,FI,Finland,2025,APPR_AND_TA,INITIAL,1,359.0,,students
fi-statfin-apprenticeship-new-students,FI,Finland,2019,APPR_AND_TA,INITIAL,2,419.0,,students
fi-statfin-apprenticeship-new-students,FI,Finland,2020,APPR_AND_TA,INITIAL,2,100.0,,students
fi-statfin-apprenticeship-new-students,FI,Finland,2021,APPR_AND_TA,INITIAL,2,506.0,,students
fi-statfin-apprenticeship-new-students,FI,Finland,2022,APPR_AND_TA,INITIAL,2,577.0,,students
fi-statfin-apprenticeship-new-students,FI,Finland,2023,APPR_AND_TA,INITIAL,2,533.0,,students
fi-statfin-apprenticeship-new-students,FI,Finland,2024,APPR_AND_TA,INITIAL,2,415.0,,students
fi-statfin-apprenticeship-new-students,FI,Finland,2025,APPR_AND_TA,INITIAL,2,269.0,,students
fi-statfin-apprenticeship-new-students,FI,Finland,2019,APPR_AND_TA,INITIAL,SSS,734.0,,students
fi-statfin-apprenticeship-new-students,FI,Finland,2020,APPR_AND_TA,INITIAL,SSS,153.0,,students
fi-statfin-apprenticeship-new-students,FI,Finland,2021,APPR_AND_TA,INITIAL,SSS,928.0,,students
fi-statfin-apprenticeship-new-students,FI,Finland,2022,APPR_AND_TA,INITIAL,SSS,1058.0,,students
fi-statfin-apprenticeship-new-students,FI,Finland,2023,APPR_AND_TA,INITIAL,SSS,938.0,,students
fi-statfin-apprenticeship-new-students,FI,Finland,2024,APPR_AND_TA,INITIAL,SSS,859.0,,students
fi-statfin-apprenticeship-new-students,FI,Finland,2025,APPR_AND_TA,INITIAL,SSS,628.0,,students
fi-statfin-apprenticeship-new-students,FI,Finland,2019,APPR_AND_TA,SPECIALIST,1,3.0,,students
fi-statfin-apprenticeship-new-students,FI,Finland,2020,APPR_AND_TA,SPECIALIST,1,1.0,,students
fi-statfin-apprenticeship-new-students,FI,Finland,2021,APPR_AND_TA,SPECIALIST,1,1.0,,students
fi-statfin-apprenticeship-new-students,FI,Finland,2022,APPR_AND_TA,SPECIALIST,1,12.0,,students
fi-statfin-apprenticeship-new-students,FI,Finland,2023,APPR_AND_TA,SPECIALIST,1,2.0,,students
fi-statfin-apprenticeship-new-students,FI,Finland,2024,APPR_AND_TA,SPECIALIST,1,5.0,,students
fi-statfin-apprenticeship-new-students,FI,Finland,2025,APPR_AND_TA,SPECIALIST,1,4.0,,students
fi-statfin-apprenticeship-new-students,FI,Finland,2019,APPR_AND_TA,SPECIALIST,2,5.0,,students
fi-statfin-apprenticeship-new-students,FI,Finland,2020,APPR_AND_TA,SPECIALIST,2,3.0,,students
fi-statfin-apprenticeship-new-students,FI,Finland,2021,APPR_AND_TA,SPECIALIST,2,4.0,,students
fi-statfin-apprenticeship-new-students,FI,Finland,2022,APPR_AND_TA,SPECIALIST,2,12.0,,students
fi-statfin-apprenticeship-new-students,FI,Finland,2023,APPR_AND_TA,SPECIALIST,2,11.0,,students
fi-statfin-apprenticeship-new-students,FI,Finland,2024,APPR_AND_TA,SPECIALIST,2,5.0,,students
fi-statfin-apprenticeship-new-students,FI,Finland,2025,APPR_AND_TA,SPECIALIST,2,7.0,,students
fi-statfin-apprenticeship-new-students,FI,Finland,2019,APPR_AND_TA,SPECIALIST,SSS,8.0,,students
fi-statfin-apprenticeship-new-students,FI,Finland,2020,APPR_AND_TA,SPECIALIST,SSS,4.0,,students
fi-statfin-apprenticeship-new-students,FI,Finland,2021,APPR_AND_TA,SPECIALIST,SSS,5.0,,students
fi-statfin-apprenticeship-new-students,FI,Finland,2022,APPR_AND_TA,SPECIALIST,SSS,24.0,,students
fi-statfin-apprenticeship-new-students,FI,Finland,2023,APPR_AND_TA,SPECIALIST,SSS,13.0,,students
fi-statfin-apprenticeship-new-students,FI,Finland,2024,APPR_AND_TA,SPECIALIST,SSS,10.0,,students
fi-statfin-apprenticeship-new-students,FI,Finland,2025,APPR_AND_TA,SPECIALIST,SSS,11.0,,students
fi-statfin-apprenticeship-new-students,FI,Finland,2019,APPR_AND_TA,TOTAL,1,366.0,,students
fi-statfin-apprenticeship-new-students,FI,Finland,2020,APPR_AND_TA,TOTAL,1,64.0,,students
fi-statfin-apprenticeship-new-students,FI,Finland,2021,APPR_AND_TA,TOTAL,1,476.0,,students
fi-statfin-apprenticeship-new-students,FI,Finland,2022,APPR_AND_TA,TOTAL,1,539.0,,students
fi-statfin-apprenticeship-new-students,FI,Finland,2023,APPR_AND_TA,TOTAL,1,469.0,,students
fi-statfin-apprenticeship-new-students,FI,Finland,2024,APPR_AND_TA,TOTAL,1,506.0,,students
fi-statfin-apprenticeship-new-students,FI,Finland,2025,APPR_AND_TA,TOTAL,1,411.0,,students
fi-statfin-apprenticeship-new-students,FI,Finland,2019,APPR_AND_TA,TOTAL,2,542.0,,students
fi-statfin-apprenticeship-new-students,FI,Finland,2020,APPR_AND_TA,TOTAL,2,129.0,,students
fi-statfin-apprenticeship-new-students,FI,Finland,2021,APPR_AND_TA,TOTAL,2,616.0,,students
fi-statfin-apprenticeship-new-students,FI,Finland,2022,APPR_AND_TA,TOTAL,2,693.0,,students
fi-statfin-apprenticeship-new-students,FI,Finland,2023,APPR_AND_TA,TOTAL,2,691.0,,students
fi-statfin-apprenticeship-new-students,FI,Finland,2024,APPR_AND_TA,TOTAL,2,523.0,,students
fi-statfin-apprenticeship-new-students,FI,Finland,2025,APPR_AND_TA,TOTAL,2,341.0,,students
fi-statfin-apprenticeship-new-students,FI,Finland,2019,APPR_AND_TA,TOTAL,SSS,908.0,,students
fi-statfin-apprenticeship-new-students,FI,Finland,2020,APPR_AND_TA,TOTAL,SSS,193.0,,students
fi-statfin-apprenticeship-new-students,FI,Finland,2021,APPR_AND_TA,TOTAL,SSS,1092.0,,students
fi-statfin-apprenticeship-new-students,FI,Finland,2022,APPR_AND_TA,TOTAL,SSS,1232.0,,students
fi-statfin-apprenticeship-new-students,FI,Finland,2023,APPR_AND_TA,TOTAL,SSS,1160.0,,students
fi-statfin-apprenticeship-new-students,FI,Finland,2024,APPR_AND_TA,TOTAL,SSS,1029.0,,students
fi-statfin-apprenticeship-new-students,FI,Finland,2025,APPR_AND_TA,TOTAL,SSS,752.0,,students
fi-statfin-apprenticeship-new-students,FI,Finland,2019,APPR_ONLY,FURTHER,1,4652.0,,students
fi-statfin-apprenticeship-new-students,FI,Finland,2020,APPR_ONLY,FURTHER,1,3012.0,,students
fi-statfin-apprenticeship-new-students,FI,Finland,2021,APPR_ONLY,FURTHER,1,4785.0,,students
fi-statfin-apprenticeship-new-students,FI,Finland,2022,APPR_ONLY,FURTHER,1,5407.0,,students
fi-statfin-apprenticeship-new-students,FI,Finland,2023,APPR_ONLY,FURTHER,1,6046.0,,students
fi-statfin-apprenticeship-new-students,FI,Finland,2024,APPR_ONLY,FURTHER,1,6149.0,,students
fi-statfin-apprenticeship-new-students,FI,Finland,2025,APPR_ONLY,FURTHER,1,4708.0,,students
fi-statfin-apprenticeship-new-students,FI,Finland,2019,APPR_ONLY,FURTHER,2,5783.0,,students
fi-statfin-apprenticeship-new-students,FI,Finland,2020,APPR_ONLY,FURTHER,2,4732.0,,students
fi-statfin-apprenticeship-new-students,FI,Finland,2021,APPR_ONLY,FURTHER,2,6597.0,,students
fi-statfin-apprenticeship-new-students,FI,Finland,2022,APPR_ONLY,FURTHER,2,7199.0,,students
fi-statfin-apprenticeship-new-students,FI,Finland,2023,APPR_ONLY,FURTHER,2,7534.0,,students
fi-statfin-apprenticeship-new-students,FI,Finland,2024,APPR_ONLY,FURTHER,2,7811.0,,students
fi-statfin-apprenticeship-new-students,FI,Finland,2025,APPR_ONLY,FURTHER,2,5520.0,,students
fi-statfin-apprenticeship-new-students,FI,Finland,2019,APPR_ONLY,FURTHER,SSS,10435.0,,students
fi-statfin-apprenticeship-new-students,FI,Finland,2020,APPR_ONLY,FURTHER,SSS,7744.0,,students
fi-statfin-apprenticeship-new-students,FI,Finland,2021,APPR_ONLY,FURTHER,SSS,11382.0,,students
fi-statfin-apprenticeship-new-students,FI,Finland,2022,APPR_ONLY,FURTHER,SSS,12606.0,,students
fi-statfin-apprenticeship-new-students,FI,Finland,2023,APPR_ONLY,FURTHER,SSS,13580.0,,students
fi-statfin-apprenticeship-new-students,FI,Finland,2024,APPR_ONLY,FURTHER,SSS,13960.0,,students
fi-statfin-apprenticeship-new-students,FI,Finland,2025,APPR_ONLY,FURTHER,SSS,10228.0,,students
fi-statfin-apprenticeship-new-students,FI,Finland,2019,APPR_ONLY,INITIAL,1,3612.0,,students
fi-statfin-apprenticeship-new-students,FI,Finland,2020,APPR_ONLY,INITIAL,1,2626.0,,students
fi-statfin-apprenticeship-new-students,FI,Finland,2021,APPR_ONLY,INITIAL,1,3765.0,,students
fi-statfin-apprenticeship-new-students,FI,Finland,2022,APPR_ONLY,INITIAL,1,4439.0,,students
fi-statfin-apprenticeship-new-students,FI,Finland,2023,APPR_ONLY,INITIAL,1,4590.0,,students
fi-statfin-apprenticeship-new-students,FI,Finland,2024,APPR_ONLY,INITIAL,1,4460.0,,students
fi-statfin-apprenticeship-new-students,FI,Finland,2025,APPR_ONLY,INITIAL,1,3343.0,,students
fi-statfin-apprenticeship-new-students,FI,Finland,2019,APPR_ONLY,INITIAL,2,4859.0,,students
fi-statfin-apprenticeship-new-students,FI,Finland,2020,APPR_ONLY,INITIAL,2,3813.0,,students
fi-statfin-apprenticeship-new-students,FI,Finland,2021,APPR_ONLY,INITIAL,2,6032.0,,students
fi-statfin-apprenticeship-new-students,FI,Finland,2022,APPR_ONLY,INITIAL,2,7437.0,,students
fi-statfin-apprenticeship-new-students,FI,Finland,2023,APPR_ONLY,INITIAL,2,8155.0,,students
fi-statfin-apprenticeship-new-students,FI,Finland,2024,APPR_ONLY,INITIAL,2,7303.0,,students
fi-statfin-apprenticeship-new-students,FI,Finland,2025,APPR_ONLY,INITIAL,2,4173.0,,students
fi-statfin-apprenticeship-new-students,FI,Finland,2019,APPR_ONLY,INITIAL,SSS,8471.0,,students
fi-statfin-apprenticeship-new-students,FI,Finland,2020,APPR_ONLY,INITIAL,SSS,6439.0,,students
fi-statfin-apprenticeship-new-students,FI,Finland,2021,APPR_ONLY,INITIAL,SSS,9797.0,,students
fi-statfin-apprenticeship-new-students,FI,Finland,2022,APPR_ONLY,INITIAL,SSS,11876.0,,students
fi-statfin-apprenticeship-new-students,FI,Finland,2023,APPR_ONLY,INITIAL,SSS,12745.0,,students
fi-statfin-apprenticeship-new-students,FI,Finland,2024,APPR_ONLY,INITIAL,SSS,11764.0,,students
fi-statfin-apprenticeship-new-students,FI,Finland,2025,APPR_ONLY,INITIAL,SSS,7516.0,,students
fi-statfin-apprenticeship-new-students,FI,Finland,2019,APPR_ONLY,SPECIALIST,1,2623.0,,students
fi-statfin-apprenticeship-new-students,FI,Finland,2020,APPR_ONLY,SPECIALIST,1,2040.0,,students
fi-statfin-apprenticeship-new-students,FI,Finland,2021,APPR_ONLY,SPECIALIST,1,2551.0,,students
fi-statfin-apprenticeship-new-students,FI,Finland,2022,APPR_ONLY,SPECIALIST,1,2662.0,,students
fi-statfin-apprenticeship-new-students,FI,Finland,2023,APPR_ONLY,SPECIALIST,1,2737.0,,students
fi-statfin-apprenticeship-new-students,FI,Finland,2024,APPR_ONLY,SPECIALIST,1,2969.0,,students
fi-statfin-apprenticeship-new-students,FI,Finland,2025,APPR_ONLY,SPECIALIST,1,1888.0,,students
fi-statfin-apprenticeship-new-students,FI,Finland,2019,APPR_ONLY,SPECIALIST,2,4773.0,,students
fi-statfin-apprenticeship-new-students,FI,Finland,2020,APPR_ONLY,SPECIALIST,2,3968.0,,students
fi-statfin-apprenticeship-new-students,FI,Finland,2021,APPR_ONLY,SPECIALIST,2,4982.0,,students
fi-statfin-apprenticeship-new-students,FI,Finland,2022,APPR_ONLY,SPECIALIST,2,4465.0,,students
fi-statfin-apprenticeship-new-students,FI,Finland,2023,APPR_ONLY,SPECIALIST,2,5382.0,,students
fi-statfin-apprenticeship-new-students,FI,Finland,2024,APPR_ONLY,SPECIALIST,2,5271.0,,students
fi-statfin-apprenticeship-new-students,FI,Finland,2025,APPR_ONLY,SPECIALIST,2,3954.0,,students
fi-statfin-apprenticeship-new-students,FI,Finland,2019,APPR_ONLY,SPECIALIST,SSS,7396.0,,students
fi-statfin-apprenticeship-new-students,FI,Finland,2020,APPR_ONLY,SPECIALIST,SSS,6008.0,,students
fi-statfin-apprenticeship-new-students,FI,Finland,2021,APPR_ONLY,SPECIALIST,SSS,7533.0,,students
fi-statfin-apprenticeship-new-students,FI,Finland,2022,APPR_ONLY,SPECIALIST,SSS,7127.0,,students
fi-statfin-apprenticeship-new-students,FI,Finland,2023,APPR_ONLY,SPECIALIST,SSS,8119.0,,students
fi-statfin-apprenticeship-new-students,FI,Finland,2024,APPR_ONLY,SPECIALIST,SSS,8242.0,,students
fi-statfin-apprenticeship-new-students,FI,Finland,2025,APPR_ONLY,SPECIALIST,SSS,5842.0,,students
fi-statfin-apprenticeship-new-students,FI,Finland,2019,APPR_ONLY,TOTAL,1,10887.0,,students
fi-statfin-apprenticeship-new-students,FI,Finland,2020,APPR_ONLY,TOTAL,1,7678.0,,students
fi-statfin-apprenticeship-new-students,FI,Finland,2021,APPR_ONLY,TOTAL,1,11101.0,,students
fi-statfin-apprenticeship-new-students,FI,Finland,2022,APPR_ONLY,TOTAL,1,12508.0,,students
fi-statfin-apprenticeship-new-students,FI,Finland,2023,APPR_ONLY,TOTAL,1,13373.0,,students
fi-statfin-apprenticeship-new-students,FI,Finland,2024,APPR_ONLY,TOTAL,1,13578.0,,students
fi-statfin-apprenticeship-new-students,FI,Finland,2025,APPR_ONLY,TOTAL,1,9939.0,,students
fi-statfin-apprenticeship-new-students,FI,Finland,2019,APPR_ONLY,TOTAL,2,15415.0,,students
fi-statfin-apprenticeship-new-students,FI,Finland,2020,APPR_ONLY,TOTAL,2,12513.0,,students
fi-statfin-apprenticeship-new-students,FI,Finland,2021,APPR_ONLY,TOTAL,2,17611.0,,students
fi-statfin-apprenticeship-new-students,FI,Finland,2022,APPR_ONLY,TOTAL,2,19101.0,,students
fi-statfin-apprenticeship-new-students,FI,Finland,2023,APPR_ONLY,TOTAL,2,21071.0,,students
fi-statfin-apprenticeship-new-students,FI,Finland,2024,APPR_ONLY,TOTAL,2,20385.0,,students
fi-statfin-apprenticeship-new-students,FI,Finland,2025,APPR_ONLY,TOTAL,2,13647.0,,students
fi-statfin-apprenticeship-new-students,FI,Finland,2019,APPR_ONLY,TOTAL,SSS,26302.0,,students
fi-statfin-apprenticeship-new-students,FI,Finland,2020,APPR_ONLY,TOTAL,SSS,20191.0,,students
fi-statfin-apprenticeship-new-students,FI,Finland,2021,APPR_ONLY,TOTAL,SSS,28712.0,,students
fi-statfin-apprenticeship-new-students,FI,Finland,2022,APPR_ONLY,TOTAL,SSS,31609.0,,students
fi-statfin-apprenticeship-new-students,FI,Finland,2023,APPR_ONLY,TOTAL,SSS,34444.0,,students
fi-statfin-apprenticeship-new-students,FI,Finland,2024,APPR_ONLY,TOTAL,SSS,33966.0,,students
fi-statfin-apprenticeship-new-students,FI,Finland,2025,APPR_ONLY,TOTAL,SSS,23586.0,,students
