indicator,geo,geo_name,time,scope,value,flag,unit
fr-dares-apprentices-stock,FR,France,2013-01,HIGHER,140654.0,,apprentices
fr-dares-apprentices-stock,FR,France,2013-02,HIGHER,140361.0,,apprentices
fr-dares-apprentices-stock,FR,France,2013-03,HIGHER,139909.0,,apprentices
fr-dares-apprentices-stock,FR,France,2013-04,HIGHER,139570.0,,apprentices
fr-dares-apprentices-stock,FR,France,2013-05,HIGHER,139039.0,,apprentices
fr-dares-apprentices-stock,FR,France,2013-06,HIGHER,137985.0,,apprentices
fr-dares-apprentices-stock,FR,France,2013-07,HIGHER,135096.0,,apprentices
fr-dares-apprentices-stock,FR,France,2013-08,HIGHER,129833.0,,apprentices
fr-dares-apprentices-stock,FR,France,2013-09,HIGHER,140617.0,,apprentices
fr-dares-apprentices-stock,FR,France,2013-10,HIGHER,140714.0,,apprentices
fr-dares-apprentices-stock,FR,France,2013-11,HIGHER,141182.0,,apprentices
fr-dares-apprentices-stock,FR,France,2013-12,HIGHER,142058.0,,apprentices
fr-dares-apprentices-stock,FR,France,2014-01,HIGHER,141757.0,,apprentices
fr-dares-apprentices-stock,FR,France,2014-02,HIGHER,141437.0,,apprentices
fr-dares-apprentices-stock,FR,France,2014-03,HIGHER,140904.0,,apprentices
fr-dares-apprentices-stock,FR,France,2014-04,HIGHER,140404.0,,apprentices
fr-dares-apprentices-stock,FR,France,2014-05,HIGHER,139820.0,,apprentices
fr-dares-apprentices-stock,FR,France,2014-06,HIGHER,139017.0,,apprentices
fr-dares-apprentices-stock,FR,France,2014-07,HIGHER,135575.0,,apprentices
fr-dares-apprentices-stock,FR,France,2014-08,HIGHER,128604.0,,apprentices
fr-dares-apprentices-stock,FR,France,2014-09,HIGHER,140339.0,,apprentices
fr-dares-apprentices-stock,FR,France,2014-10,HIGHER,139876.0,,apprentices
fr-dares-apprentices-stock,FR,France,2014-11,HIGHER,140287.0,,apprentices
fr-dares-apprentices-stock,FR,France,2014-12,HIGHER,141296.0,,apprentices
fr-dares-apprentices-stock,FR,France,2015-01,HIGHER,140969.0,,apprentices
fr-dares-apprentices-stock,FR,France,2015-02,HIGHER,140610.0,,apprentices
fr-dares-apprentices-stock,FR,France,2015-03,HIGHER,140181.0,,apprentices
fr-dares-apprentices-stock,FR,France,2015-04,HIGHER,139612.0,,apprentices
fr-dares-apprentices-stock,FR,France,2015-05,HIGHER,138984.0,,apprentices
fr-dares-apprentices-stock,FR,France,2015-06,HIGHER,138232.0,,apprentices
fr-dares-apprentices-stock,FR,France,2015-07,HIGHER,135006.0,,apprentices
fr-dares-apprentices-stock,FR,France,2015-08,HIGHER,133309.0,,apprentices
fr-dares-apprentices-stock,FR,France,2015-09,HIGHER,145703.0,,apprentices
fr-dares-apprentices-stock,FR,France,2015-10,HIGHER,145117.0,,apprentices
fr-dares-apprentices-stock,FR,France,2015-11,HIGHER,146401.0,,apprentices
fr-dares-apprentices-stock,FR,France,2015-12,HIGHER,146932.0,,apprentices
fr-dares-apprentices-stock,FR,France,2016-01,HIGHER,146758.0,,apprentices
fr-dares-apprentices-stock,FR,France,2016-02,HIGHER,146419.0,,apprentices
fr-dares-apprentices-stock,FR,France,2016-03,HIGHER,146018.0,,apprentices
fr-dares-apprentices-stock,FR,France,2016-04,HIGHER,145364.0,,apprentices
fr-dares-apprentices-stock,FR,France,2016-05,HIGHER,144850.0,,apprentices
fr-dares-apprentices-stock,FR,France,2016-06,HIGHER,143997.0,,apprentices
fr-dares-apprentices-stock,FR,France,2016-07,HIGHER,139695.0,,apprentices
fr-dares-apprentices-stock,FR,France,2016-08,HIGHER,139383.0,,apprentices
fr-dares-apprentices-stock,FR,France,2016-09,HIGHER,153177.0,,apprentices
fr-dares-apprentices-stock,FR,France,2016-10,HIGHER,153339.0,,apprentices
fr-dares-apprentices-stock,FR,France,2016-11,HIGHER,154834.0,,apprentices
fr-dares-apprentices-stock,FR,France,2016-12,HIGHER,155283.0,,apprentices
fr-dares-apprentices-stock,FR,France,2017-01,HIGHER,154968.0,,apprentices
fr-dares-apprentices-stock,FR,France,2017-02,HIGHER,154543.0,,apprentices
fr-dares-apprentices-stock,FR,France,2017-03,HIGHER,153985.0,,apprentices
fr-dares-apprentices-stock,FR,France,2017-04,HIGHER,153180.0,,apprentices
fr-dares-apprentices-stock,FR,France,2017-05,HIGHER,152594.0,,apprentices
fr-dares-apprentices-stock,FR,France,2017-06,HIGHER,151532.0,,apprentices
fr-dares-apprentices-stock,FR,France,2017-07,HIGHER,146513.0,,apprentices
fr-dares-apprentices-stock,FR,France,2017-08,HIGHER,144881.0,,apprentices
fr-dares-apprentices-stock,FR,France,2017-09,HIGHER,161366.0,,apprentices
fr-dares-apprentices-stock,FR,France,2017-10,HIGHER,165901.0,,apprentices
fr-dares-apprentices-stock,FR,France,2017-11,HIGHER,166747.0,,apprentices
fr-dares-apprentices-stock,FR,France,2017-12,HIGHER,167048.0,,apprentices
fr-dares-apprentices-stock,FR,France,2018-01,HIGHER,166506.0,,apprentices
fr-dares-apprentices-stock,FR,France,2018-02,HIGHER,165879.0,,apprentices
fr-dares-apprentices-stock,FR,France,2018-03,HIGHER,164987.0,,apprentices
fr-dares-apprentices-stock,FR,France,2018-04,HIGHER,164236.0,,apprentices
fr-dares-apprentices-stock,FR,France,2018-05,HIGHER,163555.0,,apprentices
fr-dares-apprentices-stock,FR,France,2018-06,HIGHER,161622.0,,apprentices
fr-dares-apprentices-stock,FR,France,2018-07,HIGHER,156693.0,,apprentices
fr-dares-apprentices-stock,FR,France,2018-08,HIGHER,153729.0,,apprentices
fr-dares-apprentices-stock,FR,France,2018-09,HIGHER,172045.0,,apprentices
fr-dares-apprentices-stock,FR,France,2018-10,HIGHER,177842.0,,apprentices
fr-dares-apprentices-stock,FR,France,2018-11,HIGHER,178621.0,,apprentices
fr-dares-apprentices-stock,FR,France,2018-12,HIGHER,178860.0,,apprentices
fr-dares-apprentices-stock,FR,France,2019-01,HIGHER,177923.0,,apprentices
fr-dares-apprentices-stock,FR,France,2019-02,HIGHER,177226.0,,apprentices
fr-dares-apprentices-stock,FR,France,2019-03,HIGHER,176116.0,,apprentices
fr-dares-apprentices-stock,FR,France,2019-04,HIGHER,175228.0,,apprentices
fr-dares-apprentices-stock,FR,France,2019-05,HIGHER,174319.0,,apprentices
fr-dares-apprentices-stock,FR,France,2019-06,HIGHER,171796.0,,apprentices
fr-dares-apprentices-stock,FR,France,2019-07,HIGHER,166238.0,,apprentices
fr-dares-apprentices-stock,FR,France,2019-08,HIGHER,158521.0,,apprentices
fr-dares-apprentices-stock,FR,France,2019-09,HIGHER,207964.0,,apprentices
fr-dares-apprentices-stock,FR,France,2019-10,HIGHER,216203.0,,apprentices
fr-dares-apprentices-stock,FR,France,2019-11,HIGHER,219282.0,,apprentices
fr-dares-apprentices-stock,FR,France,2019-12,HIGHER,220531.0,,apprentices
fr-dares-apprentices-stock,FR,France,2020-01,HIGHER,220624.0,,apprentices
fr-dares-apprentices-stock,FR,France,2020-02,HIGHER,219937.0,,apprentices
fr-dares-apprentices-stock,FR,France,2020-03,HIGHER,219409.0,,apprentices
fr-dares-apprentices-stock,FR,France,2020-04,HIGHER,218838.0,,apprentices
fr-dares-apprentices-stock,FR,France,2020-05,HIGHER,217911.0,,apprentices
fr-dares-apprentices-stock,FR,France,2020-06,HIGHER,215405.0,,apprentices
fr-dares-apprentices-stock,FR,France,2020-07,HIGHER,211652.0,,apprentices
fr-dares-apprentices-stock,FR,France,2020-08,HIGHER,219417.0,,apprentices
fr-dares-apprentices-stock,FR,France,2020-09,HIGHER,311342.0,,apprentices
fr-dares-apprentices-stock,FR,France,2020-10,HIGHER,344302.0,,apprentices
fr-dares-apprentices-stock,FR,France,2020-11,HIGHER,357057.0,,apprentices
fr-dares-apprentices-stock,FR,France,2020-12,HIGHER,361957.0,,apprentices
fr-dares-apprentices-stock,FR,France,2021-01,HIGHER,368074.0,,apprentices
fr-dares-apprentices-stock,FR,France,2021-02,HIGHER,373859.0,,apprentices
fr-dares-apprentices-stock,FR,France,2021-03,HIGHER,375440.0,,apprentices
fr-dares-apprentices-stock,FR,France,2021-04,HIGHER,374589.0,,apprentices
fr-dares-apprentices-stock,FR,France,2021-05,HIGHER,372497.0,,apprentices
fr-dares-apprentices-stock,FR,France,2021-06,HIGHER,369190.0,,apprentices
fr-dares-apprentices-stock,FR,France,2021-07,HIGHER,359928.0,,apprentices
fr-dares-apprentices-stock,FR,France,2021-08,HIGHER,369270.0,,apprentices
fr-dares-apprentices-stock,FR,France,2021-09,HIGHER,478810.0,,apprentices
fr-dares-apprentices-stock,FR,France,2021-10,HIGHER,499214.0,,apprentices
fr-dares-apprentices-stock,FR,France,2021-11,HIGHER,510049.0,,apprentices
fr-dares-apprentices-stock,FR,France,2021-12,HIGHER,511215.0,,apprentices
fr-dares-apprentices-stock,FR,France,2022-01,HIGHER,512085.0,,apprentices
fr-dares-apprentices-stock,FR,France,2022-02,HIGHER,510598.0,,apprentices
fr-dares-apprentices-stock,FR,France,2022-03,HIGHER,507694.0,,apprentices
fr-dares-apprentices-stock,FR,France,2022-04,HIGHER,503170.0,,apprentices
fr-dares-apprentices-stock,FR,France,2022-05,HIGHER,499145.0,,apprentices
fr-dares-apprentices-stock,FR,France,2022-06,HIGHER,494255.0,,apprentices
fr-dares-apprentices-stock,FR,France,2022-07,HIGHER,474447.0,,apprentices
fr-dares-apprentices-stock,FR,France,2022-08,HIGHER,472181.0,p,apprentices
fr-dares-apprentices-stock,FR,France,2022-09,HIGHER,580481.0,p,apprentices
fr-dares-apprentices-stock,FR,France,2022-10,HIGHER,592362.0,p,apprentices
fr-dares-apprentices-stock,FR,France,2022-11,HIGHER,599032.0,p,apprentices
fr-dares-apprentices-stock,FR,France,2022-12,HIGHER,601755.0,p,apprentices
fr-dares-apprentices-stock,FR,France,2023-01,HIGHER,600711.0,p,apprentices
fr-dares-apprentices-stock,FR,France,2023-02,HIGHER,598116.0,p,apprentices
fr-dares-apprentices-stock,FR,France,2023-03,HIGHER,594366.0,p,apprentices
fr-dares-apprentices-stock,FR,France,2023-04,HIGHER,589002.0,p,apprentices
fr-dares-apprentices-stock,FR,France,2023-05,HIGHER,584355.0,p,apprentices
fr-dares-apprentices-stock,FR,France,2023-06,HIGHER,576066.0,p,apprentices
fr-dares-apprentices-stock,FR,France,2023-07,HIGHER,548450.0,p,apprentices
fr-dares-apprentices-stock,FR,France,2023-08,HIGHER,532670.0,p,apprentices
fr-dares-apprentices-stock,FR,France,2023-09,HIGHER,616630.0,p,apprentices
fr-dares-apprentices-stock,FR,France,2023-10,HIGHER,637440.0,p,apprentices
fr-dares-apprentices-stock,FR,France,2023-11,HIGHER,641698.0,p,apprentices
fr-dares-apprentices-stock,FR,France,2023-12,HIGHER,640493.0,p,apprentices
fr-dares-apprentices-stock,FR,France,2024-01,HIGHER,640716.0,p,apprentices
fr-dares-apprentices-stock,FR,France,2024-02,HIGHER,638317.0,p,apprentices
fr-dares-apprentices-stock,FR,France,2024-03,HIGHER,633623.0,p,apprentices
fr-dares-apprentices-stock,FR,France,2024-04,HIGHER,630017.0,p,apprentices
fr-dares-apprentices-stock,FR,France,2024-05,HIGHER,624449.0,p,apprentices
fr-dares-apprentices-stock,FR,France,2024-06,HIGHER,610078.0,p,apprentices
fr-dares-apprentices-stock,FR,France,2024-07,HIGHER,585481.0,p,apprentices
fr-dares-apprentices-stock,FR,France,2024-08,HIGHER,527531.0,p,apprentices
fr-dares-apprentices-stock,FR,France,2024-09,HIGHER,646167.0,p,apprentices
fr-dares-apprentices-stock,FR,France,2024-10,HIGHER,654007.0,p,apprentices
fr-dares-apprentices-stock,FR,France,2024-11,HIGHER,656809.0,p,apprentices
fr-dares-apprentices-stock,FR,France,2024-12,HIGHER,662497.0,p,apprentices
fr-dares-apprentices-stock,FR,France,2025-01,HIGHER,659178.0,p,apprentices
fr-dares-apprentices-stock,FR,France,2025-02,HIGHER,656270.0,p,apprentices
fr-dares-apprentices-stock,FR,France,2025-03,HIGHER,651574.0,p,apprentices
fr-dares-apprentices-stock,FR,France,2025-04,HIGHER,646851.0,p,apprentices
fr-dares-apprentices-stock,FR,France,2025-05,HIGHER,639884.0,p,apprentices
fr-dares-apprentices-stock,FR,France,2025-06,HIGHER,629748.0,p,apprentices
fr-dares-apprentices-stock,FR,France,2025-07,HIGHER,603166.0,p,apprentices
fr-dares-apprentices-stock,FR,France,2025-08,HIGHER,529066.0,p,apprentices
fr-dares-apprentices-stock,FR,France,2025-09,HIGHER,631659.0,p,apprentices
fr-dares-apprentices-stock,FR,France,2025-10,HIGHER,631178.0,p,apprentices
fr-dares-apprentices-stock,FR,France,2025-11,HIGHER,630402.0,p,apprentices
fr-dares-apprentices-stock,FR,France,2025-12,HIGHER,634017.0,p,apprentices
fr-dares-apprentices-stock,FR,France,2026-01,HIGHER,629094.0,p,apprentices
fr-dares-apprentices-stock,FR,France,2026-02,HIGHER,624126.0,p,apprentices
fr-dares-apprentices-stock,FR,France,2026-03,HIGHER,619953.0,p,apprentices
fr-dares-apprentices-stock,FR,France,2026-04,HIGHER,615552.0,p,apprentices
fr-dares-apprentices-stock,FR,France,2026-05,HIGHER,608736.0,p,apprentices
fr-dares-apprentices-stock,FR,France,2026-06,HIGHER,599310.0,p,apprentices
fr-dares-apprentices-stock,FR,France,2026-07,HIGHER,575565.0,p,apprentices
fr-dares-apprentices-stock,FR,France,2013-01,PRIVATE,428227.0,,apprentices
fr-dares-apprentices-stock,FR,France,2013-02,PRIVATE,425628.0,,apprentices
fr-dares-apprentices-stock,FR,France,2013-03,PRIVATE,422416.0,,apprentices
fr-dares-apprentices-stock,FR,France,2013-04,PRIVATE,419887.0,,apprentices
fr-dares-apprentices-stock,FR,France,2013-05,PRIVATE,416953.0,,apprentices
fr-dares-apprentices-stock,FR,France,2013-06,PRIVATE,412225.0,,apprentices
fr-dares-apprentices-stock,FR,France,2013-07,PRIVATE,402061.0,,apprentices
fr-dares-apprentices-stock,FR,France,2013-08,PRIVATE,388559.0,,apprentices
fr-dares-apprentices-stock,FR,France,2013-09,PRIVATE,410843.0,,apprentices
fr-dares-apprentices-stock,FR,France,2013-10,PRIVATE,415207.0,,apprentices
fr-dares-apprentices-stock,FR,France,2013-11,PRIVATE,414889.0,,apprentices
fr-dares-apprentices-stock,FR,France,2013-12,PRIVATE,416301.0,,apprentices
fr-dares-apprentices-stock,FR,France,2014-01,PRIVATE,413408.0,,apprentices
fr-dares-apprentices-stock,FR,France,2014-02,PRIVATE,410731.0,,apprentices
fr-dares-apprentices-stock,FR,France,2014-03,PRIVATE,407628.0,,apprentices
fr-dares-apprentices-stock,FR,France,2014-04,PRIVATE,404663.0,,apprentices
fr-dares-apprentices-stock,FR,France,2014-05,PRIVATE,401369.0,,apprentices
fr-dares-apprentices-stock,FR,France,2014-06,PRIVATE,397788.0,,apprentices
fr-dares-apprentices-stock,FR,France,2014-07,PRIVATE,383751.0,,apprentices
fr-dares-apprentices-stock,FR,France,2014-08,PRIVATE,366908.0,,apprentices
fr-dares-apprentices-stock,FR,France,2014-09,PRIVATE,385923.0,,apprentices
fr-dares-apprentices-stock,FR,France,2014-10,PRIVATE,389340.0,,apprentices
fr-dares-apprentices-stock,FR,France,2014-11,PRIVATE,390504.0,,apprentices
fr-dares-apprentices-stock,FR,France,2014-12,PRIVATE,392718.0,,apprentices
fr-dares-apprentices-stock,FR,France,2015-01,PRIVATE,389895.0,,apprentices
fr-dares-apprentices-stock,FR,France,2015-02,PRIVATE,387504.0,,apprentices
fr-dares-apprentices-stock,FR,France,2015-03,PRIVATE,384739.0,,apprentices
fr-dares-apprentices-stock,FR,France,2015-04,PRIVATE,381932.0,,apprentices
fr-dares-apprentices-stock,FR,France,2015-05,PRIVATE,378837.0,,apprentices
fr-dares-apprentices-stock,FR,France,2015-06,PRIVATE,375700.0,,apprentices
fr-dares-apprentices-stock,FR,France,2015-07,PRIVATE,364787.0,,apprentices
fr-dares-apprentices-stock,FR,France,2015-08,PRIVATE,361163.0,,apprentices
fr-dares-apprentices-stock,FR,France,2015-09,PRIVATE,379605.0,,apprentices
fr-dares-apprentices-stock,FR,France,2015-10,PRIVATE,383946.0,,apprentices
fr-dares-apprentices-stock,FR,France,2015-11,PRIVATE,387653.0,,apprentices
fr-dares-apprentices-stock,FR,France,2015-12,PRIVATE,389763.0,,apprentices
fr-dares-apprentices-stock,FR,France,2016-01,PRIVATE,386770.0,,apprentices
fr-dares-apprentices-stock,FR,France,2016-02,PRIVATE,384169.0,,apprentices
fr-dares-apprentices-stock,FR,France,2016-03,PRIVATE,381421.0,,apprentices
fr-dares-apprentices-stock,FR,France,2016-04,PRIVATE,378380.0,,apprentices
fr-dares-apprentices-stock,FR,France,2016-05,PRIVATE,375492.0,,apprentices
fr-dares-apprentices-stock,FR,France,2016-06,PRIVATE,372220.0,,apprentices
fr-dares-apprentices-stock,FR,France,2016-07,PRIVATE,360143.0,,apprentices
fr-dares-apprentices-stock,FR,France,2016-08,PRIVATE,360555.0,,apprentices
fr-dares-apprentices-stock,FR,France,2016-09,PRIVATE,382807.0,,apprentices
fr-dares-apprentices-stock,FR,France,2016-10,PRIVATE,388408.0,,apprentices
fr-dares-apprentices-stock,FR,France,2016-11,PRIVATE,392269.0,,apprentices
fr-dares-apprentices-stock,FR,France,2016-12,PRIVATE,394111.0,,apprentices
fr-dares-apprentices-stock,FR,France,2017-01,PRIVATE,391434.0,,apprentices
fr-dares-apprentices-stock,FR,France,2017-02,PRIVATE,388587.0,,apprentices
fr-dares-apprentices-stock,FR,France,2017-03,PRIVATE,385530.0,,apprentices
fr-dares-apprentices-stock,FR,France,2017-04,PRIVATE,382143.0,,apprentices
fr-dares-apprentices-stock,FR,France,2017-05,PRIVATE,379174.0,,apprentices
fr-dares-apprentices-stock,FR,France,2017-06,PRIVATE,375063.0,,apprentices
fr-dares-apprentices-stock,FR,France,2017-07,PRIVATE,363307.0,,apprentices
fr-dares-apprentices-stock,FR,France,2017-08,PRIVATE,360237.0,,apprentices
fr-dares-apprentices-stock,FR,France,2017-09,PRIVATE,387967.0,,apprentices
fr-dares-apprentices-stock,FR,France,2017-10,PRIVATE,398619.0,,apprentices
fr-dares-apprentices-stock,FR,France,2017-11,PRIVATE,401393.0,,apprentices
fr-dares-apprentices-stock,FR,France,2017-12,PRIVATE,402633.0,,apprentices
fr-dares-apprentices-stock,FR,France,2018-01,PRIVATE,399112.0,,apprentices
fr-dares-apprentices-stock,FR,France,2018-02,PRIVATE,395689.0,,apprentices
fr-dares-apprentices-stock,FR,France,2018-03,PRIVATE,391317.0,,apprentices
fr-dares-apprentices-stock,FR,France,2018-04,PRIVATE,387713.0,,apprentices
fr-dares-apprentices-stock,FR,France,2018-05,PRIVATE,384296.0,,apprentices
fr-dares-apprentices-stock,FR,France,2018-06,PRIVATE,378550.0,,apprentices
fr-dares-apprentices-stock,FR,France,2018-07,PRIVATE,366698.0,,apprentices
fr-dares-apprentices-stock,FR,France,2018-08,PRIVATE,361477.0,,apprentices
fr-dares-apprentices-stock,FR,France,2018-09,PRIVATE,396414.0,,apprentices
fr-dares-apprentices-stock,FR,France,2018-10,PRIVATE,409891.0,,apprentices
fr-dares-apprentices-stock,FR,France,2018-11,PRIVATE,412205.0,,apprentices
fr-dares-apprentices-stock,FR,France,2018-12,PRIVATE,413526.0,,apprentices
fr-dares-apprentices-stock,FR,France,2019-01,PRIVATE,409417.0,,apprentices
fr-dares-apprentices-stock,FR,France,2019-02,PRIVATE,405901.0,,apprentices
fr-dares-apprentices-stock,FR,France,2019-03,PRIVATE,401309.0,,apprentices
fr-dares-apprentices-stock,FR,France,2019-04,PRIVATE,397878.0,,apprentices
fr-dares-apprentices-stock,FR,France,2019-05,PRIVATE,393968.0,,apprentices
fr-dares-apprentices-stock,FR,France,2019-06,PRIVATE,387305.0,,apprentices
fr-dares-apprentices-stock,FR,France,2019-07,PRIVATE,375007.0,,apprentices
fr-dares-apprentices-stock,FR,France,2019-08,PRIVATE,364190.0,,apprentices
fr-dares-apprentices-stock,FR,France,2019-09,PRIVATE,442213.0,,apprentices
fr-dares-apprentices-stock,FR,France,2019-10,PRIVATE,457814.0,,apprentices
fr-dares-apprentices-stock,FR,France,2019-11,PRIVATE,462763.0,,apprentices
fr-dares-apprentices-stock,FR,France,2019-12,PRIVATE,464620.0,,apprentices
fr-dares-apprentices-stock,FR,France,2020-01,PRIVATE,462900.0,,apprentices
fr-dares-apprentices-stock,FR,France,2020-02,PRIVATE,459797.0,,apprentices
fr-dares-apprentices-stock,FR,France,2020-03,PRIVATE,457702.0,,apprentices
fr-dares-apprentices-stock,FR,France,2020-04,PRIVATE,455936.0,,apprentices
fr-dares-apprentices-stock,FR,France,2020-05,PRIVATE,452685.0,,apprentices
fr-dares-apprentices-stock,FR,France,2020-06,PRIVATE,445719.0,,apprentices
fr-dares-apprentices-stock,FR,France,2020-07,PRIVATE,433015.0,,apprentices
fr-dares-apprentices-stock,FR,France,2020-08,PRIVATE,441994.0,,apprentices
fr-dares-apprentices-stock,FR,France,2020-09,PRIVATE,566232.0,,apprentices
fr-dares-apprentices-stock,FR,France,2020-10,PRIVATE,613224.0,,apprentices
fr-dares-apprentices-stock,FR,France,2020-11,PRIVATE,631666.0,,apprentices
fr-dares-apprentices-stock,FR,France,2020-12,PRIVATE,638721.0,,apprentices
fr-dares-apprentices-stock,FR,France,2021-01,PRIVATE,646921.0,,apprentices
fr-dares-apprentices-stock,FR,France,2021-02,PRIVATE,658117.0,,apprentices
fr-dares-apprentices-stock,FR,France,2021-03,PRIVATE,659238.0,,apprentices
fr-dares-apprentices-stock,FR,France,2021-04,PRIVATE,656510.0,,apprentices
fr-dares-apprentices-stock,FR,France,2021-05,PRIVATE,651822.0,,apprentices
fr-dares-apprentices-stock,FR,France,2021-06,PRIVATE,644602.0,,apprentices
fr-dares-apprentices-stock,FR,France,2021-07,PRIVATE,625864.0,,apprentices
fr-dares-apprentices-stock,FR,France,2021-08,PRIVATE,639850.0,,apprentices
fr-dares-apprentices-stock,FR,France,2021-09,PRIVATE,782416.0,,apprentices
fr-dares-apprentices-stock,FR,France,2021-10,PRIVATE,811686.0,,apprentices
fr-dares-apprentices-stock,FR,France,2021-11,PRIVATE,826727.0,,apprentices
fr-dares-apprentices-stock,FR,France,2021-12,PRIVATE,827756.0,,apprentices
fr-dares-apprentices-stock,FR,France,2022-01,PRIVATE,826632.0,,apprentices
fr-dares-apprentices-stock,FR,France,2022-02,PRIVATE,821658.0,,apprentices
fr-dares-apprentices-stock,FR,France,2022-03,PRIVATE,815213.0,,apprentices
fr-dares-apprentices-stock,FR,France,2022-04,PRIVATE,806684.0,,apprentices
fr-dares-apprentices-stock,FR,France,2022-05,PRIVATE,798811.0,,apprentices
fr-dares-apprentices-stock,FR,France,2022-06,PRIVATE,790796.0,,apprentices
fr-dares-apprentices-stock,FR,France,2022-07,PRIVATE,757606.0,,apprentices
fr-dares-apprentices-stock,FR,France,2022-08,PRIVATE,757047.0,p,apprentices
fr-dares-apprentices-stock,FR,France,2022-09,PRIVATE,902590.0,p,apprentices
fr-dares-apprentices-stock,FR,France,2022-10,PRIVATE,923719.0,p,apprentices
fr-dares-apprentices-stock,FR,France,2022-11,PRIVATE,933989.0,p,apprentices
fr-dares-apprentices-stock,FR,France,2022-12,PRIVATE,938655.0,p,apprentices
fr-dares-apprentices-stock,FR,France,2023-01,PRIVATE,934991.0,p,apprentices
fr-dares-apprentices-stock,FR,France,2023-02,PRIVATE,929842.0,p,apprentices
fr-dares-apprentices-stock,FR,France,2023-03,PRIVATE,922150.0,p,apprentices
fr-dares-apprentices-stock,FR,France,2023-04,PRIVATE,911749.0,p,apprentices
fr-dares-apprentices-stock,FR,France,2023-05,PRIVATE,902561.0,p,apprentices
fr-dares-apprentices-stock,FR,France,2023-06,PRIVATE,888533.0,p,apprentices
fr-dares-apprentices-stock,FR,France,2023-07,PRIVATE,843853.0,p,apprentices
fr-dares-apprentices-stock,FR,France,2023-08,PRIVATE,822499.0,p,apprentices
fr-dares-apprentices-stock,FR,France,2023-09,PRIVATE,944863.0,p,apprentices
fr-dares-apprentices-stock,FR,France,2023-10,PRIVATE,976087.0,p,apprentices
fr-dares-apprentices-stock,FR,France,2023-11,PRIVATE,983911.0,p,apprentices
fr-dares-apprentices-stock,FR,France,2023-12,PRIVATE,981496.0,p,apprentices
fr-dares-apprentices-stock,FR,France,2024-01,PRIVATE,980369.0,p,apprentices
fr-dares-apprentices-stock,FR,France,2024-02,PRIVATE,975108.0,p,apprentices
fr-dares-apprentices-stock,FR,France,2024-03,PRIVATE,966209.0,p,apprentices
fr-dares-apprentices-stock,FR,France,2024-04,PRIVATE,959689.0,p,apprentices
fr-dares-apprentices-stock,FR,France,2024-05,PRIVATE,949004.0,p,apprentices
fr-dares-apprentices-stock,FR,France,2024-06,PRIVATE,926765.0,p,apprentices
fr-dares-apprentices-stock,FR,France,2024-07,PRIVATE,887022.0,p,apprentices
fr-dares-apprentices-stock,FR,France,2024-08,PRIVATE,813264.0,p,apprentices
fr-dares-apprentices-stock,FR,France,2024-09,PRIVATE,981687.0,p,apprentices
fr-dares-apprentices-stock,FR,France,2024-10,PRIVATE,1000014.0,p,apprentices
fr-dares-apprentices-stock,FR,France,2024-11,PRIVATE,1005423.0,p,apprentices
fr-dares-apprentices-stock,FR,France,2024-12,PRIVATE,1014447.0,p,apprentices
fr-dares-apprentices-stock,FR,France,2025-01,PRIVATE,1008007.0,p,apprentices
fr-dares-apprentices-stock,FR,France,2025-02,PRIVATE,1003037.0,p,apprentices
fr-dares-apprentices-stock,FR,France,2025-03,PRIVATE,995231.0,p,apprentices
fr-dares-apprentices-stock,FR,France,2025-04,PRIVATE,986930.0,p,apprentices
fr-dares-apprentices-stock,FR,France,2025-05,PRIVATE,974724.0,p,apprentices
fr-dares-apprentices-stock,FR,France,2025-06,PRIVATE,958048.0,p,apprentices
fr-dares-apprentices-stock,FR,France,2025-07,PRIVATE,914450.0,p,apprentices
fr-dares-apprentices-stock,FR,France,2025-08,PRIVATE,817467.0,p,apprentices
fr-dares-apprentices-stock,FR,France,2025-09,PRIVATE,970636.0,p,apprentices
fr-dares-apprentices-stock,FR,France,2025-10,PRIVATE,978342.0,p,apprentices
fr-dares-apprentices-stock,FR,France,2025-11,PRIVATE,978360.0,p,apprentices
fr-dares-apprentices-stock,FR,France,2025-12,PRIVATE,982948.0,p,apprentices
fr-dares-apprentices-stock,FR,France,2026-01,PRIVATE,974878.0,p,apprentices
fr-dares-apprentices-stock,FR,France,2026-02,PRIVATE,967384.0,p,apprentices
fr-dares-apprentices-stock,FR,France,2026-03,PRIVATE,960096.0,p,apprentices
fr-dares-apprentices-stock,FR,France,2026-04,PRIVATE,951996.0,p,apprentices
fr-dares-apprentices-stock,FR,France,2026-05,PRIVATE,939126.0,p,apprentices
fr-dares-apprentices-stock,FR,France,2026-06,PRIVATE,924126.0,p,apprentices
fr-dares-apprentices-stock,FR,France,2026-07,PRIVATE,884056.0,p,apprentices
fr-dares-apprentices-stock,FR,France,2013-01,PUBLIC,16737.0,,apprentices
fr-dares-apprentices-stock,FR,France,2013-02,PUBLIC,16741.0,,apprentices
fr-dares-apprentices-stock,FR,France,2013-03,PUBLIC,16673.0,,apprentices
fr-dares-apprentices-stock,FR,France,2013-04,PUBLIC,16634.0,,apprentices
fr-dares-apprentices-stock,FR,France,2013-05,PUBLIC,16581.0,,apprentices
fr-dares-apprentices-stock,FR,France,2013-06,PUBLIC,16478.0,,apprentices
fr-dares-apprentices-stock,FR,France,2013-07,PUBLIC,15727.0,,apprentices
fr-dares-apprentices-stock,FR,France,2013-08,PUBLIC,15092.0,,apprentices
fr-dares-apprentices-stock,FR,France,2013-09,PUBLIC,15612.0,,apprentices
fr-dares-apprentices-stock,FR,France,2013-10,PUBLIC,15954.0,,apprentices
fr-dares-apprentices-stock,FR,France,2013-11,PUBLIC,16359.0,,apprentices
fr-dares-apprentices-stock,FR,France,2013-12,PUBLIC,16694.0,,apprentices
fr-dares-apprentices-stock,FR,France,2014-01,PUBLIC,16677.0,,apprentices
fr-dares-apprentices-stock,FR,France,2014-02,PUBLIC,16780.0,,apprentices
fr-dares-apprentices-stock,FR,France,2014-03,PUBLIC,16748.0,,apprentices
fr-dares-apprentices-stock,FR,France,2014-04,PUBLIC,16696.0,,apprentices
fr-dares-apprentices-stock,FR,France,2014-05,PUBLIC,16624.0,,apprentices
fr-dares-apprentices-stock,FR,France,2014-06,PUBLIC,16541.0,,apprentices
fr-dares-apprentices-stock,FR,France,2014-07,PUBLIC,15702.0,,apprentices
fr-dares-apprentices-stock,FR,France,2014-08,PUBLIC,14437.0,,apprentices
fr-dares-apprentices-stock,FR,France,2014-09,PUBLIC,14636.0,,apprentices
fr-dares-apprentices-stock,FR,France,2014-10,PUBLIC,15264.0,,apprentices
fr-dares-apprentices-stock,FR,France,2014-11,PUBLIC,15637.0,,apprentices
fr-dares-apprentices-stock,FR,France,2014-12,PUBLIC,16085.0,,apprentices
fr-dares-apprentices-stock,FR,France,2015-01,PUBLIC,16067.0,,apprentices
fr-dares-apprentices-stock,FR,France,2015-02,PUBLIC,16105.0,,apprentices
fr-dares-apprentices-stock,FR,France,2015-03,PUBLIC,16066.0,,apprentices
fr-dares-apprentices-stock,FR,France,2015-04,PUBLIC,15996.0,,apprentices
fr-dares-apprentices-stock,FR,France,2015-05,PUBLIC,15952.0,,apprentices
fr-dares-apprentices-stock,FR,France,2015-06,PUBLIC,15845.0,,apprentices
fr-dares-apprentices-stock,FR,France,2015-07,PUBLIC,15127.0,,apprentices
fr-dares-apprentices-stock,FR,France,2015-08,PUBLIC,14172.0,,apprentices
fr-dares-apprentices-stock,FR,France,2015-09,PUBLIC,16131.0,,apprentices
fr-dares-apprentices-stock,FR,France,2015-10,PUBLIC,17344.0,,apprentices
fr-dares-apprentices-stock,FR,France,2015-11,PUBLIC,18251.0,,apprentices
fr-dares-apprentices-stock,FR,France,2015-12,PUBLIC,18648.0,,apprentices
fr-dares-apprentices-stock,FR,France,2016-01,PUBLIC,18869.0,,apprentices
fr-dares-apprentices-stock,FR,France,2016-02,PUBLIC,18903.0,,apprentices
fr-dares-apprentices-stock,FR,France,2016-03,PUBLIC,18881.0,,apprentices
fr-dares-apprentices-stock,FR,France,2016-04,PUBLIC,18841.0,,apprentices
fr-dares-apprentices-stock,FR,France,2016-05,PUBLIC,18772.0,,apprentices
fr-dares-apprentices-stock,FR,France,2016-06,PUBLIC,18677.0,,apprentices
fr-dares-apprentices-stock,FR,France,2016-07,PUBLIC,17924.0,,apprentices
fr-dares-apprentices-stock,FR,France,2016-08,PUBLIC,17034.0,,apprentices
fr-dares-apprentices-stock,FR,France,2016-09,PUBLIC,19428.0,,apprentices
fr-dares-apprentices-stock,FR,France,2016-10,PUBLIC,20773.0,,apprentices
fr-dares-apprentices-stock,FR,France,2016-11,PUBLIC,21503.0,,apprentices
fr-dares-apprentices-stock,FR,France,2016-12,PUBLIC,21841.0,,apprentices
fr-dares-apprentices-stock,FR,France,2017-01,PUBLIC,21865.0,,apprentices
fr-dares-apprentices-stock,FR,France,2017-02,PUBLIC,21822.0,,apprentices
fr-dares-apprentices-stock,FR,France,2017-03,PUBLIC,21764.0,,apprentices
fr-dares-apprentices-stock,FR,France,2017-04,PUBLIC,21693.0,,apprentices
fr-dares-apprentices-stock,FR,France,2017-05,PUBLIC,21656.0,,apprentices
fr-dares-apprentices-stock,FR,France,2017-06,PUBLIC,21524.0,,apprentices
fr-dares-apprentices-stock,FR,France,2017-07,PUBLIC,20113.0,,apprentices
fr-dares-apprentices-stock,FR,France,2017-08,PUBLIC,18977.0,,apprentices
fr-dares-apprentices-stock,FR,France,2017-09,PUBLIC,20381.0,,apprentices
fr-dares-apprentices-stock,FR,France,2017-10,PUBLIC,21948.0,,apprentices
fr-dares-apprentices-stock,FR,France,2017-11,PUBLIC,22796.0,,apprentices
fr-dares-apprentices-stock,FR,France,2017-12,PUBLIC,23243.0,,apprentices
fr-dares-apprentices-stock,FR,France,2018-01,PUBLIC,23369.0,,apprentices
fr-dares-apprentices-stock,FR,France,2018-02,PUBLIC,23329.0,,apprentices
fr-dares-apprentices-stock,FR,France,2018-03,PUBLIC,23247.0,,apprentices
fr-dares-apprentices-stock,FR,France,2018-04,PUBLIC,23155.0,,apprentices
fr-dares-apprentices-stock,FR,France,2018-05,PUBLIC,23053.0,,apprentices
fr-dares-apprentices-stock,FR,France,2018-06,PUBLIC,22846.0,,apprentices
fr-dares-apprentices-stock,FR,France,2018-07,PUBLIC,21337.0,,apprentices
fr-dares-apprentices-stock,FR,France,2018-08,PUBLIC,20342.0,,apprentices
fr-dares-apprentices-stock,FR,France,2018-09,PUBLIC,20785.0,,apprentices
fr-dares-apprentices-stock,FR,France,2018-10,PUBLIC,22410.0,,apprentices
fr-dares-apprentices-stock,FR,France,2018-11,PUBLIC,23112.0,,apprentices
fr-dares-apprentices-stock,FR,France,2018-12,PUBLIC,23372.0,,apprentices
fr-dares-apprentices-stock,FR,France,2019-01,PUBLIC,23322.0,,apprentices
fr-dares-apprentices-stock,FR,France,2019-02,PUBLIC,23269.0,,apprentices
fr-dares-apprentices-stock,FR,France,2019-03,PUBLIC,23167.0,,apprentices
fr-dares-apprentices-stock,FR,France,2019-04,PUBLIC,23082.0,,apprentices
fr-dares-apprentices-stock,FR,France,2019-05,PUBLIC,22984.0,,apprentices
fr-dares-apprentices-stock,FR,France,2019-06,PUBLIC,22724.0,,apprentices
fr-dares-apprentices-stock,FR,France,2019-07,PUBLIC,21137.0,,apprentices
fr-dares-apprentices-stock,FR,France,2019-08,PUBLIC,19889.0,,apprentices
fr-dares-apprentices-stock,FR,France,2019-09,PUBLIC,20293.0,,apprentices
fr-dares-apprentices-stock,FR,France,2019-10,PUBLIC,21308.0,,apprentices
fr-dares-apprentices-stock,FR,France,2019-11,PUBLIC,21894.0,,apprentices
fr-dares-apprentices-stock,FR,France,2019-12,PUBLIC,22169.0,,apprentices
fr-dares-apprentices-stock,FR,France,2020-01,PUBLIC,22268.0,,apprentices
fr-dares-apprentices-stock,FR,France,2020-02,PUBLIC,22244.0,,apprentices
fr-dares-apprentices-stock,FR,France,2020-03,PUBLIC,22208.0,,apprentices
fr-dares-apprentices-stock,FR,France,2020-04,PUBLIC,22175.0,,apprentices
fr-dares-apprentices-stock,FR,France,2020-05,PUBLIC,22118.0,,apprentices
fr-dares-apprentices-stock,FR,France,2020-06,PUBLIC,21930.0,,apprentices
fr-dares-apprentices-stock,FR,France,2020-07,PUBLIC,20396.0,,apprentices
fr-dares-apprentices-stock,FR,France,2020-08,PUBLIC,19524.0,,apprentices
fr-dares-apprentices-stock,FR,France,2020-09,PUBLIC,19408.0,,apprentices
fr-dares-apprentices-stock,FR,France,2020-10,PUBLIC,21058.0,,apprentices
fr-dares-apprentices-stock,FR,France,2020-11,PUBLIC,22092.0,,apprentices
fr-dares-apprentices-stock,FR,France,2020-12,PUBLIC,22688.0,,apprentices
fr-dares-apprentices-stock,FR,France,2021-01,PUBLIC,22991.0,,apprentices
fr-dares-apprentices-stock,FR,France,2021-02,PUBLIC,23167.0,,apprentices
fr-dares-apprentices-stock,FR,France,2021-03,PUBLIC,23184.0,,apprentices
fr-dares-apprentices-stock,FR,France,2021-04,PUBLIC,23164.0,,apprentices
fr-dares-apprentices-stock,FR,France,2021-05,PUBLIC,23092.0,,apprentices
fr-dares-apprentices-stock,FR,France,2021-06,PUBLIC,22852.0,,apprentices
fr-dares-apprentices-stock,FR,France,2021-07,PUBLIC,21377.0,,apprentices
fr-dares-apprentices-stock,FR,France,2021-08,PUBLIC,20757.0,,apprentices
fr-dares-apprentices-stock,FR,France,2021-09,PUBLIC,24050.0,,apprentices
fr-dares-apprentices-stock,FR,France,2021-10,PUBLIC,26835.0,,apprentices
fr-dares-apprentices-stock,FR,France,2021-11,PUBLIC,27964.0,,apprentices
fr-dares-apprentices-stock,FR,France,2021-12,PUBLIC,28406.0,,apprentices
fr-dares-apprentices-stock,FR,France,2022-01,PUBLIC,28529.0,,apprentices
fr-dares-apprentices-stock,FR,France,2022-02,PUBLIC,28451.0,,apprentices
fr-dares-apprentices-stock,FR,France,2022-03,PUBLIC,28298.0,,apprentices
fr-dares-apprentices-stock,FR,France,2022-04,PUBLIC,28119.0,,apprentices
fr-dares-apprentices-stock,FR,France,2022-05,PUBLIC,27951.0,,apprentices
fr-dares-apprentices-stock,FR,France,2022-06,PUBLIC,27603.0,,apprentices
fr-dares-apprentices-stock,FR,France,2022-07,PUBLIC,25652.0,,apprentices
fr-dares-apprentices-stock,FR,France,2022-08,PUBLIC,25186.0,p,apprentices
fr-dares-apprentices-stock,FR,France,2022-09,PUBLIC,29221.0,p,apprentices
fr-dares-apprentices-stock,FR,France,2022-10,PUBLIC,30868.0,p,apprentices
fr-dares-apprentices-stock,FR,France,2022-11,PUBLIC,31795.0,p,apprentices
fr-dares-apprentices-stock,FR,France,2022-12,PUBLIC,32148.0,p,apprentices
fr-dares-apprentices-stock,FR,France,2023-01,PUBLIC,32293.0,p,apprentices
fr-dares-apprentices-stock,FR,France,2023-02,PUBLIC,32230.0,p,apprentices
fr-dares-apprentices-stock,FR,France,2023-03,PUBLIC,32110.0,p,apprentices
fr-dares-apprentices-stock,FR,France,2023-04,PUBLIC,31832.0,p,apprentices
fr-dares-apprentices-stock,FR,France,2023-05,PUBLIC,31628.0,p,apprentices
fr-dares-apprentices-stock,FR,France,2023-06,PUBLIC,31232.0,p,apprentices
fr-dares-apprentices-stock,FR,France,2023-07,PUBLIC,28742.0,p,apprentices
fr-dares-apprentices-stock,FR,France,2023-08,PUBLIC,27709.0,p,apprentices
fr-dares-apprentices-stock,FR,France,2023-09,PUBLIC,31719.0,p,apprentices
fr-dares-apprentices-stock,FR,France,2023-10,PUBLIC,33834.0,p,apprentices
fr-dares-apprentices-stock,FR,France,2023-11,PUBLIC,33510.0,p,apprentices
fr-dares-apprentices-stock,FR,France,2023-12,PUBLIC,33899.0,p,apprentices
fr-dares-apprentices-stock,FR,France,2024-01,PUBLIC,34117.0,p,apprentices
fr-dares-apprentices-stock,FR,France,2024-02,PUBLIC,33921.0,p,apprentices
fr-dares-apprentices-stock,FR,France,2024-03,PUBLIC,33728.0,p,apprentices
fr-dares-apprentices-stock,FR,France,2024-04,PUBLIC,33498.0,p,apprentices
fr-dares-apprentices-stock,FR,France,2024-05,PUBLIC,33269.0,p,apprentices
fr-dares-apprentices-stock,FR,France,2024-06,PUBLIC,32624.0,p,apprentices
fr-dares-apprentices-stock,FR,France,2024-07,PUBLIC,30119.0,p,apprentices
fr-dares-apprentices-stock,FR,France,2024-08,PUBLIC,27917.0,p,apprentices
fr-dares-apprentices-stock,FR,France,2024-09,PUBLIC,32419.0,p,apprentices
fr-dares-apprentices-stock,FR,France,2024-10,PUBLIC,33401.0,p,apprentices
fr-dares-apprentices-stock,FR,France,2024-11,PUBLIC,34165.0,p,apprentices
fr-dares-apprentices-stock,FR,France,2024-12,PUBLIC,34393.0,p,apprentices
fr-dares-apprentices-stock,FR,France,2025-01,PUBLIC,34313.0,p,apprentices
fr-dares-apprentices-stock,FR,France,2025-02,PUBLIC,34132.0,p,apprentices
fr-dares-apprentices-stock,FR,France,2025-03,PUBLIC,33745.0,p,apprentices
fr-dares-apprentices-stock,FR,France,2025-04,PUBLIC,33518.0,p,apprentices
fr-dares-apprentices-stock,FR,France,2025-05,PUBLIC,33249.0,p,apprentices
fr-dares-apprentices-stock,FR,France,2025-06,PUBLIC,32674.0,p,apprentices
fr-dares-apprentices-stock,FR,France,2025-07,PUBLIC,29810.0,p,apprentices
fr-dares-apprentices-stock,FR,France,2025-08,PUBLIC,26847.0,p,apprentices
fr-dares-apprentices-stock,FR,France,2025-09,PUBLIC,30419.0,p,apprentices
fr-dares-apprentices-stock,FR,France,2025-10,PUBLIC,30881.0,p,apprentices
fr-dares-apprentices-stock,FR,France,2025-11,PUBLIC,31354.0,p,apprentices
fr-dares-apprentices-stock,FR,France,2025-12,PUBLIC,31537.0,p,apprentices
fr-dares-apprentices-stock,FR,France,2026-01,PUBLIC,31485.0,p,apprentices
fr-dares-apprentices-stock,FR,France,2026-02,PUBLIC,31192.0,p,apprentices
fr-dares-apprentices-stock,FR,France,2026-03,PUBLIC,30974.0,p,apprentices
fr-dares-apprentices-stock,FR,France,2026-04,PUBLIC,30699.0,p,apprentices
fr-dares-apprentices-stock,FR,France,2026-05,PUBLIC,30474.0,p,apprentices
fr-dares-apprentices-stock,FR,France,2026-06,PUBLIC,29923.0,p,apprentices
fr-dares-apprentices-stock,FR,France,2026-07,PUBLIC,27369.0,p,apprentices
fr-dares-apprentices-stock,FR,France,2013-01,SECONDARY,304310.0,,apprentices
fr-dares-apprentices-stock,FR,France,2013-02,SECONDARY,302008.0,,apprentices
fr-dares-apprentices-stock,FR,France,2013-03,SECONDARY,299180.0,,apprentices
fr-dares-apprentices-stock,FR,France,2013-04,SECONDARY,296951.0,,apprentices
fr-dares-apprentices-stock,FR,France,2013-05,SECONDARY,294495.0,,apprentices
fr-dares-apprentices-stock,FR,France,2013-06,SECONDARY,290718.0,,apprentices
fr-dares-apprentices-stock,FR,France,2013-07,SECONDARY,282692.0,,apprentices
fr-dares-apprentices-stock,FR,France,2013-08,SECONDARY,273818.0,,apprentices
fr-dares-apprentices-stock,FR,France,2013-09,SECONDARY,285838.0,,apprentices
fr-dares-apprentices-stock,FR,France,2013-10,SECONDARY,290447.0,,apprentices
fr-dares-apprentices-stock,FR,France,2013-11,SECONDARY,290066.0,,apprentices
fr-dares-apprentices-stock,FR,France,2013-12,SECONDARY,290937.0,,apprentices
fr-dares-apprentices-stock,FR,France,2014-01,SECONDARY,288328.0,,apprentices
fr-dares-apprentices-stock,FR,France,2014-02,SECONDARY,286074.0,,apprentices
fr-dares-apprentices-stock,FR,France,2014-03,SECONDARY,283472.0,,apprentices
fr-dares-apprentices-stock,FR,France,2014-04,SECONDARY,280955.0,,apprentices
fr-dares-apprentices-stock,FR,France,2014-05,SECONDARY,278173.0,,apprentices
fr-dares-apprentices-stock,FR,France,2014-06,SECONDARY,275312.0,,apprentices
fr-dares-apprentices-stock,FR,France,2014-07,SECONDARY,263878.0,,apprentices
fr-dares-apprentices-stock,FR,France,2014-08,SECONDARY,252741.0,,apprentices
fr-dares-apprentices-stock,FR,France,2014-09,SECONDARY,260220.0,,apprentices
fr-dares-apprentices-stock,FR,France,2014-10,SECONDARY,264728.0,,apprentices
fr-dares-apprentices-stock,FR,France,2014-11,SECONDARY,265854.0,,apprentices
fr-dares-apprentices-stock,FR,France,2014-12,SECONDARY,267507.0,,apprentices
fr-dares-apprentices-stock,FR,France,2015-01,SECONDARY,264993.0,,apprentices
fr-dares-apprentices-stock,FR,France,2015-02,SECONDARY,262999.0,,apprentices
fr-dares-apprentices-stock,FR,France,2015-03,SECONDARY,260624.0,,apprentices
fr-dares-apprentices-stock,FR,France,2015-04,SECONDARY,258316.0,,apprentices
fr-dares-apprentices-stock,FR,France,2015-05,SECONDARY,255805.0,,apprentices
fr-dares-apprentices-stock,FR,France,2015-06,SECONDARY,253313.0,,apprentices
fr-dares-apprentices-stock,FR,France,2015-07,SECONDARY,244908.0,,apprentices
fr-dares-apprentices-stock,FR,France,2015-08,SECONDARY,242026.0,,apprentices
fr-dares-apprentices-stock,FR,France,2015-09,SECONDARY,250033.0,,apprentices
fr-dares-apprentices-stock,FR,France,2015-10,SECONDARY,256173.0,,apprentices
fr-dares-apprentices-stock,FR,France,2015-11,SECONDARY,259503.0,,apprentices
fr-dares-apprentices-stock,FR,France,2015-12,SECONDARY,261479.0,,apprentices
fr-dares-apprentices-stock,FR,France,2016-01,SECONDARY,258881.0,,apprentices
fr-dares-apprentices-stock,FR,France,2016-02,SECONDARY,256653.0,,apprentices
fr-dares-apprentices-stock,FR,France,2016-03,SECONDARY,254284.0,,apprentices
fr-dares-apprentices-stock,FR,France,2016-04,SECONDARY,251857.0,,apprentices
fr-dares-apprentices-stock,FR,France,2016-05,SECONDARY,249414.0,,apprentices
fr-dares-apprentices-stock,FR,France,2016-06,SECONDARY,246900.0,,apprentices
fr-dares-apprentices-stock,FR,France,2016-07,SECONDARY,238372.0,,apprentices
fr-dares-apprentices-stock,FR,France,2016-08,SECONDARY,238206.0,,apprentices
fr-dares-apprentices-stock,FR,France,2016-09,SECONDARY,249058.0,,apprentices
fr-dares-apprentices-stock,FR,France,2016-10,SECONDARY,255842.0,,apprentices
fr-dares-apprentices-stock,FR,France,2016-11,SECONDARY,258938.0,,apprentices
fr-dares-apprentices-stock,FR,France,2016-12,SECONDARY,260669.0,,apprentices
fr-dares-apprentices-stock,FR,France,2017-01,SECONDARY,258331.0,,apprentices
fr-dares-apprentices-stock,FR,France,2017-02,SECONDARY,255866.0,,apprentices
fr-dares-apprentices-stock,FR,France,2017-03,SECONDARY,253309.0,,apprentices
fr-dares-apprentices-stock,FR,France,2017-04,SECONDARY,250656.0,,apprentices
fr-dares-apprentices-stock,FR,France,2017-05,SECONDARY,248236.0,,apprentices
fr-dares-apprentices-stock,FR,France,2017-06,SECONDARY,245055.0,,apprentices
fr-dares-apprentices-stock,FR,France,2017-07,SECONDARY,236907.0,,apprentices
fr-dares-apprentices-stock,FR,France,2017-08,SECONDARY,234333.0,,apprentices
fr-dares-apprentices-stock,FR,France,2017-09,SECONDARY,246982.0,,apprentices
fr-dares-apprentices-stock,FR,France,2017-10,SECONDARY,254666.0,,apprentices
fr-dares-apprentices-stock,FR,France,2017-11,SECONDARY,257442.0,,apprentices
fr-dares-apprentices-stock,FR,France,2017-12,SECONDARY,258828.0,,apprentices
fr-dares-apprentices-stock,FR,France,2018-01,SECONDARY,255975.0,,apprentices
fr-dares-apprentices-stock,FR,France,2018-02,SECONDARY,253139.0,,apprentices
fr-dares-apprentices-stock,FR,France,2018-03,SECONDARY,249577.0,,apprentices
fr-dares-apprentices-stock,FR,France,2018-04,SECONDARY,246632.0,,apprentices
fr-dares-apprentices-stock,FR,France,2018-05,SECONDARY,243794.0,,apprentices
fr-dares-apprentices-stock,FR,France,2018-06,SECONDARY,239774.0,,apprentices
fr-dares-apprentices-stock,FR,France,2018-07,SECONDARY,231342.0,,apprentices
fr-dares-apprentices-stock,FR,France,2018-08,SECONDARY,228090.0,,apprentices
fr-dares-apprentices-stock,FR,France,2018-09,SECONDARY,245154.0,,apprentices
fr-dares-apprentices-stock,FR,France,2018-10,SECONDARY,254459.0,,apprentices
fr-dares-apprentices-stock,FR,France,2018-11,SECONDARY,256696.0,,apprentices
fr-dares-apprentices-stock,FR,France,2018-12,SECONDARY,258038.0,,apprentices
fr-dares-apprentices-stock,FR,France,2019-01,SECONDARY,254816.0,,apprentices
fr-dares-apprentices-stock,FR,France,2019-02,SECONDARY,251944.0,,apprentices
fr-dares-apprentices-stock,FR,France,2019-03,SECONDARY,248360.0,,apprentices
fr-dares-apprentices-stock,FR,France,2019-04,SECONDARY,245732.0,,apprentices
fr-dares-apprentices-stock,FR,France,2019-05,SECONDARY,242633.0,,apprentices
fr-dares-apprentices-stock,FR,France,2019-06,SECONDARY,238233.0,,apprentices
fr-dares-apprentices-stock,FR,France,2019-07,SECONDARY,229906.0,,apprentices
fr-dares-apprentices-stock,FR,France,2019-08,SECONDARY,225558.0,,apprentices
fr-dares-apprentices-stock,FR,France,2019-09,SECONDARY,254542.0,,apprentices
fr-dares-apprentices-stock,FR,France,2019-10,SECONDARY,262919.0,,apprentices
fr-dares-apprentices-stock,FR,France,2019-11,SECONDARY,265375.0,,apprentices
fr-dares-apprentices-stock,FR,France,2019-12,SECONDARY,266258.0,,apprentices
fr-dares-apprentices-stock,FR,France,2020-01,SECONDARY,264544.0,,apprentices
fr-dares-apprentices-stock,FR,France,2020-02,SECONDARY,262104.0,,apprentices
fr-dares-apprentices-stock,FR,France,2020-03,SECONDARY,260501.0,,apprentices
fr-dares-apprentices-stock,FR,France,2020-04,SECONDARY,259273.0,,apprentices
fr-dares-apprentices-stock,FR,France,2020-05,SECONDARY,256892.0,,apprentices
fr-dares-apprentices-stock,FR,France,2020-06,SECONDARY,252244.0,,apprentices
fr-dares-apprentices-stock,FR,France,2020-07,SECONDARY,241759.0,,apprentices
fr-dares-apprentices-stock,FR,France,2020-08,SECONDARY,242101.0,,apprentices
fr-dares-apprentices-stock,FR,France,2020-09,SECONDARY,274298.0,,apprentices
fr-dares-apprentices-stock,FR,France,2020-10,SECONDARY,289980.0,,apprentices
fr-dares-apprentices-stock,FR,France,2020-11,SECONDARY,296701.0,,apprentices
fr-dares-apprentices-stock,FR,France,2020-12,SECONDARY,299452.0,,apprentices
fr-dares-apprentices-stock,FR,France,2021-01,SECONDARY,301838.0,,apprentices
fr-dares-apprentices-stock,FR,France,2021-02,SECONDARY,307425.0,,apprentices
fr-dares-apprentices-stock,FR,France,2021-03,SECONDARY,306982.0,,apprentices
fr-dares-apprentices-stock,FR,France,2021-04,SECONDARY,305085.0,,apprentices
fr-dares-apprentices-stock,FR,France,2021-05,SECONDARY,302417.0,,apprentices
fr-dares-apprentices-stock,FR,France,2021-06,SECONDARY,298264.0,,apprentices
fr-dares-apprentices-stock,FR,France,2021-07,SECONDARY,287313.0,,apprentices
fr-dares-apprentices-stock,FR,France,2021-08,SECONDARY,291337.0,,apprentices
fr-dares-apprentices-stock,FR,France,2021-09,SECONDARY,327656.0,,apprentices
fr-dares-apprentices-stock,FR,France,2021-10,SECONDARY,339307.0,,apprentices
fr-dares-apprentices-stock,FR,France,2021-11,SECONDARY,344642.0,,apprentices
fr-dares-apprentices-stock,FR,France,2021-12,SECONDARY,344947.0,,apprentices
fr-dares-apprentices-stock,FR,France,2022-01,SECONDARY,343076.0,,apprentices
fr-dares-apprentices-stock,FR,France,2022-02,SECONDARY,339511.0,,apprentices
fr-dares-apprentices-stock,FR,France,2022-03,SECONDARY,335817.0,,apprentices
fr-dares-apprentices-stock,FR,France,2022-04,SECONDARY,331633.0,,apprentices
fr-dares-apprentices-stock,FR,France,2022-05,SECONDARY,327617.0,,apprentices
fr-dares-apprentices-stock,FR,France,2022-06,SECONDARY,324144.0,,apprentices
fr-dares-apprentices-stock,FR,France,2022-07,SECONDARY,308811.0,,apprentices
fr-dares-apprentices-stock,FR,France,2022-08,SECONDARY,310052.0,p,apprentices
fr-dares-apprentices-stock,FR,France,2022-09,SECONDARY,351330.0,p,apprentices
fr-dares-apprentices-stock,FR,France,2022-10,SECONDARY,362225.0,p,apprentices
fr-dares-apprentices-stock,FR,France,2022-11,SECONDARY,366752.0,p,apprentices
fr-dares-apprentices-stock,FR,France,2022-12,SECONDARY,369048.0,p,apprentices
fr-dares-apprentices-stock,FR,France,2023-01,SECONDARY,366573.0,p,apprentices
fr-dares-apprentices-stock,FR,France,2023-02,SECONDARY,363956.0,p,apprentices
fr-dares-apprentices-stock,FR,France,2023-03,SECONDARY,359894.0,p,apprentices
fr-dares-apprentices-stock,FR,France,2023-04,SECONDARY,354579.0,p,apprentices
fr-dares-apprentices-stock,FR,France,2023-05,SECONDARY,349834.0,p,apprentices
fr-dares-apprentices-stock,FR,France,2023-06,SECONDARY,343699.0,p,apprentices
fr-dares-apprentices-stock,FR,France,2023-07,SECONDARY,324145.0,p,apprentices
fr-dares-apprentices-stock,FR,France,2023-08,SECONDARY,317538.0,p,apprentices
fr-dares-apprentices-stock,FR,France,2023-09,SECONDARY,359952.0,p,apprentices
fr-dares-apprentices-stock,FR,France,2023-10,SECONDARY,372481.0,p,apprentices
fr-dares-apprentices-stock,FR,France,2023-11,SECONDARY,375723.0,p,apprentices
fr-dares-apprentices-stock,FR,France,2023-12,SECONDARY,374902.0,p,apprentices
fr-dares-apprentices-stock,FR,France,2024-01,SECONDARY,373770.0,p,apprentices
fr-dares-apprentices-stock,FR,France,2024-02,SECONDARY,370712.0,p,apprentices
fr-dares-apprentices-stock,FR,France,2024-03,SECONDARY,366314.0,p,apprentices
fr-dares-apprentices-stock,FR,France,2024-04,SECONDARY,363170.0,p,apprentices
fr-dares-apprentices-stock,FR,France,2024-05,SECONDARY,357824.0,p,apprentices
fr-dares-apprentices-stock,FR,France,2024-06,SECONDARY,349311.0,p,apprentices
fr-dares-apprentices-stock,FR,France,2024-07,SECONDARY,331660.0,p,apprentices
fr-dares-apprentices-stock,FR,France,2024-08,SECONDARY,313650.0,p,apprentices
fr-dares-apprentices-stock,FR,France,2024-09,SECONDARY,367939.0,p,apprentices
fr-dares-apprentices-stock,FR,France,2024-10,SECONDARY,379408.0,p,apprentices
fr-dares-apprentices-stock,FR,France,2024-11,SECONDARY,382779.0,p,apprentices
fr-dares-apprentices-stock,FR,France,2024-12,SECONDARY,386343.0,p,apprentices
fr-dares-apprentices-stock,FR,France,2025-01,SECONDARY,383142.0,p,apprentices
fr-dares-apprentices-stock,FR,France,2025-02,SECONDARY,380899.0,p,apprentices
fr-dares-apprentices-stock,FR,France,2025-03,SECONDARY,377402.0,p,apprentices
fr-dares-apprentices-stock,FR,France,2025-04,SECONDARY,373597.0,p,apprentices
fr-dares-apprentices-stock,FR,France,2025-05,SECONDARY,368089.0,p,apprentices
fr-dares-apprentices-stock,FR,France,2025-06,SECONDARY,360974.0,p,apprentices
fr-dares-apprentices-stock,FR,France,2025-07,SECONDARY,341094.0,p,apprentices
fr-dares-apprentices-stock,FR,France,2025-08,SECONDARY,315248.0,p,apprentices
fr-dares-apprentices-stock,FR,France,2025-09,SECONDARY,369396.0,p,apprentices
fr-dares-apprentices-stock,FR,France,2025-10,SECONDARY,378045.0,p,apprentices
fr-dares-apprentices-stock,FR,France,2025-11,SECONDARY,379312.0,p,apprentices
fr-dares-apprentices-stock,FR,France,2025-12,SECONDARY,380468.0,p,apprentices
fr-dares-apprentices-stock,FR,France,2026-01,SECONDARY,377269.0,p,apprentices
fr-dares-apprentices-stock,FR,France,2026-02,SECONDARY,374450.0,p,apprentices
fr-dares-apprentices-stock,FR,France,2026-03,SECONDARY,371117.0,p,apprentices
fr-dares-apprentices-stock,FR,France,2026-04,SECONDARY,367143.0,p,apprentices
fr-dares-apprentices-stock,FR,France,2026-05,SECONDARY,360864.0,p,apprentices
fr-dares-apprentices-stock,FR,France,2026-06,SECONDARY,354739.0,p,apprentices
fr-dares-apprentices-stock,FR,France,2026-07,SECONDARY,335860.0,p,apprentices
fr-dares-apprentices-stock,FR,France,2013-01,TOTAL,444964.0,,apprentices
fr-dares-apprentices-stock,FR,France,2013-02,TOTAL,442369.0,,apprentices
fr-dares-apprentices-stock,FR,France,2013-03,TOTAL,439089.0,,apprentices
fr-dares-apprentices-stock,FR,France,2013-04,TOTAL,436521.0,,apprentices
fr-dares-apprentices-stock,FR,France,2013-05,TOTAL,433534.0,,apprentices
fr-dares-apprentices-stock,FR,France,2013-06,TOTAL,428703.0,,apprentices
fr-dares-apprentices-stock,FR,France,2013-07,TOTAL,417788.0,,apprentices
fr-dares-apprentices-stock,FR,France,2013-08,TOTAL,403651.0,,apprentices
fr-dares-apprentices-stock,FR,France,2013-09,TOTAL,426455.0,,apprentices
fr-dares-apprentices-stock,FR,France,2013-10,TOTAL,431161.0,,apprentices
fr-dares-apprentices-stock,FR,France,2013-11,TOTAL,431248.0,,apprentices
fr-dares-apprentices-stock,FR,France,2013-12,TOTAL,432995.0,,apprentices
fr-dares-apprentices-stock,FR,France,2014-01,TOTAL,430085.0,,apprentices
fr-dares-apprentices-stock,FR,France,2014-02,TOTAL,427511.0,,apprentices
fr-dares-apprentices-stock,FR,France,2014-03,TOTAL,424376.0,,apprentices
fr-dares-apprentices-stock,FR,France,2014-04,TOTAL,421359.0,,apprentices
fr-dares-apprentices-stock,FR,France,2014-05,TOTAL,417993.0,,apprentices
fr-dares-apprentices-stock,FR,France,2014-06,TOTAL,414329.0,,apprentices
fr-dares-apprentices-stock,FR,France,2014-07,TOTAL,399453.0,,apprentices
fr-dares-apprentices-stock,FR,France,2014-08,TOTAL,381345.0,,apprentices
fr-dares-apprentices-stock,FR,France,2014-09,TOTAL,400559.0,,apprentices
fr-dares-apprentices-stock,FR,France,2014-10,TOTAL,404604.0,,apprentices
fr-dares-apprentices-stock,FR,France,2014-11,TOTAL,406141.0,,apprentices
fr-dares-apprentices-stock,FR,France,2014-12,TOTAL,408803.0,,apprentices
fr-dares-apprentices-stock,FR,France,2015-01,TOTAL,405962.0,,apprentices
fr-dares-apprentices-stock,FR,France,2015-02,TOTAL,403609.0,,apprentices
fr-dares-apprentices-stock,FR,France,2015-03,TOTAL,400805.0,,apprentices
fr-dares-apprentices-stock,FR,France,2015-04,TOTAL,397928.0,,apprentices
fr-dares-apprentices-stock,FR,France,2015-05,TOTAL,394789.0,,apprentices
fr-dares-apprentices-stock,FR,France,2015-06,TOTAL,391545.0,,apprentices
fr-dares-apprentices-stock,FR,France,2015-07,TOTAL,379914.0,,apprentices
fr-dares-apprentices-stock,FR,France,2015-08,TOTAL,375335.0,,apprentices
fr-dares-apprentices-stock,FR,France,2015-09,TOTAL,395736.0,,apprentices
fr-dares-apprentices-stock,FR,France,2015-10,TOTAL,401290.0,,apprentices
fr-dares-apprentices-stock,FR,France,2015-11,TOTAL,405904.0,,apprentices
fr-dares-apprentices-stock,FR,France,2015-12,TOTAL,408411.0,,apprentices
fr-dares-apprentices-stock,FR,France,2016-01,TOTAL,405639.0,,apprentices
fr-dares-apprentices-stock,FR,France,2016-02,TOTAL,403072.0,,apprentices
fr-dares-apprentices-stock,FR,France,2016-03,TOTAL,400302.0,,apprentices
fr-dares-apprentices-stock,FR,France,2016-04,TOTAL,397221.0,,apprentices
fr-dares-apprentices-stock,FR,France,2016-05,TOTAL,394264.0,,apprentices
fr-dares-apprentices-stock,FR,France,2016-06,TOTAL,390897.0,,apprentices
fr-dares-apprentices-stock,FR,France,2016-07,TOTAL,378067.0,,apprentices
fr-dares-apprentices-stock,FR,France,2016-08,TOTAL,377589.0,,apprentices
fr-dares-apprentices-stock,FR,France,2016-09,TOTAL,402235.0,,apprentices
fr-dares-apprentices-stock,FR,France,2016-10,TOTAL,409181.0,,apprentices
fr-dares-apprentices-stock,FR,France,2016-11,TOTAL,413772.0,,apprentices
fr-dares-apprentices-stock,FR,France,2016-12,TOTAL,415952.0,,apprentices
fr-dares-apprentices-stock,FR,France,2017-01,TOTAL,413299.0,,apprentices
fr-dares-apprentices-stock,FR,France,2017-02,TOTAL,410409.0,,apprentices
fr-dares-apprentices-stock,FR,France,2017-03,TOTAL,407294.0,,apprentices
fr-dares-apprentices-stock,FR,France,2017-04,TOTAL,403836.0,,apprentices
fr-dares-apprentices-stock,FR,France,2017-05,TOTAL,400830.0,,apprentices
fr-dares-apprentices-stock,FR,France,2017-06,TOTAL,396587.0,,apprentices
fr-dares-apprentices-stock,FR,France,2017-07,TOTAL,383420.0,,apprentices
fr-dares-apprentices-stock,FR,France,2017-08,TOTAL,379214.0,,apprentices
fr-dares-apprentices-stock,FR,France,2017-09,TOTAL,408348.0,,apprentices
fr-dares-apprentices-stock,FR,France,2017-10,TOTAL,420567.0,,apprentices
fr-dares-apprentices-stock,FR,France,2017-11,TOTAL,424189.0,,apprentices
fr-dares-apprentices-stock,FR,France,2017-12,TOTAL,425876.0,,apprentices
fr-dares-apprentices-stock,FR,France,2018-01,TOTAL,422481.0,,apprentices
fr-dares-apprentices-stock,FR,France,2018-02,TOTAL,419018.0,,apprentices
fr-dares-apprentices-stock,FR,France,2018-03,TOTAL,414564.0,,apprentices
fr-dares-apprentices-stock,FR,France,2018-04,TOTAL,410868.0,,apprentices
fr-dares-apprentices-stock,FR,France,2018-05,TOTAL,407349.0,,apprentices
fr-dares-apprentices-stock,FR,France,2018-06,TOTAL,401396.0,,apprentices
fr-dares-apprentices-stock,FR,France,2018-07,TOTAL,388035.0,,apprentices
fr-dares-apprentices-stock,FR,France,2018-08,TOTAL,381819.0,,apprentices
fr-dares-apprentices-stock,FR,France,2018-09,TOTAL,417199.0,,apprentices
fr-dares-apprentices-stock,FR,France,2018-10,TOTAL,432301.0,,apprentices
fr-dares-apprentices-stock,FR,France,2018-11,TOTAL,435317.0,,apprentices
fr-dares-apprentices-stock,FR,France,2018-12,TOTAL,436898.0,,apprentices
fr-dares-apprentices-stock,FR,France,2019-01,TOTAL,432739.0,,apprentices
fr-dares-apprentices-stock,FR,France,2019-02,TOTAL,429170.0,,apprentices
fr-dares-apprentices-stock,FR,France,2019-03,TOTAL,424476.0,,apprentices
fr-dares-apprentices-stock,FR,France,2019-04,TOTAL,420960.0,,apprentices
fr-dares-apprentices-stock,FR,France,2019-05,TOTAL,416952.0,,apprentices
fr-dares-apprentices-stock,FR,France,2019-06,TOTAL,410029.0,,apprentices
fr-dares-apprentices-stock,FR,France,2019-07,TOTAL,396144.0,,apprentices
fr-dares-apprentices-stock,FR,France,2019-08,TOTAL,384079.0,,apprentices
fr-dares-apprentices-stock,FR,France,2019-09,TOTAL,462506.0,,apprentices
fr-dares-apprentices-stock,FR,France,2019-10,TOTAL,479122.0,,apprentices
fr-dares-apprentices-stock,FR,France,2019-11,TOTAL,484657.0,,apprentices
fr-dares-apprentices-stock,FR,France,2019-12,TOTAL,486789.0,,apprentices
fr-dares-apprentices-stock,FR,France,2020-01,TOTAL,485168.0,,apprentices
fr-dares-apprentices-stock,FR,France,2020-02,TOTAL,482041.0,,apprentices
fr-dares-apprentices-stock,FR,France,2020-03,TOTAL,479910.0,,apprentices
fr-dares-apprentices-stock,FR,France,2020-04,TOTAL,478111.0,,apprentices
fr-dares-apprentices-stock,FR,France,2020-05,TOTAL,474803.0,,apprentices
fr-dares-apprentices-stock,FR,France,2020-06,TOTAL,467649.0,,apprentices
fr-dares-apprentices-stock,FR,France,2020-07,TOTAL,453411.0,,apprentices
fr-dares-apprentices-stock,FR,France,2020-08,TOTAL,461518.0,,apprentices
fr-dares-apprentices-stock,FR,France,2020-09,TOTAL,585640.0,,apprentices
fr-dares-apprentices-stock,FR,France,2020-10,TOTAL,634282.0,,apprentices
fr-dares-apprentices-stock,FR,France,2020-11,TOTAL,653758.0,,apprentices
fr-dares-apprentices-stock,FR,France,2020-12,TOTAL,661409.0,,apprentices
fr-dares-apprentices-stock,FR,France,2021-01,TOTAL,669912.0,,apprentices
fr-dares-apprentices-stock,FR,France,2021-02,TOTAL,681284.0,,apprentices
fr-dares-apprentices-stock,FR,France,2021-03,TOTAL,682422.0,,apprentices
fr-dares-apprentices-stock,FR,France,2021-04,TOTAL,679674.0,,apprentices
fr-dares-apprentices-stock,FR,France,2021-05,TOTAL,674914.0,,apprentices
fr-dares-apprentices-stock,FR,France,2021-06,TOTAL,667454.0,,apprentices
fr-dares-apprentices-stock,FR,France,2021-07,TOTAL,647241.0,,apprentices
fr-dares-apprentices-stock,FR,France,2021-08,TOTAL,660607.0,,apprentices
fr-dares-apprentices-stock,FR,France,2021-09,TOTAL,806466.0,,apprentices
fr-dares-apprentices-stock,FR,France,2021-10,TOTAL,838521.0,,apprentices
fr-dares-apprentices-stock,FR,France,2021-11,TOTAL,854691.0,,apprentices
fr-dares-apprentices-stock,FR,France,2021-12,TOTAL,856162.0,,apprentices
fr-dares-apprentices-stock,FR,France,2022-01,TOTAL,855161.0,,apprentices
fr-dares-apprentices-stock,FR,France,2022-02,TOTAL,850109.0,,apprentices
fr-dares-apprentices-stock,FR,France,2022-03,TOTAL,843511.0,,apprentices
fr-dares-apprentices-stock,FR,France,2022-04,TOTAL,834803.0,,apprentices
fr-dares-apprentices-stock,FR,France,2022-05,TOTAL,826762.0,,apprentices
fr-dares-apprentices-stock,FR,France,2022-06,TOTAL,818399.0,,apprentices
fr-dares-apprentices-stock,FR,France,2022-07,TOTAL,783258.0,,apprentices
fr-dares-apprentices-stock,FR,France,2022-08,TOTAL,782233.0,p,apprentices
fr-dares-apprentices-stock,FR,France,2022-09,TOTAL,931811.0,p,apprentices
fr-dares-apprentices-stock,FR,France,2022-10,TOTAL,954587.0,p,apprentices
fr-dares-apprentices-stock,FR,France,2022-11,TOTAL,965784.0,p,apprentices
fr-dares-apprentices-stock,FR,France,2022-12,TOTAL,970803.0,p,apprentices
fr-dares-apprentices-stock,FR,France,2023-01,TOTAL,967284.0,p,apprentices
fr-dares-apprentices-stock,FR,France,2023-02,TOTAL,962072.0,p,apprentices
fr-dares-apprentices-stock,FR,France,2023-03,TOTAL,954260.0,p,apprentices
fr-dares-apprentices-stock,FR,France,2023-04,TOTAL,943581.0,p,apprentices
fr-dares-apprentices-stock,FR,France,2023-05,TOTAL,934189.0,p,apprentices
fr-dares-apprentices-stock,FR,France,2023-06,TOTAL,919765.0,p,apprentices
fr-dares-apprentices-stock,FR,France,2023-07,TOTAL,872595.0,p,apprentices
fr-dares-apprentices-stock,FR,France,2023-08,TOTAL,850208.0,p,apprentices
fr-dares-apprentices-stock,FR,France,2023-09,TOTAL,976582.0,p,apprentices
fr-dares-apprentices-stock,FR,France,2023-10,TOTAL,1009921.0,p,apprentices
fr-dares-apprentices-stock,FR,France,2023-11,TOTAL,1017421.0,p,apprentices
fr-dares-apprentices-stock,FR,France,2023-12,TOTAL,1015395.0,p,apprentices
fr-dares-apprentices-stock,FR,France,2024-01,TOTAL,1014486.0,p,apprentices
fr-dares-apprentices-stock,FR,France,2024-02,TOTAL,1009029.0,p,apprentices
fr-dares-apprentices-stock,FR,France,2024-03,TOTAL,999937.0,p,apprentices
fr-dares-apprentices-stock,FR,France,2024-04,TOTAL,993187.0,p,apprentices
fr-dares-apprentices-stock,FR,France,2024-05,TOTAL,982273.0,p,apprentices
fr-dares-apprentices-stock,FR,France,2024-06,TOTAL,959389.0,p,apprentices
fr-dares-apprentices-stock,FR,France,2024-07,TOTAL,917141.0,p,apprentices
fr-dares-apprentices-stock,FR,France,2024-08,TOTAL,841181.0,p,apprentices
fr-dares-apprentices-stock,FR,France,2024-09,TOTAL,1014106.0,p,apprentices
fr-dares-apprentices-stock,FR,France,2024-10,TOTAL,1033415.0,p,apprentices
fr-dares-apprentices-stock,FR,France,2024-11,TOTAL,1039588.0,p,apprentices
fr-dares-apprentices-stock,FR,France,2024-12,TOTAL,1048840.0,p,apprentices
fr-dares-apprentices-stock,FR,France,2025-01,TOTAL,1042320.0,p,apprentices
fr-dares-apprentices-stock,FR,France,2025-02,TOTAL,1037169.0,p,apprentices
fr-dares-apprentices-stock,FR,France,2025-03,TOTAL,1028976.0,p,apprentices
fr-dares-apprentices-stock,FR,France,2025-04,TOTAL,1020448.0,p,apprentices
fr-dares-apprentices-stock,FR,France,2025-05,TOTAL,1007973.0,p,apprentices
fr-dares-apprentices-stock,FR,France,2025-06,TOTAL,990722.0,p,apprentices
fr-dares-apprentices-stock,FR,France,2025-07,TOTAL,944260.0,p,apprentices
fr-dares-apprentices-stock,FR,France,2025-08,TOTAL,844314.0,p,apprentices
fr-dares-apprentices-stock,FR,France,2025-09,TOTAL,1001055.0,p,apprentices
fr-dares-apprentices-stock,FR,France,2025-10,TOTAL,1009223.0,p,apprentices
fr-dares-apprentices-stock,FR,France,2025-11,TOTAL,1009714.0,p,apprentices
fr-dares-apprentices-stock,FR,France,2025-12,TOTAL,1014485.0,p,apprentices
fr-dares-apprentices-stock,FR,France,2026-01,TOTAL,1006363.0,p,apprentices
fr-dares-apprentices-stock,FR,France,2026-02,TOTAL,998576.0,p,apprentices
fr-dares-apprentices-stock,FR,France,2026-03,TOTAL,991070.0,p,apprentices
fr-dares-apprentices-stock,FR,France,2026-04,TOTAL,982695.0,p,apprentices
fr-dares-apprentices-stock,FR,France,2026-05,TOTAL,969600.0,p,apprentices
fr-dares-apprentices-stock,FR,France,2026-06,TOTAL,954049.0,p,apprentices
fr-dares-apprentices-stock,FR,France,2026-07,TOTAL,911425.0,p,apprentices
