indicator,geo,geo_name,time,nfq,sex,value,flag,unit
ie-cso-qualified-apprentices,IE,Ireland,2010,5,1,0.0,,persons
ie-cso-qualified-apprentices,IE,Ireland,2011,5,1,0.0,,persons
ie-cso-qualified-apprentices,IE,Ireland,2012,5,1,0.0,,persons
ie-cso-qualified-apprentices,IE,Ireland,2013,5,1,0.0,,persons
ie-cso-qualified-apprentices,IE,Ireland,2014,5,1,0.0,,persons
ie-cso-qualified-apprentices,IE,Ireland,2015,5,1,0.0,,persons
ie-cso-qualified-apprentices,IE,Ireland,2016,5,1,0.0,,persons
ie-cso-qualified-apprentices,IE,Ireland,2017,5,1,0.0,,persons
ie-cso-qualified-apprentices,IE,Ireland,2018,5,1,0.0,,persons
ie-cso-qualified-apprentices,IE,Ireland,2019,5,1,0.0,,persons
ie-cso-qualified-apprentices,IE,Ireland,2020,5,1,0.0,,persons
ie-cso-qualified-apprentices,IE,Ireland,2010,5,2,0.0,,persons
ie-cso-qualified-apprentices,IE,Ireland,2011,5,2,0.0,,persons
ie-cso-qualified-apprentices,IE,Ireland,2012,5,2,0.0,,persons
ie-cso-qualified-apprentices,IE,Ireland,2013,5,2,0.0,,persons
ie-cso-qualified-apprentices,IE,Ireland,2014,5,2,0.0,,persons
ie-cso-qualified-apprentices,IE,Ireland,2015,5,2,0.0,,persons
ie-cso-qualified-apprentices,IE,Ireland,2016,5,2,0.0,,persons
ie-cso-qualified-apprentices,IE,Ireland,2017,5,2,0.0,,persons
ie-cso-qualified-apprentices,IE,Ireland,2018,5,2,0.0,,persons
ie-cso-qualified-apprentices,IE,Ireland,2019,5,2,0.0,,persons
ie-cso-qualified-apprentices,IE,Ireland,2020,5,2,0.0,,persons
ie-cso-qualified-apprentices,IE,Ireland,2010,5,TOTAL,0.0,,persons
ie-cso-qualified-apprentices,IE,Ireland,2011,5,TOTAL,0.0,,persons
ie-cso-qualified-apprentices,IE,Ireland,2012,5,TOTAL,0.0,,persons
ie-cso-qualified-apprentices,IE,Ireland,2013,5,TOTAL,0.0,,persons
ie-cso-qualified-apprentices,IE,Ireland,2014,5,TOTAL,0.0,,persons
ie-cso-qualified-apprentices,IE,Ireland,2015,5,TOTAL,0.0,,persons
ie-cso-qualified-apprentices,IE,Ireland,2016,5,TOTAL,0.0,,persons
ie-cso-qualified-apprentices,IE,Ireland,2017,5,TOTAL,0.0,,persons
ie-cso-qualified-apprentices,IE,Ireland,2018,5,TOTAL,0.0,,persons
ie-cso-qualified-apprentices,IE,Ireland,2019,5,TOTAL,0.0,,persons
ie-cso-qualified-apprentices,IE,Ireland,2020,5,TOTAL,0.0,,persons
ie-cso-qualified-apprentices,IE,Ireland,2010,6,1,3335.0,,persons
ie-cso-qualified-apprentices,IE,Ireland,2011,6,1,3795.0,,persons
ie-cso-qualified-apprentices,IE,Ireland,2012,6,1,3290.0,,persons
ie-cso-qualified-apprentices,IE,Ireland,2013,6,1,2220.0,,persons
ie-cso-qualified-apprentices,IE,Ireland,2014,6,1,1460.0,,persons
ie-cso-qualified-apprentices,IE,Ireland,2015,6,1,1220.0,,persons
ie-cso-qualified-apprentices,IE,Ireland,2016,6,1,1220.0,,persons
ie-cso-qualified-apprentices,IE,Ireland,2017,6,1,1455.0,,persons
ie-cso-qualified-apprentices,IE,Ireland,2018,6,1,1920.0,,persons
ie-cso-qualified-apprentices,IE,Ireland,2019,6,1,1865.0,,persons
ie-cso-qualified-apprentices,IE,Ireland,2020,6,1,2470.0,,persons
ie-cso-qualified-apprentices,IE,Ireland,2010,6,2,25.0,,persons
ie-cso-qualified-apprentices,IE,Ireland,2011,6,2,20.0,,persons
ie-cso-qualified-apprentices,IE,Ireland,2012,6,2,10.0,,persons
ie-cso-qualified-apprentices,IE,Ireland,2013,6,2,10.0,,persons
ie-cso-qualified-apprentices,IE,Ireland,2014,6,2,5.0,,persons
ie-cso-qualified-apprentices,IE,Ireland,2015,6,2,5.0,,persons
ie-cso-qualified-apprentices,IE,Ireland,2016,6,2,0.0,,persons
ie-cso-qualified-apprentices,IE,Ireland,2017,6,2,5.0,,persons
ie-cso-qualified-apprentices,IE,Ireland,2018,6,2,5.0,,persons
ie-cso-qualified-apprentices,IE,Ireland,2019,6,2,35.0,,persons
ie-cso-qualified-apprentices,IE,Ireland,2020,6,2,85.0,,persons
ie-cso-qualified-apprentices,IE,Ireland,2010,6,TOTAL,3360.0,,persons
ie-cso-qualified-apprentices,IE,Ireland,2011,6,TOTAL,3820.0,,persons
ie-cso-qualified-apprentices,IE,Ireland,2012,6,TOTAL,3300.0,,persons
ie-cso-qualified-apprentices,IE,Ireland,2013,6,TOTAL,2230.0,,persons
ie-cso-qualified-apprentices,IE,Ireland,2014,6,TOTAL,1470.0,,persons
ie-cso-qualified-apprentices,IE,Ireland,2015,6,TOTAL,1225.0,,persons
ie-cso-qualified-apprentices,IE,Ireland,2016,6,TOTAL,1220.0,,persons
ie-cso-qualified-apprentices,IE,Ireland,2017,6,TOTAL,1460.0,,persons
ie-cso-qualified-apprentices,IE,Ireland,2018,6,TOTAL,1925.0,,persons
ie-cso-qualified-apprentices,IE,Ireland,2019,6,TOTAL,1900.0,,persons
ie-cso-qualified-apprentices,IE,Ireland,2020,6,TOTAL,2555.0,,persons
ie-cso-qualified-apprentices,IE,Ireland,2010,7,1,0.0,,persons
ie-cso-qualified-apprentices,IE,Ireland,2011,7,1,0.0,,persons
ie-cso-qualified-apprentices,IE,Ireland,2012,7,1,0.0,,persons
ie-cso-qualified-apprentices,IE,Ireland,2013,7,1,0.0,,persons
ie-cso-qualified-apprentices,IE,Ireland,2014,7,1,0.0,,persons
ie-cso-qualified-apprentices,IE,Ireland,2015,7,1,0.0,,persons
ie-cso-qualified-apprentices,IE,Ireland,2016,7,1,0.0,,persons
ie-cso-qualified-apprentices,IE,Ireland,2017,7,1,0.0,,persons
ie-cso-qualified-apprentices,IE,Ireland,2018,7,1,0.0,,persons
ie-cso-qualified-apprentices,IE,Ireland,2019,7,1,15.0,,persons
ie-cso-qualified-apprentices,IE,Ireland,2020,7,1,55.0,,persons
ie-cso-qualified-apprentices,IE,Ireland,2010,7,2,0.0,,persons
ie-cso-qualified-apprentices,IE,Ireland,2011,7,2,0.0,,persons
ie-cso-qualified-apprentices,IE,Ireland,2012,7,2,0.0,,persons
ie-cso-qualified-apprentices,IE,Ireland,2013,7,2,0.0,,persons
ie-cso-qualified-apprentices,IE,Ireland,2014,7,2,0.0,,persons
ie-cso-qualified-apprentices,IE,Ireland,2015,7,2,0.0,,persons
ie-cso-qualified-apprentices,IE,Ireland,2016,7,2,0.0,,persons
ie-cso-qualified-apprentices,IE,Ireland,2017,7,2,0.0,,persons
ie-cso-qualified-apprentices,IE,Ireland,2018,7,2,0.0,,persons
ie-cso-qualified-apprentices,IE,Ireland,2019,7,2,0.0,,persons
ie-cso-qualified-apprentices,IE,Ireland,2020,7,2,5.0,,persons
ie-cso-qualified-apprentices,IE,Ireland,2010,7,TOTAL,0.0,,persons
ie-cso-qualified-apprentices,IE,Ireland,2011,7,TOTAL,0.0,,persons
ie-cso-qualified-apprentices,IE,Ireland,2012,7,TOTAL,0.0,,persons
ie-cso-qualified-apprentices,IE,Ireland,2013,7,TOTAL,0.0,,persons
ie-cso-qualified-apprentices,IE,Ireland,2014,7,TOTAL,0.0,,persons
ie-cso-qualified-apprentices,IE,Ireland,2015,7,TOTAL,0.0,,persons
ie-cso-qualified-apprentices,IE,Ireland,2016,7,TOTAL,0.0,,persons
ie-cso-qualified-apprentices,IE,Ireland,2017,7,TOTAL,0.0,,persons
ie-cso-qualified-apprentices,IE,Ireland,2018,7,TOTAL,0.0,,persons
ie-cso-qualified-apprentices,IE,Ireland,2019,7,TOTAL,15.0,,persons
ie-cso-qualified-apprentices,IE,Ireland,2020,7,TOTAL,60.0,,persons
ie-cso-qualified-apprentices,IE,Ireland,2010,8,1,0.0,,persons
ie-cso-qualified-apprentices,IE,Ireland,2011,8,1,0.0,,persons
ie-cso-qualified-apprentices,IE,Ireland,2012,8,1,0.0,,persons
ie-cso-qualified-apprentices,IE,Ireland,2013,8,1,0.0,,persons
ie-cso-qualified-apprentices,IE,Ireland,2014,8,1,0.0,,persons
ie-cso-qualified-apprentices,IE,Ireland,2015,8,1,0.0,,persons
ie-cso-qualified-apprentices,IE,Ireland,2016,8,1,0.0,,persons
ie-cso-qualified-apprentices,IE,Ireland,2017,8,1,0.0,,persons
ie-cso-qualified-apprentices,IE,Ireland,2018,8,1,0.0,,persons
ie-cso-qualified-apprentices,IE,Ireland,2019,8,1,30.0,,persons
ie-cso-qualified-apprentices,IE,Ireland,2020,8,1,40.0,,persons
ie-cso-qualified-apprentices,IE,Ireland,2010,8,2,0.0,,persons
ie-cso-qualified-apprentices,IE,Ireland,2011,8,2,0.0,,persons
ie-cso-qualified-apprentices,IE,Ireland,2012,8,2,0.0,,persons
ie-cso-qualified-apprentices,IE,Ireland,2013,8,2,0.0,,persons
ie-cso-qualified-apprentices,IE,Ireland,2014,8,2,0.0,,persons
ie-cso-qualified-apprentices,IE,Ireland,2015,8,2,0.0,,persons
ie-cso-qualified-apprentices,IE,Ireland,2016,8,2,0.0,,persons
ie-cso-qualified-apprentices,IE,Ireland,2017,8,2,0.0,,persons
ie-cso-qualified-apprentices,IE,Ireland,2018,8,2,0.0,,persons
ie-cso-qualified-apprentices,IE,Ireland,2019,8,2,15.0,,persons
ie-cso-qualified-apprentices,IE,Ireland,2020,8,2,30.0,,persons
ie-cso-qualified-apprentices,IE,Ireland,2010,8,TOTAL,0.0,,persons
ie-cso-qualified-apprentices,IE,Ireland,2011,8,TOTAL,0.0,,persons
ie-cso-qualified-apprentices,IE,Ireland,2012,8,TOTAL,0.0,,persons
ie-cso-qualified-apprentices,IE,Ireland,2013,8,TOTAL,0.0,,persons
ie-cso-qualified-apprentices,IE,Ireland,2014,8,TOTAL,0.0,,persons
ie-cso-qualified-apprentices,IE,Ireland,2015,8,TOTAL,0.0,,persons
ie-cso-qualified-apprentices,IE,Ireland,2016,8,TOTAL,0.0,,persons
ie-cso-qualified-apprentices,IE,Ireland,2017,8,TOTAL,0.0,,persons
ie-cso-qualified-apprentices,IE,Ireland,2018,8,TOTAL,0.0,,persons
ie-cso-qualified-apprentices,IE,Ireland,2019,8,TOTAL,45.0,,persons
ie-cso-qualified-apprentices,IE,Ireland,2020,8,TOTAL,65.0,,persons
ie-cso-qualified-apprentices,IE,Ireland,2010,TOTAL,1,3335.0,,persons
ie-cso-qualified-apprentices,IE,Ireland,2011,TOTAL,1,3795.0,,persons
ie-cso-qualified-apprentices,IE,Ireland,2012,TOTAL,1,3290.0,,persons
ie-cso-qualified-apprentices,IE,Ireland,2013,TOTAL,1,2220.0,,persons
ie-cso-qualified-apprentices,IE,Ireland,2014,TOTAL,1,1460.0,,persons
ie-cso-qualified-apprentices,IE,Ireland,2015,TOTAL,1,1220.0,,persons
ie-cso-qualified-apprentices,IE,Ireland,2016,TOTAL,1,1220.0,,persons
ie-cso-qualified-apprentices,IE,Ireland,2017,TOTAL,1,1455.0,,persons
ie-cso-qualified-apprentices,IE,Ireland,2018,TOTAL,1,1920.0,,persons
ie-cso-qualified-apprentices,IE,Ireland,2019,TOTAL,1,1910.0,,persons
ie-cso-qualified-apprentices,IE,Ireland,2020,TOTAL,1,2565.0,,persons
ie-cso-qualified-apprentices,IE,Ireland,2010,TOTAL,2,25.0,,persons
ie-cso-qualified-apprentices,IE,Ireland,2011,TOTAL,2,20.0,,persons
ie-cso-qualified-apprentices,IE,Ireland,2012,TOTAL,2,10.0,,persons
ie-cso-qualified-apprentices,IE,Ireland,2013,TOTAL,2,10.0,,persons
ie-cso-qualified-apprentices,IE,Ireland,2014,TOTAL,2,5.0,,persons
ie-cso-qualified-apprentices,IE,Ireland,2015,TOTAL,2,5.0,,persons
ie-cso-qualified-apprentices,IE,Ireland,2016,TOTAL,2,0.0,,persons
ie-cso-qualified-apprentices,IE,Ireland,2017,TOTAL,2,5.0,,persons
ie-cso-qualified-apprentices,IE,Ireland,2018,TOTAL,2,5.0,,persons
ie-cso-qualified-apprentices,IE,Ireland,2019,TOTAL,2,50.0,,persons
ie-cso-qualified-apprentices,IE,Ireland,2020,TOTAL,2,120.0,,persons
ie-cso-qualified-apprentices,IE,Ireland,2010,TOTAL,TOTAL,3360.0,,persons
ie-cso-qualified-apprentices,IE,Ireland,2011,TOTAL,TOTAL,3820.0,,persons
ie-cso-qualified-apprentices,IE,Ireland,2012,TOTAL,TOTAL,3300.0,,persons
ie-cso-qualified-apprentices,IE,Ireland,2013,TOTAL,TOTAL,2230.0,,persons
ie-cso-qualified-apprentices,IE,Ireland,2014,TOTAL,TOTAL,1470.0,,persons
ie-cso-qualified-apprentices,IE,Ireland,2015,TOTAL,TOTAL,1225.0,,persons
ie-cso-qualified-apprentices,IE,Ireland,2016,TOTAL,TOTAL,1220.0,,persons
ie-cso-qualified-apprentices,IE,Ireland,2017,TOTAL,TOTAL,1460.0,,persons
ie-cso-qualified-apprentices,IE,Ireland,2018,TOTAL,TOTAL,1925.0,,persons
ie-cso-qualified-apprentices,IE,Ireland,2019,TOTAL,TOTAL,1960.0,,persons
ie-cso-qualified-apprentices,IE,Ireland,2020,TOTAL,TOTAL,2685.0,,persons
