indicator,geo,geo_name,time,sex,years_since,value,flag,unit
ie-cso-apprentice-employment-rate,IE,Ireland,2010,1,02,52.6398,,%
ie-cso-apprentice-employment-rate,IE,Ireland,2011,1,02,57.351,,%
ie-cso-apprentice-employment-rate,IE,Ireland,2012,1,02,65.1908,,%
ie-cso-apprentice-employment-rate,IE,Ireland,2013,1,02,74.2664,,%
ie-cso-apprentice-employment-rate,IE,Ireland,2014,1,02,79.1096,,%
ie-cso-apprentice-employment-rate,IE,Ireland,2015,1,02,83.6066,,%
ie-cso-apprentice-employment-rate,IE,Ireland,2016,1,02,86.4198,,%
ie-cso-apprentice-employment-rate,IE,Ireland,2017,1,02,84.1924,,%
ie-cso-apprentice-employment-rate,IE,Ireland,2018,1,02,86.423,,%
ie-cso-apprentice-employment-rate,IE,Ireland,2019,1,02,89.0052,,%
ie-cso-apprentice-employment-rate,IE,Ireland,2020,1,02,92.0078,,%
ie-cso-apprentice-employment-rate,IE,Ireland,2010,1,03,56.5217,,%
ie-cso-apprentice-employment-rate,IE,Ireland,2011,1,03,63.0464,,%
ie-cso-apprentice-employment-rate,IE,Ireland,2012,1,03,69.1603,,%
ie-cso-apprentice-employment-rate,IE,Ireland,2013,1,03,76.0722,,%
ie-cso-apprentice-employment-rate,IE,Ireland,2014,1,03,81.1644,,%
ie-cso-apprentice-employment-rate,IE,Ireland,2015,1,03,82.7869,,%
ie-cso-apprentice-employment-rate,IE,Ireland,2016,1,03,84.3621,,%
ie-cso-apprentice-employment-rate,IE,Ireland,2017,1,03,83.5052,,%
ie-cso-apprentice-employment-rate,IE,Ireland,2018,1,03,87.4674,,%
ie-cso-apprentice-employment-rate,IE,Ireland,2019,1,03,87.6963,,%
ie-cso-apprentice-employment-rate,IE,Ireland,2010,1,04,62.2671,,%
ie-cso-apprentice-employment-rate,IE,Ireland,2011,1,04,67.0199,,%
ie-cso-apprentice-employment-rate,IE,Ireland,2012,1,04,73.5878,,%
ie-cso-apprentice-employment-rate,IE,Ireland,2013,1,04,78.5553,,%
ie-cso-apprentice-employment-rate,IE,Ireland,2014,1,04,82.1918,,%
ie-cso-apprentice-employment-rate,IE,Ireland,2015,1,04,81.9672,,%
ie-cso-apprentice-employment-rate,IE,Ireland,2016,1,04,84.7737,,%
ie-cso-apprentice-employment-rate,IE,Ireland,2017,1,04,84.8797,,%
ie-cso-apprentice-employment-rate,IE,Ireland,2018,1,04,87.4674,,%
ie-cso-apprentice-employment-rate,IE,Ireland,2010,1,05,67.236,,%
ie-cso-apprentice-employment-rate,IE,Ireland,2011,1,05,71.1258,,%
ie-cso-apprentice-employment-rate,IE,Ireland,2012,1,05,76.4885,,%
ie-cso-apprentice-employment-rate,IE,Ireland,2013,1,05,79.0068,,%
ie-cso-apprentice-employment-rate,IE,Ireland,2014,1,05,82.1918,,%
ie-cso-apprentice-employment-rate,IE,Ireland,2015,1,05,81.5574,,%
ie-cso-apprentice-employment-rate,IE,Ireland,2016,1,05,84.7737,,%
ie-cso-apprentice-employment-rate,IE,Ireland,2017,1,05,84.5361,,%
ie-cso-apprentice-employment-rate,IE,Ireland,2010,1,06,69.7205,,%
ie-cso-apprentice-employment-rate,IE,Ireland,2011,1,06,73.7748,,%
ie-cso-apprentice-employment-rate,IE,Ireland,2012,1,06,77.2519,,%
ie-cso-apprentice-employment-rate,IE,Ireland,2013,1,06,80.1354,,%
ie-cso-apprentice-employment-rate,IE,Ireland,2014,1,06,81.1644,,%
ie-cso-apprentice-employment-rate,IE,Ireland,2015,1,06,81.9672,,%
ie-cso-apprentice-employment-rate,IE,Ireland,2016,1,06,86.0082,,%
ie-cso-apprentice-employment-rate,IE,Ireland,2010,1,07,73.6025,,%
ie-cso-apprentice-employment-rate,IE,Ireland,2011,1,07,76.0265,,%
ie-cso-apprentice-employment-rate,IE,Ireland,2012,1,07,78.1679,,%
ie-cso-apprentice-employment-rate,IE,Ireland,2013,1,07,80.1354,,%
ie-cso-apprentice-employment-rate,IE,Ireland,2014,1,07,81.5068,,%
ie-cso-apprentice-employment-rate,IE,Ireland,2015,1,07,81.5574,,%
ie-cso-apprentice-employment-rate,IE,Ireland,2010,1,08,74.8447,,%
ie-cso-apprentice-employment-rate,IE,Ireland,2011,1,08,77.4834,,%
ie-cso-apprentice-employment-rate,IE,Ireland,2012,1,08,78.0153,,%
ie-cso-apprentice-employment-rate,IE,Ireland,2013,1,08,80.5869,,%
ie-cso-apprentice-employment-rate,IE,Ireland,2014,1,08,82.5342,,%
ie-cso-apprentice-employment-rate,IE,Ireland,2010,1,09,75.0,,%
ie-cso-apprentice-employment-rate,IE,Ireland,2011,1,09,77.4834,,%
ie-cso-apprentice-employment-rate,IE,Ireland,2012,1,09,78.9313,,%
ie-cso-apprentice-employment-rate,IE,Ireland,2013,1,09,80.3612,,%
ie-cso-apprentice-employment-rate,IE,Ireland,2010,1,10,75.7764,,%
ie-cso-apprentice-employment-rate,IE,Ireland,2011,1,10,77.8808,,%
ie-cso-apprentice-employment-rate,IE,Ireland,2012,1,10,79.2366,,%
ie-cso-apprentice-employment-rate,IE,Ireland,2010,2,02,80.0,,%
ie-cso-apprentice-employment-rate,IE,Ireland,2011,2,02,75.0,,%
ie-cso-apprentice-employment-rate,IE,Ireland,2012,2,02,50.0,,%
ie-cso-apprentice-employment-rate,IE,Ireland,2013,2,02,100.0,,%
ie-cso-apprentice-employment-rate,IE,Ireland,2014,2,02,100.0,,%
ie-cso-apprentice-employment-rate,IE,Ireland,2015,2,02,0.0,,%
ie-cso-apprentice-employment-rate,IE,Ireland,2017,2,02,100.0,,%
ie-cso-apprentice-employment-rate,IE,Ireland,2018,2,02,100.0,,%
ie-cso-apprentice-employment-rate,IE,Ireland,2019,2,02,100.0,,%
ie-cso-apprentice-employment-rate,IE,Ireland,2020,2,02,95.8333,,%
ie-cso-apprentice-employment-rate,IE,Ireland,2010,2,03,60.0,,%
ie-cso-apprentice-employment-rate,IE,Ireland,2011,2,03,50.0,,%
ie-cso-apprentice-employment-rate,IE,Ireland,2012,2,03,50.0,,%
ie-cso-apprentice-employment-rate,IE,Ireland,2013,2,03,100.0,,%
ie-cso-apprentice-employment-rate,IE,Ireland,2014,2,03,100.0,,%
ie-cso-apprentice-employment-rate,IE,Ireland,2015,2,03,100.0,,%
ie-cso-apprentice-employment-rate,IE,Ireland,2017,2,03,100.0,,%
ie-cso-apprentice-employment-rate,IE,Ireland,2018,2,03,100.0,,%
ie-cso-apprentice-employment-rate,IE,Ireland,2019,2,03,100.0,,%
ie-cso-apprentice-employment-rate,IE,Ireland,2010,2,04,60.0,,%
ie-cso-apprentice-employment-rate,IE,Ireland,2011,2,04,75.0,,%
ie-cso-apprentice-employment-rate,IE,Ireland,2012,2,04,100.0,,%
ie-cso-apprentice-employment-rate,IE,Ireland,2013,2,04,100.0,,%
ie-cso-apprentice-employment-rate,IE,Ireland,2014,2,04,100.0,,%
ie-cso-apprentice-employment-rate,IE,Ireland,2015,2,04,100.0,,%
ie-cso-apprentice-employment-rate,IE,Ireland,2017,2,04,100.0,,%
ie-cso-apprentice-employment-rate,IE,Ireland,2018,2,04,100.0,,%
ie-cso-apprentice-employment-rate,IE,Ireland,2010,2,05,60.0,,%
ie-cso-apprentice-employment-rate,IE,Ireland,2011,2,05,75.0,,%
ie-cso-apprentice-employment-rate,IE,Ireland,2012,2,05,100.0,,%
ie-cso-apprentice-employment-rate,IE,Ireland,2013,2,05,100.0,,%
ie-cso-apprentice-employment-rate,IE,Ireland,2014,2,05,100.0,,%
ie-cso-apprentice-employment-rate,IE,Ireland,2015,2,05,100.0,,%
ie-cso-apprentice-employment-rate,IE,Ireland,2017,2,05,100.0,,%
ie-cso-apprentice-employment-rate,IE,Ireland,2010,2,06,60.0,,%
ie-cso-apprentice-employment-rate,IE,Ireland,2011,2,06,100.0,,%
ie-cso-apprentice-employment-rate,IE,Ireland,2012,2,06,100.0,,%
ie-cso-apprentice-employment-rate,IE,Ireland,2013,2,06,100.0,,%
ie-cso-apprentice-employment-rate,IE,Ireland,2014,2,06,0.0,,%
ie-cso-apprentice-employment-rate,IE,Ireland,2015,2,06,100.0,,%
ie-cso-apprentice-employment-rate,IE,Ireland,2010,2,07,60.0,,%
ie-cso-apprentice-employment-rate,IE,Ireland,2011,2,07,100.0,,%
ie-cso-apprentice-employment-rate,IE,Ireland,2012,2,07,50.0,,%
ie-cso-apprentice-employment-rate,IE,Ireland,2013,2,07,100.0,,%
ie-cso-apprentice-employment-rate,IE,Ireland,2014,2,07,100.0,,%
ie-cso-apprentice-employment-rate,IE,Ireland,2015,2,07,100.0,,%
ie-cso-apprentice-employment-rate,IE,Ireland,2010,2,08,60.0,,%
ie-cso-apprentice-employment-rate,IE,Ireland,2011,2,08,75.0,,%
ie-cso-apprentice-employment-rate,IE,Ireland,2012,2,08,50.0,,%
ie-cso-apprentice-employment-rate,IE,Ireland,2013,2,08,100.0,,%
ie-cso-apprentice-employment-rate,IE,Ireland,2014,2,08,100.0,,%
ie-cso-apprentice-employment-rate,IE,Ireland,2010,2,09,60.0,,%
ie-cso-apprentice-employment-rate,IE,Ireland,2011,2,09,100.0,,%
ie-cso-apprentice-employment-rate,IE,Ireland,2012,2,09,50.0,,%
ie-cso-apprentice-employment-rate,IE,Ireland,2013,2,09,100.0,,%
ie-cso-apprentice-employment-rate,IE,Ireland,2010,2,10,60.0,,%
ie-cso-apprentice-employment-rate,IE,Ireland,2011,2,10,75.0,,%
ie-cso-apprentice-employment-rate,IE,Ireland,2012,2,10,100.0,,%
ie-cso-apprentice-employment-rate,IE,Ireland,2010,TOTAL,02,52.8505,,%
ie-cso-apprentice-employment-rate,IE,Ireland,2011,TOTAL,02,57.444,,%
ie-cso-apprentice-employment-rate,IE,Ireland,2012,TOTAL,02,65.1446,,%
ie-cso-apprentice-employment-rate,IE,Ireland,2013,TOTAL,02,74.1573,,%
ie-cso-apprentice-employment-rate,IE,Ireland,2014,TOTAL,02,79.1809,,%
ie-cso-apprentice-employment-rate,IE,Ireland,2015,TOTAL,02,83.6066,,%
ie-cso-apprentice-employment-rate,IE,Ireland,2016,TOTAL,02,86.0656,,%
ie-cso-apprentice-employment-rate,IE,Ireland,2017,TOTAL,02,84.2466,,%
ie-cso-apprentice-employment-rate,IE,Ireland,2018,TOTAL,02,86.1979,,%
ie-cso-apprentice-employment-rate,IE,Ireland,2019,TOTAL,02,89.2583,,%
ie-cso-apprentice-employment-rate,IE,Ireland,2020,TOTAL,02,92.1642,,%
ie-cso-apprentice-employment-rate,IE,Ireland,2010,TOTAL,03,56.7026,,%
ie-cso-apprentice-employment-rate,IE,Ireland,2011,TOTAL,03,63.1094,,%
ie-cso-apprentice-employment-rate,IE,Ireland,2012,TOTAL,03,69.2542,,%
ie-cso-apprentice-employment-rate,IE,Ireland,2013,TOTAL,03,76.1798,,%
ie-cso-apprentice-employment-rate,IE,Ireland,2014,TOTAL,03,81.2287,,%
ie-cso-apprentice-employment-rate,IE,Ireland,2015,TOTAL,03,83.1967,,%
ie-cso-apprentice-employment-rate,IE,Ireland,2016,TOTAL,03,84.0164,,%
ie-cso-apprentice-employment-rate,IE,Ireland,2017,TOTAL,03,83.5616,,%
ie-cso-apprentice-employment-rate,IE,Ireland,2018,TOTAL,03,87.2396,,%
ie-cso-apprentice-employment-rate,IE,Ireland,2019,TOTAL,03,87.7238,,%
ie-cso-apprentice-employment-rate,IE,Ireland,2010,TOTAL,04,62.2496,,%
ie-cso-apprentice-employment-rate,IE,Ireland,2011,TOTAL,04,67.0619,,%
ie-cso-apprentice-employment-rate,IE,Ireland,2012,TOTAL,04,73.6682,,%
ie-cso-apprentice-employment-rate,IE,Ireland,2013,TOTAL,04,78.6517,,%
ie-cso-apprentice-employment-rate,IE,Ireland,2014,TOTAL,04,82.5939,,%
ie-cso-apprentice-employment-rate,IE,Ireland,2015,TOTAL,04,82.377,,%
ie-cso-apprentice-employment-rate,IE,Ireland,2016,TOTAL,04,84.4262,,%
ie-cso-apprentice-employment-rate,IE,Ireland,2017,TOTAL,04,84.9315,,%
ie-cso-apprentice-employment-rate,IE,Ireland,2018,TOTAL,04,87.5,,%
ie-cso-apprentice-employment-rate,IE,Ireland,2010,TOTAL,05,67.0262,,%
ie-cso-apprentice-employment-rate,IE,Ireland,2011,TOTAL,05,71.1462,,%
ie-cso-apprentice-employment-rate,IE,Ireland,2012,TOTAL,05,76.5601,,%
ie-cso-apprentice-employment-rate,IE,Ireland,2013,TOTAL,05,78.8764,,%
ie-cso-apprentice-employment-rate,IE,Ireland,2014,TOTAL,05,82.2526,,%
ie-cso-apprentice-employment-rate,IE,Ireland,2015,TOTAL,05,81.9672,,%
ie-cso-apprentice-employment-rate,IE,Ireland,2016,TOTAL,05,84.8361,,%
ie-cso-apprentice-employment-rate,IE,Ireland,2017,TOTAL,05,84.9315,,%
ie-cso-apprentice-employment-rate,IE,Ireland,2010,TOTAL,06,69.6456,,%
ie-cso-apprentice-employment-rate,IE,Ireland,2011,TOTAL,06,73.7813,,%
ie-cso-apprentice-employment-rate,IE,Ireland,2012,TOTAL,06,77.3212,,%
ie-cso-apprentice-employment-rate,IE,Ireland,2013,TOTAL,06,80.4494,,%
ie-cso-apprentice-employment-rate,IE,Ireland,2014,TOTAL,06,80.8874,,%
ie-cso-apprentice-employment-rate,IE,Ireland,2015,TOTAL,06,82.377,,%
ie-cso-apprentice-employment-rate,IE,Ireland,2016,TOTAL,06,85.6557,,%
ie-cso-apprentice-employment-rate,IE,Ireland,2010,TOTAL,07,73.3436,,%
ie-cso-apprentice-employment-rate,IE,Ireland,2011,TOTAL,07,76.1528,,%
ie-cso-apprentice-employment-rate,IE,Ireland,2012,TOTAL,07,78.2344,,%
ie-cso-apprentice-employment-rate,IE,Ireland,2013,TOTAL,07,80.2247,,%
ie-cso-apprentice-employment-rate,IE,Ireland,2014,TOTAL,07,81.9113,,%
ie-cso-apprentice-employment-rate,IE,Ireland,2015,TOTAL,07,81.9672,,%
ie-cso-apprentice-employment-rate,IE,Ireland,2010,TOTAL,08,74.5763,,%
ie-cso-apprentice-employment-rate,IE,Ireland,2011,TOTAL,08,77.6021,,%
ie-cso-apprentice-employment-rate,IE,Ireland,2012,TOTAL,08,77.93,,%
ie-cso-apprentice-employment-rate,IE,Ireland,2013,TOTAL,08,80.6742,,%
ie-cso-apprentice-employment-rate,IE,Ireland,2014,TOTAL,08,82.5939,,%
ie-cso-apprentice-employment-rate,IE,Ireland,2010,TOTAL,09,74.7304,,%
ie-cso-apprentice-employment-rate,IE,Ireland,2011,TOTAL,09,77.6021,,%
ie-cso-apprentice-employment-rate,IE,Ireland,2012,TOTAL,09,78.8432,,%
ie-cso-apprentice-employment-rate,IE,Ireland,2013,TOTAL,09,80.4494,,%
ie-cso-apprentice-employment-rate,IE,Ireland,2010,TOTAL,10,75.6549,,%
ie-cso-apprentice-employment-rate,IE,Ireland,2011,TOTAL,10,77.8656,,%
ie-cso-apprentice-employment-rate,IE,Ireland,2012,TOTAL,10,79.2998,,%
