indicator,geo,geo_name,time,level,sector,value,flag,unit
nl-duo-bbl-students,NL,Netherlands,2021,1,ALL,3116.0,,students
nl-duo-bbl-students,NL,Netherlands,2022,1,ALL,3386.0,,students
nl-duo-bbl-students,NL,Netherlands,2023,1,ALL,3766.0,,students
nl-duo-bbl-students,NL,Netherlands,2024,1,ALL,4121.0,,students
nl-duo-bbl-students,NL,Netherlands,2025,1,ALL,4234.0,p,students
nl-duo-bbl-students,NL,Netherlands,2021,1,entree,3116.0,,students
nl-duo-bbl-students,NL,Netherlands,2022,1,entree,3386.0,,students
nl-duo-bbl-students,NL,Netherlands,2023,1,entree,3766.0,,students
nl-duo-bbl-students,NL,Netherlands,2024,1,entree,4121.0,,students
nl-duo-bbl-students,NL,Netherlands,2025,1,entree,4234.0,p,students
nl-duo-bbl-students,NL,Netherlands,2021,2,ALL,29117.0,,students
nl-duo-bbl-students,NL,Netherlands,2022,2,ALL,31047.0,,students
nl-duo-bbl-students,NL,Netherlands,2023,2,ALL,32916.0,,students
nl-duo-bbl-students,NL,Netherlands,2024,2,ALL,32669.0,,students
nl-duo-bbl-students,NL,Netherlands,2025,2,ALL,33519.0,p,students
nl-duo-bbl-students,NL,Netherlands,2021,2,bovensectoraal,127.0,,students
nl-duo-bbl-students,NL,Netherlands,2022,2,bovensectoraal,93.0,,students
nl-duo-bbl-students,NL,Netherlands,2023,2,bovensectoraal,62.0,,students
nl-duo-bbl-students,NL,Netherlands,2024,2,bovensectoraal,0.0,,students
nl-duo-bbl-students,NL,Netherlands,2025,2,bovensectoraal,0.0,p,students
nl-duo-bbl-students,NL,Netherlands,2021,2,handel,1531.0,,students
nl-duo-bbl-students,NL,Netherlands,2022,2,handel,1545.0,,students
nl-duo-bbl-students,NL,Netherlands,2023,2,handel,1583.0,,students
nl-duo-bbl-students,NL,Netherlands,2024,2,handel,1598.0,,students
nl-duo-bbl-students,NL,Netherlands,2025,2,handel,1525.0,p,students
nl-duo-bbl-students,NL,Netherlands,2021,2,ict-en-creatieve-industrie,39.0,,students
nl-duo-bbl-students,NL,Netherlands,2022,2,ict-en-creatieve-industrie,45.0,,students
nl-duo-bbl-students,NL,Netherlands,2023,2,ict-en-creatieve-industrie,34.0,,students
nl-duo-bbl-students,NL,Netherlands,2024,2,ict-en-creatieve-industrie,49.0,,students
nl-duo-bbl-students,NL,Netherlands,2025,2,ict-en-creatieve-industrie,47.0,p,students
nl-duo-bbl-students,NL,Netherlands,2021,2,mobiliteit-transport-logistiek-en-maritiem,6189.0,,students
nl-duo-bbl-students,NL,Netherlands,2022,2,mobiliteit-transport-logistiek-en-maritiem,6004.0,,students
nl-duo-bbl-students,NL,Netherlands,2023,2,mobiliteit-transport-logistiek-en-maritiem,5915.0,,students
nl-duo-bbl-students,NL,Netherlands,2024,2,mobiliteit-transport-logistiek-en-maritiem,6066.0,,students
nl-duo-bbl-students,NL,Netherlands,2025,2,mobiliteit-transport-logistiek-en-maritiem,6145.0,p,students
nl-duo-bbl-students,NL,Netherlands,2021,2,specialistisch-vakmanschap,0.0,,students
nl-duo-bbl-students,NL,Netherlands,2022,2,specialistisch-vakmanschap,0.0,,students
nl-duo-bbl-students,NL,Netherlands,2023,2,specialistisch-vakmanschap,0.0,,students
nl-duo-bbl-students,NL,Netherlands,2024,2,specialistisch-vakmanschap,0.0,,students
nl-duo-bbl-students,NL,Netherlands,2025,2,specialistisch-vakmanschap,0.0,p,students
nl-duo-bbl-students,NL,Netherlands,2021,2,techniek-en-gebouwde-omgeving,12908.0,,students
nl-duo-bbl-students,NL,Netherlands,2022,2,techniek-en-gebouwde-omgeving,13432.0,,students
nl-duo-bbl-students,NL,Netherlands,2023,2,techniek-en-gebouwde-omgeving,13426.0,,students
nl-duo-bbl-students,NL,Netherlands,2024,2,techniek-en-gebouwde-omgeving,13691.0,,students
nl-duo-bbl-students,NL,Netherlands,2025,2,techniek-en-gebouwde-omgeving,14338.0,p,students
nl-duo-bbl-students,NL,Netherlands,2021,2,voedsel-groen-en-gastvrijheid,4274.0,,students
nl-duo-bbl-students,NL,Netherlands,2022,2,voedsel-groen-en-gastvrijheid,4444.0,,students
nl-duo-bbl-students,NL,Netherlands,2023,2,voedsel-groen-en-gastvrijheid,4550.0,,students
nl-duo-bbl-students,NL,Netherlands,2024,2,voedsel-groen-en-gastvrijheid,4465.0,,students
nl-duo-bbl-students,NL,Netherlands,2025,2,voedsel-groen-en-gastvrijheid,4342.0,p,students
nl-duo-bbl-students,NL,Netherlands,2021,2,zakelijke-dienstverlening-en-veiligheid,1325.0,,students
nl-duo-bbl-students,NL,Netherlands,2022,2,zakelijke-dienstverlening-en-veiligheid,2159.0,,students
nl-duo-bbl-students,NL,Netherlands,2023,2,zakelijke-dienstverlening-en-veiligheid,3607.0,,students
nl-duo-bbl-students,NL,Netherlands,2024,2,zakelijke-dienstverlening-en-veiligheid,3219.0,,students
nl-duo-bbl-students,NL,Netherlands,2025,2,zakelijke-dienstverlening-en-veiligheid,3033.0,p,students
nl-duo-bbl-students,NL,Netherlands,2021,2,zorg-welzijn-en-sport,2724.0,,students
nl-duo-bbl-students,NL,Netherlands,2022,2,zorg-welzijn-en-sport,3325.0,,students
nl-duo-bbl-students,NL,Netherlands,2023,2,zorg-welzijn-en-sport,3739.0,,students
nl-duo-bbl-students,NL,Netherlands,2024,2,zorg-welzijn-en-sport,3581.0,,students
nl-duo-bbl-students,NL,Netherlands,2025,2,zorg-welzijn-en-sport,4089.0,p,students
nl-duo-bbl-students,NL,Netherlands,2021,3,ALL,54140.0,,students
nl-duo-bbl-students,NL,Netherlands,2022,3,ALL,54768.0,,students
nl-duo-bbl-students,NL,Netherlands,2023,3,ALL,53663.0,,students
nl-duo-bbl-students,NL,Netherlands,2024,3,ALL,51608.0,,students
nl-duo-bbl-students,NL,Netherlands,2025,3,ALL,50678.0,p,students
nl-duo-bbl-students,NL,Netherlands,2021,3,bovensectoraal,0.0,,students
nl-duo-bbl-students,NL,Netherlands,2022,3,bovensectoraal,0.0,,students
nl-duo-bbl-students,NL,Netherlands,2023,3,bovensectoraal,0.0,,students
nl-duo-bbl-students,NL,Netherlands,2024,3,bovensectoraal,0.0,,students
nl-duo-bbl-students,NL,Netherlands,2025,3,bovensectoraal,0.0,p,students
nl-duo-bbl-students,NL,Netherlands,2021,3,handel,2895.0,,students
nl-duo-bbl-students,NL,Netherlands,2022,3,handel,2807.0,,students
nl-duo-bbl-students,NL,Netherlands,2023,3,handel,2498.0,,students
nl-duo-bbl-students,NL,Netherlands,2024,3,handel,2321.0,,students
nl-duo-bbl-students,NL,Netherlands,2025,3,handel,1994.0,p,students
nl-duo-bbl-students,NL,Netherlands,2021,3,ict-en-creatieve-industrie,139.0,,students
nl-duo-bbl-students,NL,Netherlands,2022,3,ict-en-creatieve-industrie,169.0,,students
nl-duo-bbl-students,NL,Netherlands,2023,3,ict-en-creatieve-industrie,176.0,,students
nl-duo-bbl-students,NL,Netherlands,2024,3,ict-en-creatieve-industrie,150.0,,students
nl-duo-bbl-students,NL,Netherlands,2025,3,ict-en-creatieve-industrie,139.0,p,students
nl-duo-bbl-students,NL,Netherlands,2021,3,mobiliteit-transport-logistiek-en-maritiem,7623.0,,students
nl-duo-bbl-students,NL,Netherlands,2022,3,mobiliteit-transport-logistiek-en-maritiem,7509.0,,students
nl-duo-bbl-students,NL,Netherlands,2023,3,mobiliteit-transport-logistiek-en-maritiem,7660.0,,students
nl-duo-bbl-students,NL,Netherlands,2024,3,mobiliteit-transport-logistiek-en-maritiem,7876.0,,students
nl-duo-bbl-students,NL,Netherlands,2025,3,mobiliteit-transport-logistiek-en-maritiem,8068.0,p,students
nl-duo-bbl-students,NL,Netherlands,2021,3,specialistisch-vakmanschap,245.0,,students
nl-duo-bbl-students,NL,Netherlands,2022,3,specialistisch-vakmanschap,252.0,,students
nl-duo-bbl-students,NL,Netherlands,2023,3,specialistisch-vakmanschap,267.0,,students
nl-duo-bbl-students,NL,Netherlands,2024,3,specialistisch-vakmanschap,279.0,,students
nl-duo-bbl-students,NL,Netherlands,2025,3,specialistisch-vakmanschap,260.0,p,students
nl-duo-bbl-students,NL,Netherlands,2021,3,techniek-en-gebouwde-omgeving,18065.0,,students
nl-duo-bbl-students,NL,Netherlands,2022,3,techniek-en-gebouwde-omgeving,18878.0,,students
nl-duo-bbl-students,NL,Netherlands,2023,3,techniek-en-gebouwde-omgeving,19063.0,,students
nl-duo-bbl-students,NL,Netherlands,2024,3,techniek-en-gebouwde-omgeving,19181.0,,students
nl-duo-bbl-students,NL,Netherlands,2025,3,techniek-en-gebouwde-omgeving,19352.0,p,students
nl-duo-bbl-students,NL,Netherlands,2021,3,voedsel-groen-en-gastvrijheid,7770.0,,students
nl-duo-bbl-students,NL,Netherlands,2022,3,voedsel-groen-en-gastvrijheid,7625.0,,students
nl-duo-bbl-students,NL,Netherlands,2023,3,voedsel-groen-en-gastvrijheid,7645.0,,students
nl-duo-bbl-students,NL,Netherlands,2024,3,voedsel-groen-en-gastvrijheid,7367.0,,students
nl-duo-bbl-students,NL,Netherlands,2025,3,voedsel-groen-en-gastvrijheid,7221.0,p,students
nl-duo-bbl-students,NL,Netherlands,2021,3,zakelijke-dienstverlening-en-veiligheid,506.0,,students
nl-duo-bbl-students,NL,Netherlands,2022,3,zakelijke-dienstverlening-en-veiligheid,491.0,,students
nl-duo-bbl-students,NL,Netherlands,2023,3,zakelijke-dienstverlening-en-veiligheid,636.0,,students
nl-duo-bbl-students,NL,Netherlands,2024,3,zakelijke-dienstverlening-en-veiligheid,676.0,,students
nl-duo-bbl-students,NL,Netherlands,2025,3,zakelijke-dienstverlening-en-veiligheid,762.0,p,students
nl-duo-bbl-students,NL,Netherlands,2021,3,zorg-welzijn-en-sport,16897.0,,students
nl-duo-bbl-students,NL,Netherlands,2022,3,zorg-welzijn-en-sport,17037.0,,students
nl-duo-bbl-students,NL,Netherlands,2023,3,zorg-welzijn-en-sport,15718.0,,students
nl-duo-bbl-students,NL,Netherlands,2024,3,zorg-welzijn-en-sport,13758.0,,students
nl-duo-bbl-students,NL,Netherlands,2025,3,zorg-welzijn-en-sport,12882.0,p,students
nl-duo-bbl-students,NL,Netherlands,2021,4,ALL,42791.0,,students
nl-duo-bbl-students,NL,Netherlands,2022,4,ALL,46501.0,,students
nl-duo-bbl-students,NL,Netherlands,2023,4,ALL,48768.0,,students
nl-duo-bbl-students,NL,Netherlands,2024,4,ALL,48586.0,,students
nl-duo-bbl-students,NL,Netherlands,2025,4,ALL,48484.0,p,students
nl-duo-bbl-students,NL,Netherlands,2021,4,bovensectoraal,0.0,,students
nl-duo-bbl-students,NL,Netherlands,2022,4,bovensectoraal,0.0,,students
nl-duo-bbl-students,NL,Netherlands,2023,4,bovensectoraal,0.0,,students
nl-duo-bbl-students,NL,Netherlands,2024,4,bovensectoraal,0.0,,students
nl-duo-bbl-students,NL,Netherlands,2025,4,bovensectoraal,0.0,p,students
nl-duo-bbl-students,NL,Netherlands,2021,4,handel,4808.0,,students
nl-duo-bbl-students,NL,Netherlands,2022,4,handel,4619.0,,students
nl-duo-bbl-students,NL,Netherlands,2023,4,handel,4698.0,,students
nl-duo-bbl-students,NL,Netherlands,2024,4,handel,4643.0,,students
nl-duo-bbl-students,NL,Netherlands,2025,4,handel,4454.0,p,students
nl-duo-bbl-students,NL,Netherlands,2021,4,ict-en-creatieve-industrie,879.0,,students
nl-duo-bbl-students,NL,Netherlands,2022,4,ict-en-creatieve-industrie,922.0,,students
nl-duo-bbl-students,NL,Netherlands,2023,4,ict-en-creatieve-industrie,977.0,,students
nl-duo-bbl-students,NL,Netherlands,2024,4,ict-en-creatieve-industrie,952.0,,students
nl-duo-bbl-students,NL,Netherlands,2025,4,ict-en-creatieve-industrie,949.0,p,students
nl-duo-bbl-students,NL,Netherlands,2021,4,mobiliteit-transport-logistiek-en-maritiem,2869.0,,students
nl-duo-bbl-students,NL,Netherlands,2022,4,mobiliteit-transport-logistiek-en-maritiem,3017.0,,students
nl-duo-bbl-students,NL,Netherlands,2023,4,mobiliteit-transport-logistiek-en-maritiem,3209.0,,students
nl-duo-bbl-students,NL,Netherlands,2024,4,mobiliteit-transport-logistiek-en-maritiem,3274.0,,students
nl-duo-bbl-students,NL,Netherlands,2025,4,mobiliteit-transport-logistiek-en-maritiem,3550.0,p,students
nl-duo-bbl-students,NL,Netherlands,2021,4,specialistisch-vakmanschap,1115.0,,students
nl-duo-bbl-students,NL,Netherlands,2022,4,specialistisch-vakmanschap,1162.0,,students
nl-duo-bbl-students,NL,Netherlands,2023,4,specialistisch-vakmanschap,1212.0,,students
nl-duo-bbl-students,NL,Netherlands,2024,4,specialistisch-vakmanschap,1269.0,,students
nl-duo-bbl-students,NL,Netherlands,2025,4,specialistisch-vakmanschap,1369.0,p,students
nl-duo-bbl-students,NL,Netherlands,2021,4,techniek-en-gebouwde-omgeving,5814.0,,students
nl-duo-bbl-students,NL,Netherlands,2022,4,techniek-en-gebouwde-omgeving,5989.0,,students
nl-duo-bbl-students,NL,Netherlands,2023,4,techniek-en-gebouwde-omgeving,6237.0,,students
nl-duo-bbl-students,NL,Netherlands,2024,4,techniek-en-gebouwde-omgeving,6190.0,,students
nl-duo-bbl-students,NL,Netherlands,2025,4,techniek-en-gebouwde-omgeving,6216.0,p,students
nl-duo-bbl-students,NL,Netherlands,2021,4,voedsel-groen-en-gastvrijheid,2600.0,,students
nl-duo-bbl-students,NL,Netherlands,2022,4,voedsel-groen-en-gastvrijheid,2816.0,,students
nl-duo-bbl-students,NL,Netherlands,2023,4,voedsel-groen-en-gastvrijheid,3018.0,,students
nl-duo-bbl-students,NL,Netherlands,2024,4,voedsel-groen-en-gastvrijheid,3176.0,,students
nl-duo-bbl-students,NL,Netherlands,2025,4,voedsel-groen-en-gastvrijheid,3193.0,p,students
nl-duo-bbl-students,NL,Netherlands,2021,4,zakelijke-dienstverlening-en-veiligheid,958.0,,students
nl-duo-bbl-students,NL,Netherlands,2022,4,zakelijke-dienstverlening-en-veiligheid,952.0,,students
nl-duo-bbl-students,NL,Netherlands,2023,4,zakelijke-dienstverlening-en-veiligheid,962.0,,students
nl-duo-bbl-students,NL,Netherlands,2024,4,zakelijke-dienstverlening-en-veiligheid,1081.0,,students
nl-duo-bbl-students,NL,Netherlands,2025,4,zakelijke-dienstverlening-en-veiligheid,1166.0,p,students
nl-duo-bbl-students,NL,Netherlands,2021,4,zorg-welzijn-en-sport,23748.0,,students
nl-duo-bbl-students,NL,Netherlands,2022,4,zorg-welzijn-en-sport,27024.0,,students
nl-duo-bbl-students,NL,Netherlands,2023,4,zorg-welzijn-en-sport,28455.0,,students
nl-duo-bbl-students,NL,Netherlands,2024,4,zorg-welzijn-en-sport,28001.0,,students
nl-duo-bbl-students,NL,Netherlands,2025,4,zorg-welzijn-en-sport,27587.0,p,students
nl-duo-bbl-students,NL,Netherlands,2021,ALL,ALL,129164.0,,students
nl-duo-bbl-students,NL,Netherlands,2022,ALL,ALL,135702.0,,students
nl-duo-bbl-students,NL,Netherlands,2023,ALL,ALL,139113.0,,students
nl-duo-bbl-students,NL,Netherlands,2024,ALL,ALL,136984.0,,students
nl-duo-bbl-students,NL,Netherlands,2025,ALL,ALL,136915.0,p,students
nl-duo-bbl-students,NL,Netherlands,2021,ALL,bovensectoraal,127.0,,students
nl-duo-bbl-students,NL,Netherlands,2022,ALL,bovensectoraal,93.0,,students
nl-duo-bbl-students,NL,Netherlands,2023,ALL,bovensectoraal,62.0,,students
nl-duo-bbl-students,NL,Netherlands,2024,ALL,bovensectoraal,0.0,,students
nl-duo-bbl-students,NL,Netherlands,2025,ALL,bovensectoraal,0.0,p,students
nl-duo-bbl-students,NL,Netherlands,2021,ALL,entree,3116.0,,students
nl-duo-bbl-students,NL,Netherlands,2022,ALL,entree,3386.0,,students
nl-duo-bbl-students,NL,Netherlands,2023,ALL,entree,3766.0,,students
nl-duo-bbl-students,NL,Netherlands,2024,ALL,entree,4121.0,,students
nl-duo-bbl-students,NL,Netherlands,2025,ALL,entree,4234.0,p,students
nl-duo-bbl-students,NL,Netherlands,2021,ALL,handel,9234.0,,students
nl-duo-bbl-students,NL,Netherlands,2022,ALL,handel,8971.0,,students
nl-duo-bbl-students,NL,Netherlands,2023,ALL,handel,8779.0,,students
nl-duo-bbl-students,NL,Netherlands,2024,ALL,handel,8562.0,,students
nl-duo-bbl-students,NL,Netherlands,2025,ALL,handel,7973.0,p,students
nl-duo-bbl-students,NL,Netherlands,2021,ALL,ict-en-creatieve-industrie,1057.0,,students
nl-duo-bbl-students,NL,Netherlands,2022,ALL,ict-en-creatieve-industrie,1136.0,,students
nl-duo-bbl-students,NL,Netherlands,2023,ALL,ict-en-creatieve-industrie,1187.0,,students
nl-duo-bbl-students,NL,Netherlands,2024,ALL,ict-en-creatieve-industrie,1151.0,,students
nl-duo-bbl-students,NL,Netherlands,2025,ALL,ict-en-creatieve-industrie,1135.0,p,students
nl-duo-bbl-students,NL,Netherlands,2021,ALL,mobiliteit-transport-logistiek-en-maritiem,16681.0,,students
nl-duo-bbl-students,NL,Netherlands,2022,ALL,mobiliteit-transport-logistiek-en-maritiem,16530.0,,students
nl-duo-bbl-students,NL,Netherlands,2023,ALL,mobiliteit-transport-logistiek-en-maritiem,16784.0,,students
nl-duo-bbl-students,NL,Netherlands,2024,ALL,mobiliteit-transport-logistiek-en-maritiem,17216.0,,students
nl-duo-bbl-students,NL,Netherlands,2025,ALL,mobiliteit-transport-logistiek-en-maritiem,17763.0,p,students
nl-duo-bbl-students,NL,Netherlands,2021,ALL,specialistisch-vakmanschap,1360.0,,students
nl-duo-bbl-students,NL,Netherlands,2022,ALL,specialistisch-vakmanschap,1414.0,,students
nl-duo-bbl-students,NL,Netherlands,2023,ALL,specialistisch-vakmanschap,1479.0,,students
nl-duo-bbl-students,NL,Netherlands,2024,ALL,specialistisch-vakmanschap,1548.0,,students
nl-duo-bbl-students,NL,Netherlands,2025,ALL,specialistisch-vakmanschap,1629.0,p,students
nl-duo-bbl-students,NL,Netherlands,2021,ALL,techniek-en-gebouwde-omgeving,36787.0,,students
nl-duo-bbl-students,NL,Netherlands,2022,ALL,techniek-en-gebouwde-omgeving,38299.0,,students
nl-duo-bbl-students,NL,Netherlands,2023,ALL,techniek-en-gebouwde-omgeving,38726.0,,students
nl-duo-bbl-students,NL,Netherlands,2024,ALL,techniek-en-gebouwde-omgeving,39062.0,,students
nl-duo-bbl-students,NL,Netherlands,2025,ALL,techniek-en-gebouwde-omgeving,39906.0,p,students
nl-duo-bbl-students,NL,Netherlands,2021,ALL,voedsel-groen-en-gastvrijheid,14644.0,,students
nl-duo-bbl-students,NL,Netherlands,2022,ALL,voedsel-groen-en-gastvrijheid,14885.0,,students
nl-duo-bbl-students,NL,Netherlands,2023,ALL,voedsel-groen-en-gastvrijheid,15213.0,,students
nl-duo-bbl-students,NL,Netherlands,2024,ALL,voedsel-groen-en-gastvrijheid,15008.0,,students
nl-duo-bbl-students,NL,Netherlands,2025,ALL,voedsel-groen-en-gastvrijheid,14756.0,p,students
nl-duo-bbl-students,NL,Netherlands,2021,ALL,zakelijke-dienstverlening-en-veiligheid,2789.0,,students
nl-duo-bbl-students,NL,Netherlands,2022,ALL,zakelijke-dienstverlening-en-veiligheid,3602.0,,students
nl-duo-bbl-students,NL,Netherlands,2023,ALL,zakelijke-dienstverlening-en-veiligheid,5205.0,,students
nl-duo-bbl-students,NL,Netherlands,2024,ALL,zakelijke-dienstverlening-en-veiligheid,4976.0,,students
nl-duo-bbl-students,NL,Netherlands,2025,ALL,zakelijke-dienstverlening-en-veiligheid,4961.0,p,students
nl-duo-bbl-students,NL,Netherlands,2021,ALL,zorg-welzijn-en-sport,43369.0,,students
nl-duo-bbl-students,NL,Netherlands,2022,ALL,zorg-welzijn-en-sport,47386.0,,students
nl-duo-bbl-students,NL,Netherlands,2023,ALL,zorg-welzijn-en-sport,47912.0,,students
nl-duo-bbl-students,NL,Netherlands,2024,ALL,zorg-welzijn-en-sport,45340.0,,students
nl-duo-bbl-students,NL,Netherlands,2025,ALL,zorg-welzijn-en-sport,44558.0,p,students
