indicator,geo,geo_name,time,pathway,value,flag,unit
nl-duo-mbo-students,NL,Netherlands,2021,BBL,129502.0,,students
nl-duo-mbo-students,NL,Netherlands,2022,BBL,136033.0,,students
nl-duo-mbo-students,NL,Netherlands,2023,BBL,139467.0,,students
nl-duo-mbo-students,NL,Netherlands,2024,BBL,137294.0,,students
nl-duo-mbo-students,NL,Netherlands,2025,BBL,137185.0,p,students
nl-duo-mbo-students,NL,Netherlands,2021,BOLDT,0.0,,students
nl-duo-mbo-students,NL,Netherlands,2022,BOLDT,0.0,,students
nl-duo-mbo-students,NL,Netherlands,2023,BOLDT,0.0,,students
nl-duo-mbo-students,NL,Netherlands,2024,BOLDT,0.0,,students
nl-duo-mbo-students,NL,Netherlands,2025,BOLDT,0.0,p,students
nl-duo-mbo-students,NL,Netherlands,2021,BOLVT,373032.0,,students
nl-duo-mbo-students,NL,Netherlands,2022,BOLVT,347054.0,,students
nl-duo-mbo-students,NL,Netherlands,2023,BOLVT,329439.0,,students
nl-duo-mbo-students,NL,Netherlands,2024,BOLVT,328874.0,,students
nl-duo-mbo-students,NL,Netherlands,2025,BOLVT,330141.0,p,students
nl-duo-mbo-students,NL,Netherlands,2021,EX,10026.0,,students
nl-duo-mbo-students,NL,Netherlands,2022,EX,10498.0,,students
nl-duo-mbo-students,NL,Netherlands,2023,EX,10297.0,,students
nl-duo-mbo-students,NL,Netherlands,2024,EX,9911.0,,students
nl-duo-mbo-students,NL,Netherlands,2025,EX,8918.0,p,students
nl-duo-mbo-students,NL,Netherlands,2021,TOTAL,512560.0,,students
nl-duo-mbo-students,NL,Netherlands,2022,TOTAL,493585.0,,students
nl-duo-mbo-students,NL,Netherlands,2023,TOTAL,479203.0,,students
nl-duo-mbo-students,NL,Netherlands,2024,TOTAL,476079.0,,students
nl-duo-mbo-students,NL,Netherlands,2025,TOTAL,476244.0,p,students
