indicator,geo,geo_name,time,age,value,flag,unit
no-ssb-new-apprentices,NO,Norway,2003,00-18,6593.0,,persons
no-ssb-new-apprentices,NO,Norway,2004,00-18,6959.0,,persons
no-ssb-new-apprentices,NO,Norway,2005,00-18,7648.0,,persons
no-ssb-new-apprentices,NO,Norway,2006,00-18,8386.0,,persons
no-ssb-new-apprentices,NO,Norway,2007,00-18,8957.0,,persons
no-ssb-new-apprentices,NO,Norway,2008,00-18,9180.0,,persons
no-ssb-new-apprentices,NO,Norway,2009,00-18,8302.0,,persons
no-ssb-new-apprentices,NO,Norway,2010,00-18,8288.0,,persons
no-ssb-new-apprentices,NO,Norway,2011,00-18,8445.0,,persons
no-ssb-new-apprentices,NO,Norway,2012,00-18,8641.0,,persons
no-ssb-new-apprentices,NO,Norway,2013,00-18,8948.0,,persons
no-ssb-new-apprentices,NO,Norway,2014,00-18,9516.0,,persons
no-ssb-new-apprentices,NO,Norway,2015,00-18,9485.0,,persons
no-ssb-new-apprentices,NO,Norway,2016,00-18,9552.0,,persons
no-ssb-new-apprentices,NO,Norway,2017,00-18,10335.0,,persons
no-ssb-new-apprentices,NO,Norway,2018,00-18,10560.0,,persons
no-ssb-new-apprentices,NO,Norway,2019,00-18,10525.0,,persons
no-ssb-new-apprentices,NO,Norway,2020,00-18,10306.0,,persons
no-ssb-new-apprentices,NO,Norway,2021,00-18,11233.0,,persons
no-ssb-new-apprentices,NO,Norway,2022,00-18,11790.0,,persons
no-ssb-new-apprentices,NO,Norway,2023,00-18,11714.0,,persons
no-ssb-new-apprentices,NO,Norway,2024,00-18,12475.0,,persons
no-ssb-new-apprentices,NO,Norway,2025,00-18,12559.0,,persons
no-ssb-new-apprentices,NO,Norway,2003,019,2585.0,,persons
no-ssb-new-apprentices,NO,Norway,2004,019,2855.0,,persons
no-ssb-new-apprentices,NO,Norway,2005,019,3210.0,,persons
no-ssb-new-apprentices,NO,Norway,2006,019,3503.0,,persons
no-ssb-new-apprentices,NO,Norway,2007,019,3582.0,,persons
no-ssb-new-apprentices,NO,Norway,2008,019,3331.0,,persons
no-ssb-new-apprentices,NO,Norway,2009,019,2822.0,,persons
no-ssb-new-apprentices,NO,Norway,2010,019,3235.0,,persons
no-ssb-new-apprentices,NO,Norway,2011,019,3336.0,,persons
no-ssb-new-apprentices,NO,Norway,2012,019,3358.0,,persons
no-ssb-new-apprentices,NO,Norway,2013,019,3298.0,,persons
no-ssb-new-apprentices,NO,Norway,2014,019,3284.0,,persons
no-ssb-new-apprentices,NO,Norway,2015,019,3490.0,,persons
no-ssb-new-apprentices,NO,Norway,2016,019,3551.0,,persons
no-ssb-new-apprentices,NO,Norway,2017,019,3427.0,,persons
no-ssb-new-apprentices,NO,Norway,2018,019,3622.0,,persons
no-ssb-new-apprentices,NO,Norway,2019,019,3548.0,,persons
no-ssb-new-apprentices,NO,Norway,2020,019,3361.0,,persons
no-ssb-new-apprentices,NO,Norway,2021,019,3475.0,,persons
no-ssb-new-apprentices,NO,Norway,2022,019,3468.0,,persons
no-ssb-new-apprentices,NO,Norway,2023,019,3321.0,,persons
no-ssb-new-apprentices,NO,Norway,2024,019,3400.0,,persons
no-ssb-new-apprentices,NO,Norway,2025,019,3680.0,,persons
no-ssb-new-apprentices,NO,Norway,2003,020,1267.0,,persons
no-ssb-new-apprentices,NO,Norway,2004,020,1382.0,,persons
no-ssb-new-apprentices,NO,Norway,2005,020,1603.0,,persons
no-ssb-new-apprentices,NO,Norway,2006,020,1746.0,,persons
no-ssb-new-apprentices,NO,Norway,2007,020,1677.0,,persons
no-ssb-new-apprentices,NO,Norway,2008,020,1619.0,,persons
no-ssb-new-apprentices,NO,Norway,2009,020,1257.0,,persons
no-ssb-new-apprentices,NO,Norway,2010,020,1494.0,,persons
no-ssb-new-apprentices,NO,Norway,2011,020,1697.0,,persons
no-ssb-new-apprentices,NO,Norway,2012,020,1720.0,,persons
no-ssb-new-apprentices,NO,Norway,2013,020,1640.0,,persons
no-ssb-new-apprentices,NO,Norway,2014,020,1573.0,,persons
no-ssb-new-apprentices,NO,Norway,2015,020,1783.0,,persons
no-ssb-new-apprentices,NO,Norway,2016,020,1875.0,,persons
no-ssb-new-apprentices,NO,Norway,2017,020,1830.0,,persons
no-ssb-new-apprentices,NO,Norway,2018,020,1760.0,,persons
no-ssb-new-apprentices,NO,Norway,2019,020,1822.0,,persons
no-ssb-new-apprentices,NO,Norway,2020,020,1679.0,,persons
no-ssb-new-apprentices,NO,Norway,2021,020,1796.0,,persons
no-ssb-new-apprentices,NO,Norway,2022,020,1602.0,,persons
no-ssb-new-apprentices,NO,Norway,2023,020,1502.0,,persons
no-ssb-new-apprentices,NO,Norway,2024,020,1466.0,,persons
no-ssb-new-apprentices,NO,Norway,2025,020,1592.0,,persons
no-ssb-new-apprentices,NO,Norway,2003,021,709.0,,persons
no-ssb-new-apprentices,NO,Norway,2004,021,780.0,,persons
no-ssb-new-apprentices,NO,Norway,2005,021,914.0,,persons
no-ssb-new-apprentices,NO,Norway,2006,021,1103.0,,persons
no-ssb-new-apprentices,NO,Norway,2007,021,1044.0,,persons
no-ssb-new-apprentices,NO,Norway,2008,021,1059.0,,persons
no-ssb-new-apprentices,NO,Norway,2009,021,828.0,,persons
no-ssb-new-apprentices,NO,Norway,2010,021,907.0,,persons
no-ssb-new-apprentices,NO,Norway,2011,021,1097.0,,persons
no-ssb-new-apprentices,NO,Norway,2012,021,1147.0,,persons
no-ssb-new-apprentices,NO,Norway,2013,021,1122.0,,persons
no-ssb-new-apprentices,NO,Norway,2014,021,1088.0,,persons
no-ssb-new-apprentices,NO,Norway,2015,021,1179.0,,persons
no-ssb-new-apprentices,NO,Norway,2016,021,1209.0,,persons
no-ssb-new-apprentices,NO,Norway,2017,021,1314.0,,persons
no-ssb-new-apprentices,NO,Norway,2018,021,1319.0,,persons
no-ssb-new-apprentices,NO,Norway,2019,021,1331.0,,persons
no-ssb-new-apprentices,NO,Norway,2020,021,1247.0,,persons
no-ssb-new-apprentices,NO,Norway,2021,021,1296.0,,persons
no-ssb-new-apprentices,NO,Norway,2022,021,1119.0,,persons
no-ssb-new-apprentices,NO,Norway,2023,021,1050.0,,persons
no-ssb-new-apprentices,NO,Norway,2024,021,1027.0,,persons
no-ssb-new-apprentices,NO,Norway,2025,021,1124.0,,persons
no-ssb-new-apprentices,NO,Norway,2003,022,477.0,,persons
no-ssb-new-apprentices,NO,Norway,2004,022,532.0,,persons
no-ssb-new-apprentices,NO,Norway,2005,022,617.0,,persons
no-ssb-new-apprentices,NO,Norway,2006,022,747.0,,persons
no-ssb-new-apprentices,NO,Norway,2007,022,730.0,,persons
no-ssb-new-apprentices,NO,Norway,2008,022,679.0,,persons
no-ssb-new-apprentices,NO,Norway,2009,022,570.0,,persons
no-ssb-new-apprentices,NO,Norway,2010,022,608.0,,persons
no-ssb-new-apprentices,NO,Norway,2011,022,694.0,,persons
no-ssb-new-apprentices,NO,Norway,2012,022,824.0,,persons
no-ssb-new-apprentices,NO,Norway,2013,022,794.0,,persons
no-ssb-new-apprentices,NO,Norway,2014,022,807.0,,persons
no-ssb-new-apprentices,NO,Norway,2015,022,863.0,,persons
no-ssb-new-apprentices,NO,Norway,2016,022,860.0,,persons
no-ssb-new-apprentices,NO,Norway,2017,022,925.0,,persons
no-ssb-new-apprentices,NO,Norway,2018,022,965.0,,persons
no-ssb-new-apprentices,NO,Norway,2019,022,1021.0,,persons
no-ssb-new-apprentices,NO,Norway,2020,022,911.0,,persons
no-ssb-new-apprentices,NO,Norway,2021,022,1075.0,,persons
no-ssb-new-apprentices,NO,Norway,2022,022,925.0,,persons
no-ssb-new-apprentices,NO,Norway,2023,022,858.0,,persons
no-ssb-new-apprentices,NO,Norway,2024,022,791.0,,persons
no-ssb-new-apprentices,NO,Norway,2025,022,851.0,,persons
no-ssb-new-apprentices,NO,Norway,2003,025+,1355.0,,persons
no-ssb-new-apprentices,NO,Norway,2004,025+,1443.0,,persons
no-ssb-new-apprentices,NO,Norway,2005,025+,1611.0,,persons
no-ssb-new-apprentices,NO,Norway,2006,025+,1858.0,,persons
no-ssb-new-apprentices,NO,Norway,2007,025+,1810.0,,persons
no-ssb-new-apprentices,NO,Norway,2008,025+,1833.0,,persons
no-ssb-new-apprentices,NO,Norway,2009,025+,1522.0,,persons
no-ssb-new-apprentices,NO,Norway,2010,025+,1550.0,,persons
no-ssb-new-apprentices,NO,Norway,2011,025+,1596.0,,persons
no-ssb-new-apprentices,NO,Norway,2012,025+,1651.0,,persons
no-ssb-new-apprentices,NO,Norway,2013,025+,1736.0,,persons
no-ssb-new-apprentices,NO,Norway,2014,025+,1868.0,,persons
no-ssb-new-apprentices,NO,Norway,2015,025+,2035.0,,persons
no-ssb-new-apprentices,NO,Norway,2016,025+,2215.0,,persons
no-ssb-new-apprentices,NO,Norway,2017,025+,2720.0,,persons
no-ssb-new-apprentices,NO,Norway,2018,025+,3077.0,,persons
no-ssb-new-apprentices,NO,Norway,2019,025+,3806.0,,persons
no-ssb-new-apprentices,NO,Norway,2020,025+,4046.0,,persons
no-ssb-new-apprentices,NO,Norway,2021,025+,5113.0,,persons
no-ssb-new-apprentices,NO,Norway,2022,025+,5365.0,,persons
no-ssb-new-apprentices,NO,Norway,2023,025+,5196.0,,persons
no-ssb-new-apprentices,NO,Norway,2024,025+,5052.0,,persons
no-ssb-new-apprentices,NO,Norway,2025,025+,5743.0,,persons
no-ssb-new-apprentices,NO,Norway,2003,23-24,539.0,,persons
no-ssb-new-apprentices,NO,Norway,2004,23-24,589.0,,persons
no-ssb-new-apprentices,NO,Norway,2005,23-24,738.0,,persons
no-ssb-new-apprentices,NO,Norway,2006,23-24,837.0,,persons
no-ssb-new-apprentices,NO,Norway,2007,23-24,899.0,,persons
no-ssb-new-apprentices,NO,Norway,2008,23-24,884.0,,persons
no-ssb-new-apprentices,NO,Norway,2009,23-24,627.0,,persons
no-ssb-new-apprentices,NO,Norway,2010,23-24,687.0,,persons
no-ssb-new-apprentices,NO,Norway,2011,23-24,778.0,,persons
no-ssb-new-apprentices,NO,Norway,2012,23-24,923.0,,persons
no-ssb-new-apprentices,NO,Norway,2013,23-24,969.0,,persons
no-ssb-new-apprentices,NO,Norway,2014,23-24,1025.0,,persons
no-ssb-new-apprentices,NO,Norway,2015,23-24,1142.0,,persons
no-ssb-new-apprentices,NO,Norway,2016,23-24,1116.0,,persons
no-ssb-new-apprentices,NO,Norway,2017,23-24,1258.0,,persons
no-ssb-new-apprentices,NO,Norway,2018,23-24,1263.0,,persons
no-ssb-new-apprentices,NO,Norway,2019,23-24,1366.0,,persons
no-ssb-new-apprentices,NO,Norway,2020,23-24,1362.0,,persons
no-ssb-new-apprentices,NO,Norway,2021,23-24,1628.0,,persons
no-ssb-new-apprentices,NO,Norway,2022,23-24,1456.0,,persons
no-ssb-new-apprentices,NO,Norway,2023,23-24,1335.0,,persons
no-ssb-new-apprentices,NO,Norway,2024,23-24,1208.0,,persons
no-ssb-new-apprentices,NO,Norway,2025,23-24,1168.0,,persons
no-ssb-new-apprentices,NO,Norway,2003,TOTAL,13525.0,,persons
no-ssb-new-apprentices,NO,Norway,2004,TOTAL,14540.0,,persons
no-ssb-new-apprentices,NO,Norway,2005,TOTAL,16341.0,,persons
no-ssb-new-apprentices,NO,Norway,2006,TOTAL,18180.0,,persons
no-ssb-new-apprentices,NO,Norway,2007,TOTAL,18699.0,,persons
no-ssb-new-apprentices,NO,Norway,2008,TOTAL,18585.0,,persons
no-ssb-new-apprentices,NO,Norway,2009,TOTAL,15928.0,,persons
no-ssb-new-apprentices,NO,Norway,2010,TOTAL,16769.0,,persons
no-ssb-new-apprentices,NO,Norway,2011,TOTAL,17643.0,,persons
no-ssb-new-apprentices,NO,Norway,2012,TOTAL,18264.0,,persons
no-ssb-new-apprentices,NO,Norway,2013,TOTAL,18507.0,,persons
no-ssb-new-apprentices,NO,Norway,2014,TOTAL,19161.0,,persons
no-ssb-new-apprentices,NO,Norway,2015,TOTAL,19977.0,,persons
no-ssb-new-apprentices,NO,Norway,2016,TOTAL,20378.0,,persons
no-ssb-new-apprentices,NO,Norway,2017,TOTAL,21809.0,,persons
no-ssb-new-apprentices,NO,Norway,2018,TOTAL,22566.0,,persons
no-ssb-new-apprentices,NO,Norway,2019,TOTAL,23419.0,,persons
no-ssb-new-apprentices,NO,Norway,2020,TOTAL,22912.0,,persons
no-ssb-new-apprentices,NO,Norway,2021,TOTAL,25616.0,,persons
no-ssb-new-apprentices,NO,Norway,2022,TOTAL,25725.0,,persons
no-ssb-new-apprentices,NO,Norway,2023,TOTAL,24976.0,,persons
no-ssb-new-apprentices,NO,Norway,2024,TOTAL,25419.0,,persons
no-ssb-new-apprentices,NO,Norway,2025,TOTAL,26717.0,,persons
