indicator,geo,geo_name,time,age,sex,type,value,flag,unit
no-ssb-apprentices,NO,Norway,2006,00-15,0,212,0.0,,persons
no-ssb-apprentices,NO,Norway,2007,00-15,0,212,0.0,,persons
no-ssb-apprentices,NO,Norway,2008,00-15,0,212,0.0,,persons
no-ssb-apprentices,NO,Norway,2009,00-15,0,212,0.0,,persons
no-ssb-apprentices,NO,Norway,2010,00-15,0,212,0.0,,persons
no-ssb-apprentices,NO,Norway,2011,00-15,0,212,0.0,,persons
no-ssb-apprentices,NO,Norway,2012,00-15,0,212,0.0,,persons
no-ssb-apprentices,NO,Norway,2013,00-15,0,212,0.0,,persons
no-ssb-apprentices,NO,Norway,2014,00-15,0,212,0.0,,persons
no-ssb-apprentices,NO,Norway,2015,00-15,0,212,1.0,,persons
no-ssb-apprentices,NO,Norway,2016,00-15,0,212,1.0,,persons
no-ssb-apprentices,NO,Norway,2017,00-15,0,212,0.0,,persons
no-ssb-apprentices,NO,Norway,2018,00-15,0,212,0.0,,persons
no-ssb-apprentices,NO,Norway,2019,00-15,0,212,0.0,,persons
no-ssb-apprentices,NO,Norway,2020,00-15,0,212,1.0,,persons
no-ssb-apprentices,NO,Norway,2021,00-15,0,212,0.0,,persons
no-ssb-apprentices,NO,Norway,2022,00-15,0,212,0.0,,persons
no-ssb-apprentices,NO,Norway,2023,00-15,0,212,0.0,,persons
no-ssb-apprentices,NO,Norway,2024,00-15,0,212,0.0,,persons
no-ssb-apprentices,NO,Norway,2025,00-15,0,212,0.0,,persons
no-ssb-apprentices,NO,Norway,2006,00-15,0,213,0.0,,persons
no-ssb-apprentices,NO,Norway,2007,00-15,0,213,0.0,,persons
no-ssb-apprentices,NO,Norway,2008,00-15,0,213,0.0,,persons
no-ssb-apprentices,NO,Norway,2009,00-15,0,213,0.0,,persons
no-ssb-apprentices,NO,Norway,2010,00-15,0,213,0.0,,persons
no-ssb-apprentices,NO,Norway,2011,00-15,0,213,0.0,,persons
no-ssb-apprentices,NO,Norway,2012,00-15,0,213,0.0,,persons
no-ssb-apprentices,NO,Norway,2013,00-15,0,213,0.0,,persons
no-ssb-apprentices,NO,Norway,2014,00-15,0,213,0.0,,persons
no-ssb-apprentices,NO,Norway,2015,00-15,0,213,0.0,,persons
no-ssb-apprentices,NO,Norway,2016,00-15,0,213,0.0,,persons
no-ssb-apprentices,NO,Norway,2017,00-15,0,213,0.0,,persons
no-ssb-apprentices,NO,Norway,2018,00-15,0,213,0.0,,persons
no-ssb-apprentices,NO,Norway,2019,00-15,0,213,0.0,,persons
no-ssb-apprentices,NO,Norway,2020,00-15,0,213,0.0,,persons
no-ssb-apprentices,NO,Norway,2021,00-15,0,213,0.0,,persons
no-ssb-apprentices,NO,Norway,2022,00-15,0,213,0.0,,persons
no-ssb-apprentices,NO,Norway,2023,00-15,0,213,0.0,,persons
no-ssb-apprentices,NO,Norway,2024,00-15,0,213,0.0,,persons
no-ssb-apprentices,NO,Norway,2025,00-15,0,213,0.0,,persons
no-ssb-apprentices,NO,Norway,2006,00-15,1,212,0.0,,persons
no-ssb-apprentices,NO,Norway,2007,00-15,1,212,0.0,,persons
no-ssb-apprentices,NO,Norway,2008,00-15,1,212,0.0,,persons
no-ssb-apprentices,NO,Norway,2009,00-15,1,212,0.0,,persons
no-ssb-apprentices,NO,Norway,2010,00-15,1,212,0.0,,persons
no-ssb-apprentices,NO,Norway,2011,00-15,1,212,0.0,,persons
no-ssb-apprentices,NO,Norway,2012,00-15,1,212,0.0,,persons
no-ssb-apprentices,NO,Norway,2013,00-15,1,212,0.0,,persons
no-ssb-apprentices,NO,Norway,2014,00-15,1,212,0.0,,persons
no-ssb-apprentices,NO,Norway,2015,00-15,1,212,0.0,,persons
no-ssb-apprentices,NO,Norway,2016,00-15,1,212,0.0,,persons
no-ssb-apprentices,NO,Norway,2017,00-15,1,212,0.0,,persons
no-ssb-apprentices,NO,Norway,2018,00-15,1,212,0.0,,persons
no-ssb-apprentices,NO,Norway,2019,00-15,1,212,0.0,,persons
no-ssb-apprentices,NO,Norway,2020,00-15,1,212,1.0,,persons
no-ssb-apprentices,NO,Norway,2021,00-15,1,212,0.0,,persons
no-ssb-apprentices,NO,Norway,2022,00-15,1,212,0.0,,persons
no-ssb-apprentices,NO,Norway,2023,00-15,1,212,0.0,,persons
no-ssb-apprentices,NO,Norway,2024,00-15,1,212,0.0,,persons
no-ssb-apprentices,NO,Norway,2025,00-15,1,212,0.0,,persons
no-ssb-apprentices,NO,Norway,2006,00-15,1,213,0.0,,persons
no-ssb-apprentices,NO,Norway,2007,00-15,1,213,0.0,,persons
no-ssb-apprentices,NO,Norway,2008,00-15,1,213,0.0,,persons
no-ssb-apprentices,NO,Norway,2009,00-15,1,213,0.0,,persons
no-ssb-apprentices,NO,Norway,2010,00-15,1,213,0.0,,persons
no-ssb-apprentices,NO,Norway,2011,00-15,1,213,0.0,,persons
no-ssb-apprentices,NO,Norway,2012,00-15,1,213,0.0,,persons
no-ssb-apprentices,NO,Norway,2013,00-15,1,213,0.0,,persons
no-ssb-apprentices,NO,Norway,2014,00-15,1,213,0.0,,persons
no-ssb-apprentices,NO,Norway,2015,00-15,1,213,0.0,,persons
no-ssb-apprentices,NO,Norway,2016,00-15,1,213,0.0,,persons
no-ssb-apprentices,NO,Norway,2017,00-15,1,213,0.0,,persons
no-ssb-apprentices,NO,Norway,2018,00-15,1,213,0.0,,persons
no-ssb-apprentices,NO,Norway,2019,00-15,1,213,0.0,,persons
no-ssb-apprentices,NO,Norway,2020,00-15,1,213,0.0,,persons
no-ssb-apprentices,NO,Norway,2021,00-15,1,213,0.0,,persons
no-ssb-apprentices,NO,Norway,2022,00-15,1,213,0.0,,persons
no-ssb-apprentices,NO,Norway,2023,00-15,1,213,0.0,,persons
no-ssb-apprentices,NO,Norway,2024,00-15,1,213,0.0,,persons
no-ssb-apprentices,NO,Norway,2025,00-15,1,213,0.0,,persons
no-ssb-apprentices,NO,Norway,2006,00-15,2,212,0.0,,persons
no-ssb-apprentices,NO,Norway,2007,00-15,2,212,0.0,,persons
no-ssb-apprentices,NO,Norway,2008,00-15,2,212,0.0,,persons
no-ssb-apprentices,NO,Norway,2009,00-15,2,212,0.0,,persons
no-ssb-apprentices,NO,Norway,2010,00-15,2,212,0.0,,persons
no-ssb-apprentices,NO,Norway,2011,00-15,2,212,0.0,,persons
no-ssb-apprentices,NO,Norway,2012,00-15,2,212,0.0,,persons
no-ssb-apprentices,NO,Norway,2013,00-15,2,212,0.0,,persons
no-ssb-apprentices,NO,Norway,2014,00-15,2,212,0.0,,persons
no-ssb-apprentices,NO,Norway,2015,00-15,2,212,1.0,,persons
no-ssb-apprentices,NO,Norway,2016,00-15,2,212,1.0,,persons
no-ssb-apprentices,NO,Norway,2017,00-15,2,212,0.0,,persons
no-ssb-apprentices,NO,Norway,2018,00-15,2,212,0.0,,persons
no-ssb-apprentices,NO,Norway,2019,00-15,2,212,0.0,,persons
no-ssb-apprentices,NO,Norway,2020,00-15,2,212,0.0,,persons
no-ssb-apprentices,NO,Norway,2021,00-15,2,212,0.0,,persons
no-ssb-apprentices,NO,Norway,2022,00-15,2,212,0.0,,persons
no-ssb-apprentices,NO,Norway,2023,00-15,2,212,0.0,,persons
no-ssb-apprentices,NO,Norway,2024,00-15,2,212,0.0,,persons
no-ssb-apprentices,NO,Norway,2025,00-15,2,212,0.0,,persons
no-ssb-apprentices,NO,Norway,2006,00-15,2,213,0.0,,persons
no-ssb-apprentices,NO,Norway,2007,00-15,2,213,0.0,,persons
no-ssb-apprentices,NO,Norway,2008,00-15,2,213,0.0,,persons
no-ssb-apprentices,NO,Norway,2009,00-15,2,213,0.0,,persons
no-ssb-apprentices,NO,Norway,2010,00-15,2,213,0.0,,persons
no-ssb-apprentices,NO,Norway,2011,00-15,2,213,0.0,,persons
no-ssb-apprentices,NO,Norway,2012,00-15,2,213,0.0,,persons
no-ssb-apprentices,NO,Norway,2013,00-15,2,213,0.0,,persons
no-ssb-apprentices,NO,Norway,2014,00-15,2,213,0.0,,persons
no-ssb-apprentices,NO,Norway,2015,00-15,2,213,0.0,,persons
no-ssb-apprentices,NO,Norway,2016,00-15,2,213,0.0,,persons
no-ssb-apprentices,NO,Norway,2017,00-15,2,213,0.0,,persons
no-ssb-apprentices,NO,Norway,2018,00-15,2,213,0.0,,persons
no-ssb-apprentices,NO,Norway,2019,00-15,2,213,0.0,,persons
no-ssb-apprentices,NO,Norway,2020,00-15,2,213,0.0,,persons
no-ssb-apprentices,NO,Norway,2021,00-15,2,213,0.0,,persons
no-ssb-apprentices,NO,Norway,2022,00-15,2,213,0.0,,persons
no-ssb-apprentices,NO,Norway,2023,00-15,2,213,0.0,,persons
no-ssb-apprentices,NO,Norway,2024,00-15,2,213,0.0,,persons
no-ssb-apprentices,NO,Norway,2025,00-15,2,213,0.0,,persons
no-ssb-apprentices,NO,Norway,2006,035+,0,212,1045.0,,persons
no-ssb-apprentices,NO,Norway,2007,035+,0,212,1163.0,,persons
no-ssb-apprentices,NO,Norway,2008,035+,0,212,1183.0,,persons
no-ssb-apprentices,NO,Norway,2009,035+,0,212,1128.0,,persons
no-ssb-apprentices,NO,Norway,2010,035+,0,212,1083.0,,persons
no-ssb-apprentices,NO,Norway,2011,035+,0,212,961.0,,persons
no-ssb-apprentices,NO,Norway,2012,035+,0,212,942.0,,persons
no-ssb-apprentices,NO,Norway,2013,035+,0,212,940.0,,persons
no-ssb-apprentices,NO,Norway,2014,035+,0,212,972.0,,persons
no-ssb-apprentices,NO,Norway,2015,035+,0,212,963.0,,persons
no-ssb-apprentices,NO,Norway,2016,035+,0,212,1027.0,,persons
no-ssb-apprentices,NO,Norway,2017,035+,0,212,1210.0,,persons
no-ssb-apprentices,NO,Norway,2018,035+,0,212,1407.0,,persons
no-ssb-apprentices,NO,Norway,2019,035+,0,212,1738.0,,persons
no-ssb-apprentices,NO,Norway,2020,035+,0,212,2085.0,,persons
no-ssb-apprentices,NO,Norway,2021,035+,0,212,2652.0,,persons
no-ssb-apprentices,NO,Norway,2022,035+,0,212,3101.0,,persons
no-ssb-apprentices,NO,Norway,2023,035+,0,212,3357.0,,persons
no-ssb-apprentices,NO,Norway,2024,035+,0,212,3713.0,,persons
no-ssb-apprentices,NO,Norway,2025,035+,0,212,4322.0,,persons
no-ssb-apprentices,NO,Norway,2006,035+,0,213,21.0,,persons
no-ssb-apprentices,NO,Norway,2007,035+,0,213,19.0,,persons
no-ssb-apprentices,NO,Norway,2008,035+,0,213,21.0,,persons
no-ssb-apprentices,NO,Norway,2009,035+,0,213,33.0,,persons
no-ssb-apprentices,NO,Norway,2010,035+,0,213,31.0,,persons
no-ssb-apprentices,NO,Norway,2011,035+,0,213,29.0,,persons
no-ssb-apprentices,NO,Norway,2012,035+,0,213,37.0,,persons
no-ssb-apprentices,NO,Norway,2013,035+,0,213,36.0,,persons
no-ssb-apprentices,NO,Norway,2014,035+,0,213,37.0,,persons
no-ssb-apprentices,NO,Norway,2015,035+,0,213,41.0,,persons
no-ssb-apprentices,NO,Norway,2016,035+,0,213,45.0,,persons
no-ssb-apprentices,NO,Norway,2017,035+,0,213,43.0,,persons
no-ssb-apprentices,NO,Norway,2018,035+,0,213,39.0,,persons
no-ssb-apprentices,NO,Norway,2019,035+,0,213,42.0,,persons
no-ssb-apprentices,NO,Norway,2020,035+,0,213,62.0,,persons
no-ssb-apprentices,NO,Norway,2021,035+,0,213,80.0,,persons
no-ssb-apprentices,NO,Norway,2022,035+,0,213,70.0,,persons
no-ssb-apprentices,NO,Norway,2023,035+,0,213,74.0,,persons
no-ssb-apprentices,NO,Norway,2024,035+,0,213,87.0,,persons
no-ssb-apprentices,NO,Norway,2025,035+,0,213,101.0,,persons
no-ssb-apprentices,NO,Norway,2006,035+,1,212,596.0,,persons
no-ssb-apprentices,NO,Norway,2007,035+,1,212,706.0,,persons
no-ssb-apprentices,NO,Norway,2008,035+,1,212,733.0,,persons
no-ssb-apprentices,NO,Norway,2009,035+,1,212,623.0,,persons
no-ssb-apprentices,NO,Norway,2010,035+,1,212,549.0,,persons
no-ssb-apprentices,NO,Norway,2011,035+,1,212,478.0,,persons
no-ssb-apprentices,NO,Norway,2012,035+,1,212,467.0,,persons
no-ssb-apprentices,NO,Norway,2013,035+,1,212,501.0,,persons
no-ssb-apprentices,NO,Norway,2014,035+,1,212,501.0,,persons
no-ssb-apprentices,NO,Norway,2015,035+,1,212,506.0,,persons
no-ssb-apprentices,NO,Norway,2016,035+,1,212,539.0,,persons
no-ssb-apprentices,NO,Norway,2017,035+,1,212,636.0,,persons
no-ssb-apprentices,NO,Norway,2018,035+,1,212,744.0,,persons
no-ssb-apprentices,NO,Norway,2019,035+,1,212,967.0,,persons
no-ssb-apprentices,NO,Norway,2020,035+,1,212,1168.0,,persons
no-ssb-apprentices,NO,Norway,2021,035+,1,212,1401.0,,persons
no-ssb-apprentices,NO,Norway,2022,035+,1,212,1616.0,,persons
no-ssb-apprentices,NO,Norway,2023,035+,1,212,1689.0,,persons
no-ssb-apprentices,NO,Norway,2024,035+,1,212,1811.0,,persons
no-ssb-apprentices,NO,Norway,2025,035+,1,212,1977.0,,persons
no-ssb-apprentices,NO,Norway,2006,035+,1,213,15.0,,persons
no-ssb-apprentices,NO,Norway,2007,035+,1,213,12.0,,persons
no-ssb-apprentices,NO,Norway,2008,035+,1,213,10.0,,persons
no-ssb-apprentices,NO,Norway,2009,035+,1,213,17.0,,persons
no-ssb-apprentices,NO,Norway,2010,035+,1,213,10.0,,persons
no-ssb-apprentices,NO,Norway,2011,035+,1,213,19.0,,persons
no-ssb-apprentices,NO,Norway,2012,035+,1,213,21.0,,persons
no-ssb-apprentices,NO,Norway,2013,035+,1,213,20.0,,persons
no-ssb-apprentices,NO,Norway,2014,035+,1,213,17.0,,persons
no-ssb-apprentices,NO,Norway,2015,035+,1,213,18.0,,persons
no-ssb-apprentices,NO,Norway,2016,035+,1,213,17.0,,persons
no-ssb-apprentices,NO,Norway,2017,035+,1,213,16.0,,persons
no-ssb-apprentices,NO,Norway,2018,035+,1,213,20.0,,persons
no-ssb-apprentices,NO,Norway,2019,035+,1,213,25.0,,persons
no-ssb-apprentices,NO,Norway,2020,035+,1,213,35.0,,persons
no-ssb-apprentices,NO,Norway,2021,035+,1,213,44.0,,persons
no-ssb-apprentices,NO,Norway,2022,035+,1,213,43.0,,persons
no-ssb-apprentices,NO,Norway,2023,035+,1,213,47.0,,persons
no-ssb-apprentices,NO,Norway,2024,035+,1,213,51.0,,persons
no-ssb-apprentices,NO,Norway,2025,035+,1,213,57.0,,persons
no-ssb-apprentices,NO,Norway,2006,035+,2,212,449.0,,persons
no-ssb-apprentices,NO,Norway,2007,035+,2,212,457.0,,persons
no-ssb-apprentices,NO,Norway,2008,035+,2,212,450.0,,persons
no-ssb-apprentices,NO,Norway,2009,035+,2,212,505.0,,persons
no-ssb-apprentices,NO,Norway,2010,035+,2,212,534.0,,persons
no-ssb-apprentices,NO,Norway,2011,035+,2,212,483.0,,persons
no-ssb-apprentices,NO,Norway,2012,035+,2,212,475.0,,persons
no-ssb-apprentices,NO,Norway,2013,035+,2,212,439.0,,persons
no-ssb-apprentices,NO,Norway,2014,035+,2,212,471.0,,persons
no-ssb-apprentices,NO,Norway,2015,035+,2,212,457.0,,persons
no-ssb-apprentices,NO,Norway,2016,035+,2,212,488.0,,persons
no-ssb-apprentices,NO,Norway,2017,035+,2,212,574.0,,persons
no-ssb-apprentices,NO,Norway,2018,035+,2,212,663.0,,persons
no-ssb-apprentices,NO,Norway,2019,035+,2,212,771.0,,persons
no-ssb-apprentices,NO,Norway,2020,035+,2,212,917.0,,persons
no-ssb-apprentices,NO,Norway,2021,035+,2,212,1251.0,,persons
no-ssb-apprentices,NO,Norway,2022,035+,2,212,1485.0,,persons
no-ssb-apprentices,NO,Norway,2023,035+,2,212,1668.0,,persons
no-ssb-apprentices,NO,Norway,2024,035+,2,212,1902.0,,persons
no-ssb-apprentices,NO,Norway,2025,035+,2,212,2345.0,,persons
no-ssb-apprentices,NO,Norway,2006,035+,2,213,6.0,,persons
no-ssb-apprentices,NO,Norway,2007,035+,2,213,7.0,,persons
no-ssb-apprentices,NO,Norway,2008,035+,2,213,11.0,,persons
no-ssb-apprentices,NO,Norway,2009,035+,2,213,16.0,,persons
no-ssb-apprentices,NO,Norway,2010,035+,2,213,21.0,,persons
no-ssb-apprentices,NO,Norway,2011,035+,2,213,10.0,,persons
no-ssb-apprentices,NO,Norway,2012,035+,2,213,16.0,,persons
no-ssb-apprentices,NO,Norway,2013,035+,2,213,16.0,,persons
no-ssb-apprentices,NO,Norway,2014,035+,2,213,20.0,,persons
no-ssb-apprentices,NO,Norway,2015,035+,2,213,23.0,,persons
no-ssb-apprentices,NO,Norway,2016,035+,2,213,28.0,,persons
no-ssb-apprentices,NO,Norway,2017,035+,2,213,27.0,,persons
no-ssb-apprentices,NO,Norway,2018,035+,2,213,19.0,,persons
no-ssb-apprentices,NO,Norway,2019,035+,2,213,17.0,,persons
no-ssb-apprentices,NO,Norway,2020,035+,2,213,27.0,,persons
no-ssb-apprentices,NO,Norway,2021,035+,2,213,36.0,,persons
no-ssb-apprentices,NO,Norway,2022,035+,2,213,27.0,,persons
no-ssb-apprentices,NO,Norway,2023,035+,2,213,27.0,,persons
no-ssb-apprentices,NO,Norway,2024,035+,2,213,36.0,,persons
no-ssb-apprentices,NO,Norway,2025,035+,2,213,44.0,,persons
no-ssb-apprentices,NO,Norway,2006,16-18,0,212,8634.0,,persons
no-ssb-apprentices,NO,Norway,2007,16-18,0,212,9236.0,,persons
no-ssb-apprentices,NO,Norway,2008,16-18,0,212,9581.0,,persons
no-ssb-apprentices,NO,Norway,2009,16-18,0,212,8685.0,,persons
no-ssb-apprentices,NO,Norway,2010,16-18,0,212,8543.0,,persons
no-ssb-apprentices,NO,Norway,2011,16-18,0,212,8707.0,,persons
no-ssb-apprentices,NO,Norway,2012,16-18,0,212,9029.0,,persons
no-ssb-apprentices,NO,Norway,2013,16-18,0,212,9225.0,,persons
no-ssb-apprentices,NO,Norway,2014,16-18,0,212,9851.0,,persons
no-ssb-apprentices,NO,Norway,2015,16-18,0,212,9911.0,,persons
no-ssb-apprentices,NO,Norway,2016,16-18,0,212,10035.0,,persons
no-ssb-apprentices,NO,Norway,2017,16-18,0,212,10879.0,,persons
no-ssb-apprentices,NO,Norway,2018,16-18,0,212,11135.0,,persons
no-ssb-apprentices,NO,Norway,2019,16-18,0,212,11111.0,,persons
no-ssb-apprentices,NO,Norway,2020,16-18,0,212,10886.0,,persons
no-ssb-apprentices,NO,Norway,2021,16-18,0,212,11760.0,,persons
no-ssb-apprentices,NO,Norway,2022,16-18,0,212,12355.0,,persons
no-ssb-apprentices,NO,Norway,2023,16-18,0,212,12317.0,,persons
no-ssb-apprentices,NO,Norway,2024,16-18,0,212,13150.0,,persons
no-ssb-apprentices,NO,Norway,2025,16-18,0,212,13274.0,,persons
no-ssb-apprentices,NO,Norway,2006,16-18,0,213,202.0,,persons
no-ssb-apprentices,NO,Norway,2007,16-18,0,213,211.0,,persons
no-ssb-apprentices,NO,Norway,2008,16-18,0,213,295.0,,persons
no-ssb-apprentices,NO,Norway,2009,16-18,0,213,373.0,,persons
no-ssb-apprentices,NO,Norway,2010,16-18,0,213,379.0,,persons
no-ssb-apprentices,NO,Norway,2011,16-18,0,213,416.0,,persons
no-ssb-apprentices,NO,Norway,2012,16-18,0,213,353.0,,persons
no-ssb-apprentices,NO,Norway,2013,16-18,0,213,381.0,,persons
no-ssb-apprentices,NO,Norway,2014,16-18,0,213,404.0,,persons
no-ssb-apprentices,NO,Norway,2015,16-18,0,213,460.0,,persons
no-ssb-apprentices,NO,Norway,2016,16-18,0,213,414.0,,persons
no-ssb-apprentices,NO,Norway,2017,16-18,0,213,431.0,,persons
no-ssb-apprentices,NO,Norway,2018,16-18,0,213,372.0,,persons
no-ssb-apprentices,NO,Norway,2019,16-18,0,213,400.0,,persons
no-ssb-apprentices,NO,Norway,2020,16-18,0,213,400.0,,persons
no-ssb-apprentices,NO,Norway,2021,16-18,0,213,403.0,,persons
no-ssb-apprentices,NO,Norway,2022,16-18,0,213,407.0,,persons
no-ssb-apprentices,NO,Norway,2023,16-18,0,213,536.0,,persons
no-ssb-apprentices,NO,Norway,2024,16-18,0,213,569.0,,persons
no-ssb-apprentices,NO,Norway,2025,16-18,0,213,599.0,,persons
no-ssb-apprentices,NO,Norway,2006,16-18,1,212,6630.0,,persons
no-ssb-apprentices,NO,Norway,2007,16-18,1,212,7224.0,,persons
no-ssb-apprentices,NO,Norway,2008,16-18,1,212,7200.0,,persons
no-ssb-apprentices,NO,Norway,2009,16-18,1,212,6384.0,,persons
no-ssb-apprentices,NO,Norway,2010,16-18,1,212,6319.0,,persons
no-ssb-apprentices,NO,Norway,2011,16-18,1,212,6504.0,,persons
no-ssb-apprentices,NO,Norway,2012,16-18,1,212,6756.0,,persons
no-ssb-apprentices,NO,Norway,2013,16-18,1,212,6931.0,,persons
no-ssb-apprentices,NO,Norway,2014,16-18,1,212,7309.0,,persons
no-ssb-apprentices,NO,Norway,2015,16-18,1,212,7206.0,,persons
no-ssb-apprentices,NO,Norway,2016,16-18,1,212,7178.0,,persons
no-ssb-apprentices,NO,Norway,2017,16-18,1,212,7769.0,,persons
no-ssb-apprentices,NO,Norway,2018,16-18,1,212,8113.0,,persons
no-ssb-apprentices,NO,Norway,2019,16-18,1,212,8114.0,,persons
no-ssb-apprentices,NO,Norway,2020,16-18,1,212,7948.0,,persons
no-ssb-apprentices,NO,Norway,2021,16-18,1,212,8533.0,,persons
no-ssb-apprentices,NO,Norway,2022,16-18,1,212,9084.0,,persons
no-ssb-apprentices,NO,Norway,2023,16-18,1,212,9048.0,,persons
no-ssb-apprentices,NO,Norway,2024,16-18,1,212,9666.0,,persons
no-ssb-apprentices,NO,Norway,2025,16-18,1,212,9572.0,,persons
no-ssb-apprentices,NO,Norway,2006,16-18,1,213,146.0,,persons
no-ssb-apprentices,NO,Norway,2007,16-18,1,213,158.0,,persons
no-ssb-apprentices,NO,Norway,2008,16-18,1,213,222.0,,persons
no-ssb-apprentices,NO,Norway,2009,16-18,1,213,280.0,,persons
no-ssb-apprentices,NO,Norway,2010,16-18,1,213,281.0,,persons
no-ssb-apprentices,NO,Norway,2011,16-18,1,213,304.0,,persons
no-ssb-apprentices,NO,Norway,2012,16-18,1,213,264.0,,persons
no-ssb-apprentices,NO,Norway,2013,16-18,1,213,290.0,,persons
no-ssb-apprentices,NO,Norway,2014,16-18,1,213,302.0,,persons
no-ssb-apprentices,NO,Norway,2015,16-18,1,213,333.0,,persons
no-ssb-apprentices,NO,Norway,2016,16-18,1,213,298.0,,persons
no-ssb-apprentices,NO,Norway,2017,16-18,1,213,321.0,,persons
no-ssb-apprentices,NO,Norway,2018,16-18,1,213,261.0,,persons
no-ssb-apprentices,NO,Norway,2019,16-18,1,213,301.0,,persons
no-ssb-apprentices,NO,Norway,2020,16-18,1,213,305.0,,persons
no-ssb-apprentices,NO,Norway,2021,16-18,1,213,314.0,,persons
no-ssb-apprentices,NO,Norway,2022,16-18,1,213,309.0,,persons
no-ssb-apprentices,NO,Norway,2023,16-18,1,213,376.0,,persons
no-ssb-apprentices,NO,Norway,2024,16-18,1,213,412.0,,persons
no-ssb-apprentices,NO,Norway,2025,16-18,1,213,417.0,,persons
no-ssb-apprentices,NO,Norway,2006,16-18,2,212,2004.0,,persons
no-ssb-apprentices,NO,Norway,2007,16-18,2,212,2012.0,,persons
no-ssb-apprentices,NO,Norway,2008,16-18,2,212,2381.0,,persons
no-ssb-apprentices,NO,Norway,2009,16-18,2,212,2301.0,,persons
no-ssb-apprentices,NO,Norway,2010,16-18,2,212,2224.0,,persons
no-ssb-apprentices,NO,Norway,2011,16-18,2,212,2203.0,,persons
no-ssb-apprentices,NO,Norway,2012,16-18,2,212,2273.0,,persons
no-ssb-apprentices,NO,Norway,2013,16-18,2,212,2294.0,,persons
no-ssb-apprentices,NO,Norway,2014,16-18,2,212,2542.0,,persons
no-ssb-apprentices,NO,Norway,2015,16-18,2,212,2705.0,,persons
no-ssb-apprentices,NO,Norway,2016,16-18,2,212,2857.0,,persons
no-ssb-apprentices,NO,Norway,2017,16-18,2,212,3110.0,,persons
no-ssb-apprentices,NO,Norway,2018,16-18,2,212,3022.0,,persons
no-ssb-apprentices,NO,Norway,2019,16-18,2,212,2997.0,,persons
no-ssb-apprentices,NO,Norway,2020,16-18,2,212,2938.0,,persons
no-ssb-apprentices,NO,Norway,2021,16-18,2,212,3227.0,,persons
no-ssb-apprentices,NO,Norway,2022,16-18,2,212,3271.0,,persons
no-ssb-apprentices,NO,Norway,2023,16-18,2,212,3269.0,,persons
no-ssb-apprentices,NO,Norway,2024,16-18,2,212,3484.0,,persons
no-ssb-apprentices,NO,Norway,2025,16-18,2,212,3702.0,,persons
no-ssb-apprentices,NO,Norway,2006,16-18,2,213,56.0,,persons
no-ssb-apprentices,NO,Norway,2007,16-18,2,213,53.0,,persons
no-ssb-apprentices,NO,Norway,2008,16-18,2,213,73.0,,persons
no-ssb-apprentices,NO,Norway,2009,16-18,2,213,93.0,,persons
no-ssb-apprentices,NO,Norway,2010,16-18,2,213,98.0,,persons
no-ssb-apprentices,NO,Norway,2011,16-18,2,213,112.0,,persons
no-ssb-apprentices,NO,Norway,2012,16-18,2,213,89.0,,persons
no-ssb-apprentices,NO,Norway,2013,16-18,2,213,91.0,,persons
no-ssb-apprentices,NO,Norway,2014,16-18,2,213,102.0,,persons
no-ssb-apprentices,NO,Norway,2015,16-18,2,213,127.0,,persons
no-ssb-apprentices,NO,Norway,2016,16-18,2,213,116.0,,persons
no-ssb-apprentices,NO,Norway,2017,16-18,2,213,110.0,,persons
no-ssb-apprentices,NO,Norway,2018,16-18,2,213,111.0,,persons
no-ssb-apprentices,NO,Norway,2019,16-18,2,213,99.0,,persons
no-ssb-apprentices,NO,Norway,2020,16-18,2,213,95.0,,persons
no-ssb-apprentices,NO,Norway,2021,16-18,2,213,89.0,,persons
no-ssb-apprentices,NO,Norway,2022,16-18,2,213,98.0,,persons
no-ssb-apprentices,NO,Norway,2023,16-18,2,213,160.0,,persons
no-ssb-apprentices,NO,Norway,2024,16-18,2,213,157.0,,persons
no-ssb-apprentices,NO,Norway,2025,16-18,2,213,182.0,,persons
no-ssb-apprentices,NO,Norway,2006,19-24,0,212,21943.0,,persons
no-ssb-apprentices,NO,Norway,2007,19-24,0,212,23773.0,,persons
no-ssb-apprentices,NO,Norway,2008,19-24,0,212,24247.0,,persons
no-ssb-apprentices,NO,Norway,2009,19-24,0,212,23177.0,,persons
no-ssb-apprentices,NO,Norway,2010,19-24,0,212,22050.0,,persons
no-ssb-apprentices,NO,Norway,2011,19-24,0,212,23132.0,,persons
no-ssb-apprentices,NO,Norway,2012,19-24,0,212,24491.0,,persons
no-ssb-apprentices,NO,Norway,2013,19-24,0,212,24715.0,,persons
no-ssb-apprentices,NO,Norway,2014,19-24,0,212,24945.0,,persons
no-ssb-apprentices,NO,Norway,2015,19-24,0,212,25566.0,,persons
no-ssb-apprentices,NO,Norway,2016,19-24,0,212,25895.0,,persons
no-ssb-apprentices,NO,Norway,2017,19-24,0,212,26216.0,,persons
no-ssb-apprentices,NO,Norway,2018,19-24,0,212,27031.0,,persons
no-ssb-apprentices,NO,Norway,2019,19-24,0,212,28059.0,,persons
no-ssb-apprentices,NO,Norway,2020,19-24,0,212,27739.0,,persons
no-ssb-apprentices,NO,Norway,2021,19-24,0,212,27977.0,,persons
no-ssb-apprentices,NO,Norway,2022,19-24,0,212,28041.0,,persons
no-ssb-apprentices,NO,Norway,2023,19-24,0,212,27847.0,,persons
no-ssb-apprentices,NO,Norway,2024,19-24,0,212,27655.0,,persons
no-ssb-apprentices,NO,Norway,2025,19-24,0,212,28359.0,,persons
no-ssb-apprentices,NO,Norway,2006,19-24,0,213,576.0,,persons
no-ssb-apprentices,NO,Norway,2007,19-24,0,213,593.0,,persons
no-ssb-apprentices,NO,Norway,2008,19-24,0,213,656.0,,persons
no-ssb-apprentices,NO,Norway,2009,19-24,0,213,787.0,,persons
no-ssb-apprentices,NO,Norway,2010,19-24,0,213,847.0,,persons
no-ssb-apprentices,NO,Norway,2011,19-24,0,213,988.0,,persons
no-ssb-apprentices,NO,Norway,2012,19-24,0,213,1144.0,,persons
no-ssb-apprentices,NO,Norway,2013,19-24,0,213,1256.0,,persons
no-ssb-apprentices,NO,Norway,2014,19-24,0,213,1373.0,,persons
no-ssb-apprentices,NO,Norway,2015,19-24,0,213,1401.0,,persons
no-ssb-apprentices,NO,Norway,2016,19-24,0,213,1395.0,,persons
no-ssb-apprentices,NO,Norway,2017,19-24,0,213,1344.0,,persons
no-ssb-apprentices,NO,Norway,2018,19-24,0,213,1322.0,,persons
no-ssb-apprentices,NO,Norway,2019,19-24,0,213,1265.0,,persons
no-ssb-apprentices,NO,Norway,2020,19-24,0,213,1141.0,,persons
no-ssb-apprentices,NO,Norway,2021,19-24,0,213,1186.0,,persons
no-ssb-apprentices,NO,Norway,2022,19-24,0,213,1234.0,,persons
no-ssb-apprentices,NO,Norway,2023,19-24,0,213,1198.0,,persons
no-ssb-apprentices,NO,Norway,2024,19-24,0,213,1301.0,,persons
no-ssb-apprentices,NO,Norway,2025,19-24,0,213,1299.0,,persons
no-ssb-apprentices,NO,Norway,2006,19-24,1,212,16013.0,,persons
no-ssb-apprentices,NO,Norway,2007,19-24,1,212,17609.0,,persons
no-ssb-apprentices,NO,Norway,2008,19-24,1,212,17906.0,,persons
no-ssb-apprentices,NO,Norway,2009,19-24,1,212,16515.0,,persons
no-ssb-apprentices,NO,Norway,2010,19-24,1,212,15698.0,,persons
no-ssb-apprentices,NO,Norway,2011,19-24,1,212,16576.0,,persons
no-ssb-apprentices,NO,Norway,2012,19-24,1,212,17766.0,,persons
no-ssb-apprentices,NO,Norway,2013,19-24,1,212,18106.0,,persons
no-ssb-apprentices,NO,Norway,2014,19-24,1,212,18274.0,,persons
no-ssb-apprentices,NO,Norway,2015,19-24,1,212,18632.0,,persons
no-ssb-apprentices,NO,Norway,2016,19-24,1,212,18653.0,,persons
no-ssb-apprentices,NO,Norway,2017,19-24,1,212,18824.0,,persons
no-ssb-apprentices,NO,Norway,2018,19-24,1,212,19656.0,,persons
no-ssb-apprentices,NO,Norway,2019,19-24,1,212,20610.0,,persons
no-ssb-apprentices,NO,Norway,2020,19-24,1,212,20488.0,,persons
no-ssb-apprentices,NO,Norway,2021,19-24,1,212,20788.0,,persons
no-ssb-apprentices,NO,Norway,2022,19-24,1,212,20673.0,,persons
no-ssb-apprentices,NO,Norway,2023,19-24,1,212,20657.0,,persons
no-ssb-apprentices,NO,Norway,2024,19-24,1,212,20290.0,,persons
no-ssb-apprentices,NO,Norway,2025,19-24,1,212,20781.0,,persons
no-ssb-apprentices,NO,Norway,2006,19-24,1,213,400.0,,persons
no-ssb-apprentices,NO,Norway,2007,19-24,1,213,380.0,,persons
no-ssb-apprentices,NO,Norway,2008,19-24,1,213,423.0,,persons
no-ssb-apprentices,NO,Norway,2009,19-24,1,213,503.0,,persons
no-ssb-apprentices,NO,Norway,2010,19-24,1,213,564.0,,persons
no-ssb-apprentices,NO,Norway,2011,19-24,1,213,660.0,,persons
no-ssb-apprentices,NO,Norway,2012,19-24,1,213,772.0,,persons
no-ssb-apprentices,NO,Norway,2013,19-24,1,213,886.0,,persons
no-ssb-apprentices,NO,Norway,2014,19-24,1,213,953.0,,persons
no-ssb-apprentices,NO,Norway,2015,19-24,1,213,986.0,,persons
no-ssb-apprentices,NO,Norway,2016,19-24,1,213,978.0,,persons
no-ssb-apprentices,NO,Norway,2017,19-24,1,213,926.0,,persons
no-ssb-apprentices,NO,Norway,2018,19-24,1,213,925.0,,persons
no-ssb-apprentices,NO,Norway,2019,19-24,1,213,890.0,,persons
no-ssb-apprentices,NO,Norway,2020,19-24,1,213,805.0,,persons
no-ssb-apprentices,NO,Norway,2021,19-24,1,213,835.0,,persons
no-ssb-apprentices,NO,Norway,2022,19-24,1,213,864.0,,persons
no-ssb-apprentices,NO,Norway,2023,19-24,1,213,861.0,,persons
no-ssb-apprentices,NO,Norway,2024,19-24,1,213,895.0,,persons
no-ssb-apprentices,NO,Norway,2025,19-24,1,213,896.0,,persons
no-ssb-apprentices,NO,Norway,2006,19-24,2,212,5930.0,,persons
no-ssb-apprentices,NO,Norway,2007,19-24,2,212,6164.0,,persons
no-ssb-apprentices,NO,Norway,2008,19-24,2,212,6341.0,,persons
no-ssb-apprentices,NO,Norway,2009,19-24,2,212,6662.0,,persons
no-ssb-apprentices,NO,Norway,2010,19-24,2,212,6352.0,,persons
no-ssb-apprentices,NO,Norway,2011,19-24,2,212,6556.0,,persons
no-ssb-apprentices,NO,Norway,2012,19-24,2,212,6725.0,,persons
no-ssb-apprentices,NO,Norway,2013,19-24,2,212,6609.0,,persons
no-ssb-apprentices,NO,Norway,2014,19-24,2,212,6671.0,,persons
no-ssb-apprentices,NO,Norway,2015,19-24,2,212,6934.0,,persons
no-ssb-apprentices,NO,Norway,2016,19-24,2,212,7242.0,,persons
no-ssb-apprentices,NO,Norway,2017,19-24,2,212,7392.0,,persons
no-ssb-apprentices,NO,Norway,2018,19-24,2,212,7375.0,,persons
no-ssb-apprentices,NO,Norway,2019,19-24,2,212,7449.0,,persons
no-ssb-apprentices,NO,Norway,2020,19-24,2,212,7251.0,,persons
no-ssb-apprentices,NO,Norway,2021,19-24,2,212,7189.0,,persons
no-ssb-apprentices,NO,Norway,2022,19-24,2,212,7368.0,,persons
no-ssb-apprentices,NO,Norway,2023,19-24,2,212,7190.0,,persons
no-ssb-apprentices,NO,Norway,2024,19-24,2,212,7365.0,,persons
no-ssb-apprentices,NO,Norway,2025,19-24,2,212,7578.0,,persons
no-ssb-apprentices,NO,Norway,2006,19-24,2,213,176.0,,persons
no-ssb-apprentices,NO,Norway,2007,19-24,2,213,213.0,,persons
no-ssb-apprentices,NO,Norway,2008,19-24,2,213,233.0,,persons
no-ssb-apprentices,NO,Norway,2009,19-24,2,213,284.0,,persons
no-ssb-apprentices,NO,Norway,2010,19-24,2,213,283.0,,persons
no-ssb-apprentices,NO,Norway,2011,19-24,2,213,328.0,,persons
no-ssb-apprentices,NO,Norway,2012,19-24,2,213,372.0,,persons
no-ssb-apprentices,NO,Norway,2013,19-24,2,213,370.0,,persons
no-ssb-apprentices,NO,Norway,2014,19-24,2,213,420.0,,persons
no-ssb-apprentices,NO,Norway,2015,19-24,2,213,415.0,,persons
no-ssb-apprentices,NO,Norway,2016,19-24,2,213,417.0,,persons
no-ssb-apprentices,NO,Norway,2017,19-24,2,213,418.0,,persons
no-ssb-apprentices,NO,Norway,2018,19-24,2,213,397.0,,persons
no-ssb-apprentices,NO,Norway,2019,19-24,2,213,375.0,,persons
no-ssb-apprentices,NO,Norway,2020,19-24,2,213,336.0,,persons
no-ssb-apprentices,NO,Norway,2021,19-24,2,213,351.0,,persons
no-ssb-apprentices,NO,Norway,2022,19-24,2,213,370.0,,persons
no-ssb-apprentices,NO,Norway,2023,19-24,2,213,337.0,,persons
no-ssb-apprentices,NO,Norway,2024,19-24,2,213,406.0,,persons
no-ssb-apprentices,NO,Norway,2025,19-24,2,213,403.0,,persons
no-ssb-apprentices,NO,Norway,2006,25-29,0,212,1942.0,,persons
no-ssb-apprentices,NO,Norway,2007,25-29,0,212,2134.0,,persons
no-ssb-apprentices,NO,Norway,2008,25-29,0,212,2246.0,,persons
no-ssb-apprentices,NO,Norway,2009,25-29,0,212,2173.0,,persons
no-ssb-apprentices,NO,Norway,2010,25-29,0,212,1765.0,,persons
no-ssb-apprentices,NO,Norway,2011,25-29,0,212,1764.0,,persons
no-ssb-apprentices,NO,Norway,2012,25-29,0,212,1956.0,,persons
no-ssb-apprentices,NO,Norway,2013,25-29,0,212,2124.0,,persons
no-ssb-apprentices,NO,Norway,2014,25-29,0,212,2266.0,,persons
no-ssb-apprentices,NO,Norway,2015,25-29,0,212,2452.0,,persons
no-ssb-apprentices,NO,Norway,2016,25-29,0,212,2724.0,,persons
no-ssb-apprentices,NO,Norway,2017,25-29,0,212,3088.0,,persons
no-ssb-apprentices,NO,Norway,2018,25-29,0,212,3394.0,,persons
no-ssb-apprentices,NO,Norway,2019,25-29,0,212,3978.0,,persons
no-ssb-apprentices,NO,Norway,2020,25-29,0,212,4147.0,,persons
no-ssb-apprentices,NO,Norway,2021,25-29,0,212,4488.0,,persons
no-ssb-apprentices,NO,Norway,2022,25-29,0,212,4649.0,,persons
no-ssb-apprentices,NO,Norway,2023,25-29,0,212,4500.0,,persons
no-ssb-apprentices,NO,Norway,2024,25-29,0,212,4215.0,,persons
no-ssb-apprentices,NO,Norway,2025,25-29,0,212,4003.0,,persons
no-ssb-apprentices,NO,Norway,2006,25-29,0,213,22.0,,persons
no-ssb-apprentices,NO,Norway,2007,25-29,0,213,30.0,,persons
no-ssb-apprentices,NO,Norway,2008,25-29,0,213,35.0,,persons
no-ssb-apprentices,NO,Norway,2009,25-29,0,213,35.0,,persons
no-ssb-apprentices,NO,Norway,2010,25-29,0,213,41.0,,persons
no-ssb-apprentices,NO,Norway,2011,25-29,0,213,57.0,,persons
no-ssb-apprentices,NO,Norway,2012,25-29,0,213,61.0,,persons
no-ssb-apprentices,NO,Norway,2013,25-29,0,213,75.0,,persons
no-ssb-apprentices,NO,Norway,2014,25-29,0,213,82.0,,persons
no-ssb-apprentices,NO,Norway,2015,25-29,0,213,99.0,,persons
no-ssb-apprentices,NO,Norway,2016,25-29,0,213,95.0,,persons
no-ssb-apprentices,NO,Norway,2017,25-29,0,213,102.0,,persons
no-ssb-apprentices,NO,Norway,2018,25-29,0,213,94.0,,persons
no-ssb-apprentices,NO,Norway,2019,25-29,0,213,111.0,,persons
no-ssb-apprentices,NO,Norway,2020,25-29,0,213,107.0,,persons
no-ssb-apprentices,NO,Norway,2021,25-29,0,213,118.0,,persons
no-ssb-apprentices,NO,Norway,2022,25-29,0,213,123.0,,persons
no-ssb-apprentices,NO,Norway,2023,25-29,0,213,97.0,,persons
no-ssb-apprentices,NO,Norway,2024,25-29,0,213,81.0,,persons
no-ssb-apprentices,NO,Norway,2025,25-29,0,213,82.0,,persons
no-ssb-apprentices,NO,Norway,2006,25-29,1,212,1294.0,,persons
no-ssb-apprentices,NO,Norway,2007,25-29,1,212,1432.0,,persons
no-ssb-apprentices,NO,Norway,2008,25-29,1,212,1487.0,,persons
no-ssb-apprentices,NO,Norway,2009,25-29,1,212,1403.0,,persons
no-ssb-apprentices,NO,Norway,2010,25-29,1,212,1076.0,,persons
no-ssb-apprentices,NO,Norway,2011,25-29,1,212,1076.0,,persons
no-ssb-apprentices,NO,Norway,2012,25-29,1,212,1231.0,,persons
no-ssb-apprentices,NO,Norway,2013,25-29,1,212,1355.0,,persons
no-ssb-apprentices,NO,Norway,2014,25-29,1,212,1463.0,,persons
no-ssb-apprentices,NO,Norway,2015,25-29,1,212,1575.0,,persons
no-ssb-apprentices,NO,Norway,2016,25-29,1,212,1669.0,,persons
no-ssb-apprentices,NO,Norway,2017,25-29,1,212,1971.0,,persons
no-ssb-apprentices,NO,Norway,2018,25-29,1,212,2246.0,,persons
no-ssb-apprentices,NO,Norway,2019,25-29,1,212,2698.0,,persons
no-ssb-apprentices,NO,Norway,2020,25-29,1,212,2903.0,,persons
no-ssb-apprentices,NO,Norway,2021,25-29,1,212,3081.0,,persons
no-ssb-apprentices,NO,Norway,2022,25-29,1,212,3211.0,,persons
no-ssb-apprentices,NO,Norway,2023,25-29,1,212,3116.0,,persons
no-ssb-apprentices,NO,Norway,2024,25-29,1,212,2919.0,,persons
no-ssb-apprentices,NO,Norway,2025,25-29,1,212,2720.0,,persons
no-ssb-apprentices,NO,Norway,2006,25-29,1,213,10.0,,persons
no-ssb-apprentices,NO,Norway,2007,25-29,1,213,21.0,,persons
no-ssb-apprentices,NO,Norway,2008,25-29,1,213,24.0,,persons
no-ssb-apprentices,NO,Norway,2009,25-29,1,213,23.0,,persons
no-ssb-apprentices,NO,Norway,2010,25-29,1,213,26.0,,persons
no-ssb-apprentices,NO,Norway,2011,25-29,1,213,34.0,,persons
no-ssb-apprentices,NO,Norway,2012,25-29,1,213,36.0,,persons
no-ssb-apprentices,NO,Norway,2013,25-29,1,213,48.0,,persons
no-ssb-apprentices,NO,Norway,2014,25-29,1,213,50.0,,persons
no-ssb-apprentices,NO,Norway,2015,25-29,1,213,58.0,,persons
no-ssb-apprentices,NO,Norway,2016,25-29,1,213,63.0,,persons
no-ssb-apprentices,NO,Norway,2017,25-29,1,213,70.0,,persons
no-ssb-apprentices,NO,Norway,2018,25-29,1,213,64.0,,persons
no-ssb-apprentices,NO,Norway,2019,25-29,1,213,73.0,,persons
no-ssb-apprentices,NO,Norway,2020,25-29,1,213,74.0,,persons
no-ssb-apprentices,NO,Norway,2021,25-29,1,213,78.0,,persons
no-ssb-apprentices,NO,Norway,2022,25-29,1,213,92.0,,persons
no-ssb-apprentices,NO,Norway,2023,25-29,1,213,65.0,,persons
no-ssb-apprentices,NO,Norway,2024,25-29,1,213,54.0,,persons
no-ssb-apprentices,NO,Norway,2025,25-29,1,213,55.0,,persons
no-ssb-apprentices,NO,Norway,2006,25-29,2,212,648.0,,persons
no-ssb-apprentices,NO,Norway,2007,25-29,2,212,702.0,,persons
no-ssb-apprentices,NO,Norway,2008,25-29,2,212,759.0,,persons
no-ssb-apprentices,NO,Norway,2009,25-29,2,212,770.0,,persons
no-ssb-apprentices,NO,Norway,2010,25-29,2,212,689.0,,persons
no-ssb-apprentices,NO,Norway,2011,25-29,2,212,688.0,,persons
no-ssb-apprentices,NO,Norway,2012,25-29,2,212,725.0,,persons
no-ssb-apprentices,NO,Norway,2013,25-29,2,212,769.0,,persons
no-ssb-apprentices,NO,Norway,2014,25-29,2,212,803.0,,persons
no-ssb-apprentices,NO,Norway,2015,25-29,2,212,877.0,,persons
no-ssb-apprentices,NO,Norway,2016,25-29,2,212,1055.0,,persons
no-ssb-apprentices,NO,Norway,2017,25-29,2,212,1117.0,,persons
no-ssb-apprentices,NO,Norway,2018,25-29,2,212,1148.0,,persons
no-ssb-apprentices,NO,Norway,2019,25-29,2,212,1280.0,,persons
no-ssb-apprentices,NO,Norway,2020,25-29,2,212,1244.0,,persons
no-ssb-apprentices,NO,Norway,2021,25-29,2,212,1407.0,,persons
no-ssb-apprentices,NO,Norway,2022,25-29,2,212,1438.0,,persons
no-ssb-apprentices,NO,Norway,2023,25-29,2,212,1384.0,,persons
no-ssb-apprentices,NO,Norway,2024,25-29,2,212,1296.0,,persons
no-ssb-apprentices,NO,Norway,2025,25-29,2,212,1283.0,,persons
no-ssb-apprentices,NO,Norway,2006,25-29,2,213,12.0,,persons
no-ssb-apprentices,NO,Norway,2007,25-29,2,213,9.0,,persons
no-ssb-apprentices,NO,Norway,2008,25-29,2,213,11.0,,persons
no-ssb-apprentices,NO,Norway,2009,25-29,2,213,12.0,,persons
no-ssb-apprentices,NO,Norway,2010,25-29,2,213,15.0,,persons
no-ssb-apprentices,NO,Norway,2011,25-29,2,213,23.0,,persons
no-ssb-apprentices,NO,Norway,2012,25-29,2,213,25.0,,persons
no-ssb-apprentices,NO,Norway,2013,25-29,2,213,27.0,,persons
no-ssb-apprentices,NO,Norway,2014,25-29,2,213,32.0,,persons
no-ssb-apprentices,NO,Norway,2015,25-29,2,213,41.0,,persons
no-ssb-apprentices,NO,Norway,2016,25-29,2,213,32.0,,persons
no-ssb-apprentices,NO,Norway,2017,25-29,2,213,32.0,,persons
no-ssb-apprentices,NO,Norway,2018,25-29,2,213,30.0,,persons
no-ssb-apprentices,NO,Norway,2019,25-29,2,213,38.0,,persons
no-ssb-apprentices,NO,Norway,2020,25-29,2,213,33.0,,persons
no-ssb-apprentices,NO,Norway,2021,25-29,2,213,40.0,,persons
no-ssb-apprentices,NO,Norway,2022,25-29,2,213,31.0,,persons
no-ssb-apprentices,NO,Norway,2023,25-29,2,213,32.0,,persons
no-ssb-apprentices,NO,Norway,2024,25-29,2,213,27.0,,persons
no-ssb-apprentices,NO,Norway,2025,25-29,2,213,27.0,,persons
no-ssb-apprentices,NO,Norway,2006,30-34,0,212,875.0,,persons
no-ssb-apprentices,NO,Norway,2007,30-34,0,212,916.0,,persons
no-ssb-apprentices,NO,Norway,2008,30-34,0,212,911.0,,persons
no-ssb-apprentices,NO,Norway,2009,30-34,0,212,848.0,,persons
no-ssb-apprentices,NO,Norway,2010,30-34,0,212,807.0,,persons
no-ssb-apprentices,NO,Norway,2011,30-34,0,212,794.0,,persons
no-ssb-apprentices,NO,Norway,2012,30-34,0,212,828.0,,persons
no-ssb-apprentices,NO,Norway,2013,30-34,0,212,933.0,,persons
no-ssb-apprentices,NO,Norway,2014,30-34,0,212,921.0,,persons
no-ssb-apprentices,NO,Norway,2015,30-34,0,212,979.0,,persons
no-ssb-apprentices,NO,Norway,2016,30-34,0,212,1017.0,,persons
no-ssb-apprentices,NO,Norway,2017,30-34,0,212,1201.0,,persons
no-ssb-apprentices,NO,Norway,2018,30-34,0,212,1387.0,,persons
no-ssb-apprentices,NO,Norway,2019,30-34,0,212,1711.0,,persons
no-ssb-apprentices,NO,Norway,2020,30-34,0,212,1988.0,,persons
no-ssb-apprentices,NO,Norway,2021,30-34,0,212,2266.0,,persons
no-ssb-apprentices,NO,Norway,2022,30-34,0,212,2454.0,,persons
no-ssb-apprentices,NO,Norway,2023,30-34,0,212,2469.0,,persons
no-ssb-apprentices,NO,Norway,2024,30-34,0,212,2479.0,,persons
no-ssb-apprentices,NO,Norway,2025,30-34,0,212,2482.0,,persons
no-ssb-apprentices,NO,Norway,2006,30-34,0,213,12.0,,persons
no-ssb-apprentices,NO,Norway,2007,30-34,0,213,10.0,,persons
no-ssb-apprentices,NO,Norway,2008,30-34,0,213,9.0,,persons
no-ssb-apprentices,NO,Norway,2009,30-34,0,213,12.0,,persons
no-ssb-apprentices,NO,Norway,2010,30-34,0,213,13.0,,persons
no-ssb-apprentices,NO,Norway,2011,30-34,0,213,15.0,,persons
no-ssb-apprentices,NO,Norway,2012,30-34,0,213,17.0,,persons
no-ssb-apprentices,NO,Norway,2013,30-34,0,213,17.0,,persons
no-ssb-apprentices,NO,Norway,2014,30-34,0,213,20.0,,persons
no-ssb-apprentices,NO,Norway,2015,30-34,0,213,22.0,,persons
no-ssb-apprentices,NO,Norway,2016,30-34,0,213,35.0,,persons
no-ssb-apprentices,NO,Norway,2017,30-34,0,213,32.0,,persons
no-ssb-apprentices,NO,Norway,2018,30-34,0,213,38.0,,persons
no-ssb-apprentices,NO,Norway,2019,30-34,0,213,42.0,,persons
no-ssb-apprentices,NO,Norway,2020,30-34,0,213,45.0,,persons
no-ssb-apprentices,NO,Norway,2021,30-34,0,213,51.0,,persons
no-ssb-apprentices,NO,Norway,2022,30-34,0,213,59.0,,persons
no-ssb-apprentices,NO,Norway,2023,30-34,0,213,51.0,,persons
no-ssb-apprentices,NO,Norway,2024,30-34,0,213,42.0,,persons
no-ssb-apprentices,NO,Norway,2025,30-34,0,213,31.0,,persons
no-ssb-apprentices,NO,Norway,2006,30-34,1,212,564.0,,persons
no-ssb-apprentices,NO,Norway,2007,30-34,1,212,595.0,,persons
no-ssb-apprentices,NO,Norway,2008,30-34,1,212,609.0,,persons
no-ssb-apprentices,NO,Norway,2009,30-34,1,212,544.0,,persons
no-ssb-apprentices,NO,Norway,2010,30-34,1,212,492.0,,persons
no-ssb-apprentices,NO,Norway,2011,30-34,1,212,462.0,,persons
no-ssb-apprentices,NO,Norway,2012,30-34,1,212,478.0,,persons
no-ssb-apprentices,NO,Norway,2013,30-34,1,212,555.0,,persons
no-ssb-apprentices,NO,Norway,2014,30-34,1,212,546.0,,persons
no-ssb-apprentices,NO,Norway,2015,30-34,1,212,561.0,,persons
no-ssb-apprentices,NO,Norway,2016,30-34,1,212,568.0,,persons
no-ssb-apprentices,NO,Norway,2017,30-34,1,212,699.0,,persons
no-ssb-apprentices,NO,Norway,2018,30-34,1,212,838.0,,persons
no-ssb-apprentices,NO,Norway,2019,30-34,1,212,1074.0,,persons
no-ssb-apprentices,NO,Norway,2020,30-34,1,212,1292.0,,persons
no-ssb-apprentices,NO,Norway,2021,30-34,1,212,1448.0,,persons
no-ssb-apprentices,NO,Norway,2022,30-34,1,212,1562.0,,persons
no-ssb-apprentices,NO,Norway,2023,30-34,1,212,1484.0,,persons
no-ssb-apprentices,NO,Norway,2024,30-34,1,212,1514.0,,persons
no-ssb-apprentices,NO,Norway,2025,30-34,1,212,1469.0,,persons
no-ssb-apprentices,NO,Norway,2006,30-34,1,213,9.0,,persons
no-ssb-apprentices,NO,Norway,2007,30-34,1,213,6.0,,persons
no-ssb-apprentices,NO,Norway,2008,30-34,1,213,7.0,,persons
no-ssb-apprentices,NO,Norway,2009,30-34,1,213,10.0,,persons
no-ssb-apprentices,NO,Norway,2010,30-34,1,213,8.0,,persons
no-ssb-apprentices,NO,Norway,2011,30-34,1,213,9.0,,persons
no-ssb-apprentices,NO,Norway,2012,30-34,1,213,8.0,,persons
no-ssb-apprentices,NO,Norway,2013,30-34,1,213,6.0,,persons
no-ssb-apprentices,NO,Norway,2014,30-34,1,213,6.0,,persons
no-ssb-apprentices,NO,Norway,2015,30-34,1,213,9.0,,persons
no-ssb-apprentices,NO,Norway,2016,30-34,1,213,19.0,,persons
no-ssb-apprentices,NO,Norway,2017,30-34,1,213,22.0,,persons
no-ssb-apprentices,NO,Norway,2018,30-34,1,213,29.0,,persons
no-ssb-apprentices,NO,Norway,2019,30-34,1,213,30.0,,persons
no-ssb-apprentices,NO,Norway,2020,30-34,1,213,32.0,,persons
no-ssb-apprentices,NO,Norway,2021,30-34,1,213,36.0,,persons
no-ssb-apprentices,NO,Norway,2022,30-34,1,213,37.0,,persons
no-ssb-apprentices,NO,Norway,2023,30-34,1,213,27.0,,persons
no-ssb-apprentices,NO,Norway,2024,30-34,1,213,23.0,,persons
no-ssb-apprentices,NO,Norway,2025,30-34,1,213,24.0,,persons
no-ssb-apprentices,NO,Norway,2006,30-34,2,212,311.0,,persons
no-ssb-apprentices,NO,Norway,2007,30-34,2,212,321.0,,persons
no-ssb-apprentices,NO,Norway,2008,30-34,2,212,302.0,,persons
no-ssb-apprentices,NO,Norway,2009,30-34,2,212,304.0,,persons
no-ssb-apprentices,NO,Norway,2010,30-34,2,212,315.0,,persons
no-ssb-apprentices,NO,Norway,2011,30-34,2,212,332.0,,persons
no-ssb-apprentices,NO,Norway,2012,30-34,2,212,350.0,,persons
no-ssb-apprentices,NO,Norway,2013,30-34,2,212,378.0,,persons
no-ssb-apprentices,NO,Norway,2014,30-34,2,212,375.0,,persons
no-ssb-apprentices,NO,Norway,2015,30-34,2,212,418.0,,persons
no-ssb-apprentices,NO,Norway,2016,30-34,2,212,449.0,,persons
no-ssb-apprentices,NO,Norway,2017,30-34,2,212,502.0,,persons
no-ssb-apprentices,NO,Norway,2018,30-34,2,212,549.0,,persons
no-ssb-apprentices,NO,Norway,2019,30-34,2,212,637.0,,persons
no-ssb-apprentices,NO,Norway,2020,30-34,2,212,696.0,,persons
no-ssb-apprentices,NO,Norway,2021,30-34,2,212,818.0,,persons
no-ssb-apprentices,NO,Norway,2022,30-34,2,212,892.0,,persons
no-ssb-apprentices,NO,Norway,2023,30-34,2,212,985.0,,persons
no-ssb-apprentices,NO,Norway,2024,30-34,2,212,965.0,,persons
no-ssb-apprentices,NO,Norway,2025,30-34,2,212,1013.0,,persons
no-ssb-apprentices,NO,Norway,2006,30-34,2,213,3.0,,persons
no-ssb-apprentices,NO,Norway,2007,30-34,2,213,4.0,,persons
no-ssb-apprentices,NO,Norway,2008,30-34,2,213,2.0,,persons
no-ssb-apprentices,NO,Norway,2009,30-34,2,213,2.0,,persons
no-ssb-apprentices,NO,Norway,2010,30-34,2,213,5.0,,persons
no-ssb-apprentices,NO,Norway,2011,30-34,2,213,6.0,,persons
no-ssb-apprentices,NO,Norway,2012,30-34,2,213,9.0,,persons
no-ssb-apprentices,NO,Norway,2013,30-34,2,213,11.0,,persons
no-ssb-apprentices,NO,Norway,2014,30-34,2,213,14.0,,persons
no-ssb-apprentices,NO,Norway,2015,30-34,2,213,13.0,,persons
no-ssb-apprentices,NO,Norway,2016,30-34,2,213,16.0,,persons
no-ssb-apprentices,NO,Norway,2017,30-34,2,213,10.0,,persons
no-ssb-apprentices,NO,Norway,2018,30-34,2,213,9.0,,persons
no-ssb-apprentices,NO,Norway,2019,30-34,2,213,12.0,,persons
no-ssb-apprentices,NO,Norway,2020,30-34,2,213,13.0,,persons
no-ssb-apprentices,NO,Norway,2021,30-34,2,213,15.0,,persons
no-ssb-apprentices,NO,Norway,2022,30-34,2,213,22.0,,persons
no-ssb-apprentices,NO,Norway,2023,30-34,2,213,24.0,,persons
no-ssb-apprentices,NO,Norway,2024,30-34,2,213,19.0,,persons
no-ssb-apprentices,NO,Norway,2025,30-34,2,213,7.0,,persons
no-ssb-apprentices,NO,Norway,2006,999A,0,212,34439.0,,persons
no-ssb-apprentices,NO,Norway,2007,999A,0,212,37222.0,,persons
no-ssb-apprentices,NO,Norway,2008,999A,0,212,38168.0,,persons
no-ssb-apprentices,NO,Norway,2009,999A,0,212,36011.0,,persons
no-ssb-apprentices,NO,Norway,2010,999A,0,212,34248.0,,persons
no-ssb-apprentices,NO,Norway,2011,999A,0,212,35358.0,,persons
no-ssb-apprentices,NO,Norway,2012,999A,0,212,37246.0,,persons
no-ssb-apprentices,NO,Norway,2013,999A,0,212,37937.0,,persons
no-ssb-apprentices,NO,Norway,2014,999A,0,212,38955.0,,persons
no-ssb-apprentices,NO,Norway,2015,999A,0,212,39872.0,,persons
no-ssb-apprentices,NO,Norway,2016,999A,0,212,40699.0,,persons
no-ssb-apprentices,NO,Norway,2017,999A,0,212,42594.0,,persons
no-ssb-apprentices,NO,Norway,2018,999A,0,212,44354.0,,persons
no-ssb-apprentices,NO,Norway,2019,999A,0,212,46597.0,,persons
no-ssb-apprentices,NO,Norway,2020,999A,0,212,46846.0,,persons
no-ssb-apprentices,NO,Norway,2021,999A,0,212,49143.0,,persons
no-ssb-apprentices,NO,Norway,2022,999A,0,212,50600.0,,persons
no-ssb-apprentices,NO,Norway,2023,999A,0,212,50490.0,,persons
no-ssb-apprentices,NO,Norway,2024,999A,0,212,51212.0,,persons
no-ssb-apprentices,NO,Norway,2025,999A,0,212,52440.0,,persons
no-ssb-apprentices,NO,Norway,2006,999A,0,213,833.0,,persons
no-ssb-apprentices,NO,Norway,2007,999A,0,213,863.0,,persons
no-ssb-apprentices,NO,Norway,2008,999A,0,213,1016.0,,persons
no-ssb-apprentices,NO,Norway,2009,999A,0,213,1240.0,,persons
no-ssb-apprentices,NO,Norway,2010,999A,0,213,1311.0,,persons
no-ssb-apprentices,NO,Norway,2011,999A,0,213,1505.0,,persons
no-ssb-apprentices,NO,Norway,2012,999A,0,213,1612.0,,persons
no-ssb-apprentices,NO,Norway,2013,999A,0,213,1765.0,,persons
no-ssb-apprentices,NO,Norway,2014,999A,0,213,1916.0,,persons
no-ssb-apprentices,NO,Norway,2015,999A,0,213,2023.0,,persons
no-ssb-apprentices,NO,Norway,2016,999A,0,213,1984.0,,persons
no-ssb-apprentices,NO,Norway,2017,999A,0,213,1952.0,,persons
no-ssb-apprentices,NO,Norway,2018,999A,0,213,1865.0,,persons
no-ssb-apprentices,NO,Norway,2019,999A,0,213,1860.0,,persons
no-ssb-apprentices,NO,Norway,2020,999A,0,213,1755.0,,persons
no-ssb-apprentices,NO,Norway,2021,999A,0,213,1838.0,,persons
no-ssb-apprentices,NO,Norway,2022,999A,0,213,1893.0,,persons
no-ssb-apprentices,NO,Norway,2023,999A,0,213,1956.0,,persons
no-ssb-apprentices,NO,Norway,2024,999A,0,213,2080.0,,persons
no-ssb-apprentices,NO,Norway,2025,999A,0,213,2112.0,,persons
no-ssb-apprentices,NO,Norway,2006,999A,1,212,25097.0,,persons
no-ssb-apprentices,NO,Norway,2007,999A,1,212,27566.0,,persons
no-ssb-apprentices,NO,Norway,2008,999A,1,212,27935.0,,persons
no-ssb-apprentices,NO,Norway,2009,999A,1,212,25469.0,,persons
no-ssb-apprentices,NO,Norway,2010,999A,1,212,24134.0,,persons
no-ssb-apprentices,NO,Norway,2011,999A,1,212,25096.0,,persons
no-ssb-apprentices,NO,Norway,2012,999A,1,212,26698.0,,persons
no-ssb-apprentices,NO,Norway,2013,999A,1,212,27448.0,,persons
no-ssb-apprentices,NO,Norway,2014,999A,1,212,28093.0,,persons
no-ssb-apprentices,NO,Norway,2015,999A,1,212,28480.0,,persons
no-ssb-apprentices,NO,Norway,2016,999A,1,212,28607.0,,persons
no-ssb-apprentices,NO,Norway,2017,999A,1,212,29899.0,,persons
no-ssb-apprentices,NO,Norway,2018,999A,1,212,31597.0,,persons
no-ssb-apprentices,NO,Norway,2019,999A,1,212,33463.0,,persons
no-ssb-apprentices,NO,Norway,2020,999A,1,212,33800.0,,persons
no-ssb-apprentices,NO,Norway,2021,999A,1,212,35251.0,,persons
no-ssb-apprentices,NO,Norway,2022,999A,1,212,36146.0,,persons
no-ssb-apprentices,NO,Norway,2023,999A,1,212,35994.0,,persons
no-ssb-apprentices,NO,Norway,2024,999A,1,212,36200.0,,persons
no-ssb-apprentices,NO,Norway,2025,999A,1,212,36519.0,,persons
no-ssb-apprentices,NO,Norway,2006,999A,1,213,580.0,,persons
no-ssb-apprentices,NO,Norway,2007,999A,1,213,577.0,,persons
no-ssb-apprentices,NO,Norway,2008,999A,1,213,686.0,,persons
no-ssb-apprentices,NO,Norway,2009,999A,1,213,833.0,,persons
no-ssb-apprentices,NO,Norway,2010,999A,1,213,889.0,,persons
no-ssb-apprentices,NO,Norway,2011,999A,1,213,1026.0,,persons
no-ssb-apprentices,NO,Norway,2012,999A,1,213,1101.0,,persons
no-ssb-apprentices,NO,Norway,2013,999A,1,213,1250.0,,persons
no-ssb-apprentices,NO,Norway,2014,999A,1,213,1328.0,,persons
no-ssb-apprentices,NO,Norway,2015,999A,1,213,1404.0,,persons
no-ssb-apprentices,NO,Norway,2016,999A,1,213,1375.0,,persons
no-ssb-apprentices,NO,Norway,2017,999A,1,213,1355.0,,persons
no-ssb-apprentices,NO,Norway,2018,999A,1,213,1299.0,,persons
no-ssb-apprentices,NO,Norway,2019,999A,1,213,1319.0,,persons
no-ssb-apprentices,NO,Norway,2020,999A,1,213,1251.0,,persons
no-ssb-apprentices,NO,Norway,2021,999A,1,213,1307.0,,persons
no-ssb-apprentices,NO,Norway,2022,999A,1,213,1345.0,,persons
no-ssb-apprentices,NO,Norway,2023,999A,1,213,1376.0,,persons
no-ssb-apprentices,NO,Norway,2024,999A,1,213,1435.0,,persons
no-ssb-apprentices,NO,Norway,2025,999A,1,213,1449.0,,persons
no-ssb-apprentices,NO,Norway,2006,999A,2,212,9342.0,,persons
no-ssb-apprentices,NO,Norway,2007,999A,2,212,9656.0,,persons
no-ssb-apprentices,NO,Norway,2008,999A,2,212,10233.0,,persons
no-ssb-apprentices,NO,Norway,2009,999A,2,212,10542.0,,persons
no-ssb-apprentices,NO,Norway,2010,999A,2,212,10114.0,,persons
no-ssb-apprentices,NO,Norway,2011,999A,2,212,10262.0,,persons
no-ssb-apprentices,NO,Norway,2012,999A,2,212,10548.0,,persons
no-ssb-apprentices,NO,Norway,2013,999A,2,212,10489.0,,persons
no-ssb-apprentices,NO,Norway,2014,999A,2,212,10862.0,,persons
no-ssb-apprentices,NO,Norway,2015,999A,2,212,11392.0,,persons
no-ssb-apprentices,NO,Norway,2016,999A,2,212,12092.0,,persons
no-ssb-apprentices,NO,Norway,2017,999A,2,212,12695.0,,persons
no-ssb-apprentices,NO,Norway,2018,999A,2,212,12757.0,,persons
no-ssb-apprentices,NO,Norway,2019,999A,2,212,13134.0,,persons
no-ssb-apprentices,NO,Norway,2020,999A,2,212,13046.0,,persons
no-ssb-apprentices,NO,Norway,2021,999A,2,212,13892.0,,persons
no-ssb-apprentices,NO,Norway,2022,999A,2,212,14454.0,,persons
no-ssb-apprentices,NO,Norway,2023,999A,2,212,14496.0,,persons
no-ssb-apprentices,NO,Norway,2024,999A,2,212,15012.0,,persons
no-ssb-apprentices,NO,Norway,2025,999A,2,212,15921.0,,persons
no-ssb-apprentices,NO,Norway,2006,999A,2,213,253.0,,persons
no-ssb-apprentices,NO,Norway,2007,999A,2,213,286.0,,persons
no-ssb-apprentices,NO,Norway,2008,999A,2,213,330.0,,persons
no-ssb-apprentices,NO,Norway,2009,999A,2,213,407.0,,persons
no-ssb-apprentices,NO,Norway,2010,999A,2,213,422.0,,persons
no-ssb-apprentices,NO,Norway,2011,999A,2,213,479.0,,persons
no-ssb-apprentices,NO,Norway,2012,999A,2,213,511.0,,persons
no-ssb-apprentices,NO,Norway,2013,999A,2,213,515.0,,persons
no-ssb-apprentices,NO,Norway,2014,999A,2,213,588.0,,persons
no-ssb-apprentices,NO,Norway,2015,999A,2,213,619.0,,persons
no-ssb-apprentices,NO,Norway,2016,999A,2,213,609.0,,persons
no-ssb-apprentices,NO,Norway,2017,999A,2,213,597.0,,persons
no-ssb-apprentices,NO,Norway,2018,999A,2,213,566.0,,persons
no-ssb-apprentices,NO,Norway,2019,999A,2,213,541.0,,persons
no-ssb-apprentices,NO,Norway,2020,999A,2,213,504.0,,persons
no-ssb-apprentices,NO,Norway,2021,999A,2,213,531.0,,persons
no-ssb-apprentices,NO,Norway,2022,999A,2,213,548.0,,persons
no-ssb-apprentices,NO,Norway,2023,999A,2,213,580.0,,persons
no-ssb-apprentices,NO,Norway,2024,999A,2,213,645.0,,persons
no-ssb-apprentices,NO,Norway,2025,999A,2,213,663.0,,persons
