indicator,geo,geo_name,time,result,training,value,flag,unit
no-ssb-trade-certificates,NO,Norway,1998,00,00,31025.0,,persons
no-ssb-trade-certificates,NO,Norway,1999,00,00,23714.0,,persons
no-ssb-trade-certificates,NO,Norway,2000,00,00,20803.0,,persons
no-ssb-trade-certificates,NO,Norway,2001,00,00,20018.0,,persons
no-ssb-trade-certificates,NO,Norway,2002,00,00,19159.0,,persons
no-ssb-trade-certificates,NO,Norway,2003,00,00,18310.0,,persons
no-ssb-trade-certificates,NO,Norway,2004,00,00,18694.0,,persons
no-ssb-trade-certificates,NO,Norway,2005,00,00,18566.0,,persons
no-ssb-trade-certificates,NO,Norway,2006,00,00,19280.0,,persons
no-ssb-trade-certificates,NO,Norway,2007,00,00,21288.0,,persons
no-ssb-trade-certificates,NO,Norway,2008,00,00,22542.0,,persons
no-ssb-trade-certificates,NO,Norway,2009,00,00,22849.0,,persons
no-ssb-trade-certificates,NO,Norway,2010,00,00,22618.0,,persons
no-ssb-trade-certificates,NO,Norway,2011,00,00,23279.0,,persons
no-ssb-trade-certificates,NO,Norway,2012,00,00,23503.0,,persons
no-ssb-trade-certificates,NO,Norway,2013,00,00,25065.0,,persons
no-ssb-trade-certificates,NO,Norway,2014,00,00,25669.0,,persons
no-ssb-trade-certificates,NO,Norway,2015,00,00,26652.0,,persons
no-ssb-trade-certificates,NO,Norway,2016,00,00,27058.0,,persons
no-ssb-trade-certificates,NO,Norway,2017,00,00,27928.0,,persons
no-ssb-trade-certificates,NO,Norway,2018,00,00,29337.0,,persons
no-ssb-trade-certificates,NO,Norway,2019,00,00,28219.0,,persons
no-ssb-trade-certificates,NO,Norway,2020,00,00,31468.0,,persons
no-ssb-trade-certificates,NO,Norway,2021,00,00,30327.0,,persons
no-ssb-trade-certificates,NO,Norway,2022,00,00,32119.0,,persons
no-ssb-trade-certificates,NO,Norway,2023,00,00,31489.0,,persons
no-ssb-trade-certificates,NO,Norway,2024,00,00,33877.0,,persons
no-ssb-trade-certificates,NO,Norway,1998,00,01,13856.0,,persons
no-ssb-trade-certificates,NO,Norway,1999,00,01,13919.0,,persons
no-ssb-trade-certificates,NO,Norway,2000,00,01,12732.0,,persons
no-ssb-trade-certificates,NO,Norway,2001,00,01,12345.0,,persons
no-ssb-trade-certificates,NO,Norway,2002,00,01,11814.0,,persons
no-ssb-trade-certificates,NO,Norway,2003,00,01,11487.0,,persons
no-ssb-trade-certificates,NO,Norway,2004,00,01,11945.0,,persons
no-ssb-trade-certificates,NO,Norway,2005,00,01,12078.0,,persons
no-ssb-trade-certificates,NO,Norway,2006,00,01,12868.0,,persons
no-ssb-trade-certificates,NO,Norway,2007,00,01,14519.0,,persons
no-ssb-trade-certificates,NO,Norway,2008,00,01,15377.0,,persons
no-ssb-trade-certificates,NO,Norway,2009,00,01,15308.0,,persons
no-ssb-trade-certificates,NO,Norway,2010,00,01,14947.0,,persons
no-ssb-trade-certificates,NO,Norway,2011,00,01,14543.0,,persons
no-ssb-trade-certificates,NO,Norway,2012,00,01,15367.0,,persons
no-ssb-trade-certificates,NO,Norway,2013,00,01,15587.0,,persons
no-ssb-trade-certificates,NO,Norway,2014,00,01,15623.0,,persons
no-ssb-trade-certificates,NO,Norway,2015,00,01,15655.0,,persons
no-ssb-trade-certificates,NO,Norway,2016,00,01,15839.0,,persons
no-ssb-trade-certificates,NO,Norway,2017,00,01,16612.0,,persons
no-ssb-trade-certificates,NO,Norway,2018,00,01,17771.0,,persons
no-ssb-trade-certificates,NO,Norway,2019,00,01,18556.0,,persons
no-ssb-trade-certificates,NO,Norway,2020,00,01,19377.0,,persons
no-ssb-trade-certificates,NO,Norway,2021,00,01,18615.0,,persons
no-ssb-trade-certificates,NO,Norway,2022,00,01,19486.0,,persons
no-ssb-trade-certificates,NO,Norway,2023,00,01,19781.0,,persons
no-ssb-trade-certificates,NO,Norway,2024,00,01,20834.0,,persons
no-ssb-trade-certificates,NO,Norway,1998,00,02,16382.0,,persons
no-ssb-trade-certificates,NO,Norway,1999,00,02,9148.0,,persons
no-ssb-trade-certificates,NO,Norway,2000,00,02,7446.0,,persons
no-ssb-trade-certificates,NO,Norway,2001,00,02,7130.0,,persons
no-ssb-trade-certificates,NO,Norway,2002,00,02,6748.0,,persons
no-ssb-trade-certificates,NO,Norway,2003,00,02,6207.0,,persons
no-ssb-trade-certificates,NO,Norway,2004,00,02,5967.0,,persons
no-ssb-trade-certificates,NO,Norway,2005,00,02,5751.0,,persons
no-ssb-trade-certificates,NO,Norway,2006,00,02,5903.0,,persons
no-ssb-trade-certificates,NO,Norway,2007,00,02,6300.0,,persons
no-ssb-trade-certificates,NO,Norway,2008,00,02,6857.0,,persons
no-ssb-trade-certificates,NO,Norway,2009,00,02,7131.0,,persons
no-ssb-trade-certificates,NO,Norway,2010,00,02,7035.0,,persons
no-ssb-trade-certificates,NO,Norway,2011,00,02,8052.0,,persons
no-ssb-trade-certificates,NO,Norway,2012,00,02,7396.0,,persons
no-ssb-trade-certificates,NO,Norway,2013,00,02,8801.0,,persons
no-ssb-trade-certificates,NO,Norway,2014,00,02,9206.0,,persons
no-ssb-trade-certificates,NO,Norway,2015,00,02,9908.0,,persons
no-ssb-trade-certificates,NO,Norway,2016,00,02,10060.0,,persons
no-ssb-trade-certificates,NO,Norway,2017,00,02,10115.0,,persons
no-ssb-trade-certificates,NO,Norway,2018,00,02,10543.0,,persons
no-ssb-trade-certificates,NO,Norway,2019,00,02,8611.0,,persons
no-ssb-trade-certificates,NO,Norway,2020,00,02,10791.0,,persons
no-ssb-trade-certificates,NO,Norway,2021,00,02,10390.0,,persons
no-ssb-trade-certificates,NO,Norway,2022,00,02,11435.0,,persons
no-ssb-trade-certificates,NO,Norway,2023,00,02,10581.0,,persons
no-ssb-trade-certificates,NO,Norway,2024,00,02,11850.0,,persons
no-ssb-trade-certificates,NO,Norway,1998,00,03,787.0,,persons
no-ssb-trade-certificates,NO,Norway,1999,00,03,647.0,,persons
no-ssb-trade-certificates,NO,Norway,2000,00,03,625.0,,persons
no-ssb-trade-certificates,NO,Norway,2001,00,03,543.0,,persons
no-ssb-trade-certificates,NO,Norway,2002,00,03,597.0,,persons
no-ssb-trade-certificates,NO,Norway,2003,00,03,616.0,,persons
no-ssb-trade-certificates,NO,Norway,2004,00,03,782.0,,persons
no-ssb-trade-certificates,NO,Norway,2005,00,03,737.0,,persons
no-ssb-trade-certificates,NO,Norway,2006,00,03,509.0,,persons
no-ssb-trade-certificates,NO,Norway,2007,00,03,469.0,,persons
no-ssb-trade-certificates,NO,Norway,2008,00,03,308.0,,persons
no-ssb-trade-certificates,NO,Norway,2009,00,03,410.0,,persons
no-ssb-trade-certificates,NO,Norway,2010,00,03,636.0,,persons
no-ssb-trade-certificates,NO,Norway,2011,00,03,684.0,,persons
no-ssb-trade-certificates,NO,Norway,2012,00,03,740.0,,persons
no-ssb-trade-certificates,NO,Norway,2013,00,03,677.0,,persons
no-ssb-trade-certificates,NO,Norway,2014,00,03,840.0,,persons
no-ssb-trade-certificates,NO,Norway,2015,00,03,1089.0,,persons
no-ssb-trade-certificates,NO,Norway,2016,00,03,1159.0,,persons
no-ssb-trade-certificates,NO,Norway,2017,00,03,1201.0,,persons
no-ssb-trade-certificates,NO,Norway,2018,00,03,1023.0,,persons
no-ssb-trade-certificates,NO,Norway,2019,00,03,1052.0,,persons
no-ssb-trade-certificates,NO,Norway,2020,00,03,1300.0,,persons
no-ssb-trade-certificates,NO,Norway,2021,00,03,1322.0,,persons
no-ssb-trade-certificates,NO,Norway,2022,00,03,1198.0,,persons
no-ssb-trade-certificates,NO,Norway,2023,00,03,1127.0,,persons
no-ssb-trade-certificates,NO,Norway,2024,00,03,1193.0,,persons
no-ssb-trade-certificates,NO,Norway,1998,08,00,28978.0,,persons
no-ssb-trade-certificates,NO,Norway,1999,08,00,22206.0,,persons
no-ssb-trade-certificates,NO,Norway,2000,08,00,19341.0,,persons
no-ssb-trade-certificates,NO,Norway,2001,08,00,18584.0,,persons
no-ssb-trade-certificates,NO,Norway,2002,08,00,17739.0,,persons
no-ssb-trade-certificates,NO,Norway,2003,08,00,16933.0,,persons
no-ssb-trade-certificates,NO,Norway,2004,08,00,17288.0,,persons
no-ssb-trade-certificates,NO,Norway,2005,08,00,17321.0,,persons
no-ssb-trade-certificates,NO,Norway,2006,08,00,18006.0,,persons
no-ssb-trade-certificates,NO,Norway,2007,08,00,19768.0,,persons
no-ssb-trade-certificates,NO,Norway,2008,08,00,20876.0,,persons
no-ssb-trade-certificates,NO,Norway,2009,08,00,21060.0,,persons
no-ssb-trade-certificates,NO,Norway,2010,08,00,20805.0,,persons
no-ssb-trade-certificates,NO,Norway,2011,08,00,21239.0,,persons
no-ssb-trade-certificates,NO,Norway,2012,08,00,21328.0,,persons
no-ssb-trade-certificates,NO,Norway,2013,08,00,23367.0,,persons
no-ssb-trade-certificates,NO,Norway,2014,08,00,23666.0,,persons
no-ssb-trade-certificates,NO,Norway,2015,08,00,24676.0,,persons
no-ssb-trade-certificates,NO,Norway,2016,08,00,25201.0,,persons
no-ssb-trade-certificates,NO,Norway,2017,08,00,25991.0,,persons
no-ssb-trade-certificates,NO,Norway,2018,08,00,27438.0,,persons
no-ssb-trade-certificates,NO,Norway,2019,08,00,26032.0,,persons
no-ssb-trade-certificates,NO,Norway,2020,08,00,29127.0,,persons
no-ssb-trade-certificates,NO,Norway,2021,08,00,28403.0,,persons
no-ssb-trade-certificates,NO,Norway,2022,08,00,30299.0,,persons
no-ssb-trade-certificates,NO,Norway,2023,08,00,29786.0,,persons
no-ssb-trade-certificates,NO,Norway,2024,08,00,31882.0,,persons
no-ssb-trade-certificates,NO,Norway,1998,08,01,12899.0,,persons
no-ssb-trade-certificates,NO,Norway,1999,08,01,12973.0,,persons
no-ssb-trade-certificates,NO,Norway,2000,08,01,11770.0,,persons
no-ssb-trade-certificates,NO,Norway,2001,08,01,11444.0,,persons
no-ssb-trade-certificates,NO,Norway,2002,08,01,10893.0,,persons
no-ssb-trade-certificates,NO,Norway,2003,08,01,10617.0,,persons
no-ssb-trade-certificates,NO,Norway,2004,08,01,11085.0,,persons
no-ssb-trade-certificates,NO,Norway,2005,08,01,11302.0,,persons
no-ssb-trade-certificates,NO,Norway,2006,08,01,12026.0,,persons
no-ssb-trade-certificates,NO,Norway,2007,08,01,13455.0,,persons
no-ssb-trade-certificates,NO,Norway,2008,08,01,14165.0,,persons
no-ssb-trade-certificates,NO,Norway,2009,08,01,14057.0,,persons
no-ssb-trade-certificates,NO,Norway,2010,08,01,13728.0,,persons
no-ssb-trade-certificates,NO,Norway,2011,08,01,13125.0,,persons
no-ssb-trade-certificates,NO,Norway,2012,08,01,13844.0,,persons
no-ssb-trade-certificates,NO,Norway,2013,08,01,14529.0,,persons
no-ssb-trade-certificates,NO,Norway,2014,08,01,14386.0,,persons
no-ssb-trade-certificates,NO,Norway,2015,08,01,14471.0,,persons
no-ssb-trade-certificates,NO,Norway,2016,08,01,14698.0,,persons
no-ssb-trade-certificates,NO,Norway,2017,08,01,15453.0,,persons
no-ssb-trade-certificates,NO,Norway,2018,08,01,16665.0,,persons
no-ssb-trade-certificates,NO,Norway,2019,08,01,17106.0,,persons
no-ssb-trade-certificates,NO,Norway,2020,08,01,17919.0,,persons
no-ssb-trade-certificates,NO,Norway,2021,08,01,17547.0,,persons
no-ssb-trade-certificates,NO,Norway,2022,08,01,18468.0,,persons
no-ssb-trade-certificates,NO,Norway,2023,08,01,18776.0,,persons
no-ssb-trade-certificates,NO,Norway,2024,08,01,19799.0,,persons
no-ssb-trade-certificates,NO,Norway,1998,08,02,15532.0,,persons
no-ssb-trade-certificates,NO,Norway,1999,08,02,8746.0,,persons
no-ssb-trade-certificates,NO,Norway,2000,08,02,7131.0,,persons
no-ssb-trade-certificates,NO,Norway,2001,08,02,6797.0,,persons
no-ssb-trade-certificates,NO,Norway,2002,08,02,6439.0,,persons
no-ssb-trade-certificates,NO,Norway,2003,08,02,5843.0,,persons
no-ssb-trade-certificates,NO,Norway,2004,08,02,5646.0,,persons
no-ssb-trade-certificates,NO,Norway,2005,08,02,5473.0,,persons
no-ssb-trade-certificates,NO,Norway,2006,08,02,5601.0,,persons
no-ssb-trade-certificates,NO,Norway,2007,08,02,5941.0,,persons
no-ssb-trade-certificates,NO,Norway,2008,08,02,6478.0,,persons
no-ssb-trade-certificates,NO,Norway,2009,08,02,6717.0,,persons
no-ssb-trade-certificates,NO,Norway,2010,08,02,6619.0,,persons
no-ssb-trade-certificates,NO,Norway,2011,08,02,7595.0,,persons
no-ssb-trade-certificates,NO,Norway,2012,08,02,6952.0,,persons
no-ssb-trade-certificates,NO,Norway,2013,08,02,8331.0,,persons
no-ssb-trade-certificates,NO,Norway,2014,08,02,8661.0,,persons
no-ssb-trade-certificates,NO,Norway,2015,08,02,9327.0,,persons
no-ssb-trade-certificates,NO,Norway,2016,08,02,9533.0,,persons
no-ssb-trade-certificates,NO,Norway,2017,08,02,9553.0,,persons
no-ssb-trade-certificates,NO,Norway,2018,08,02,9948.0,,persons
no-ssb-trade-certificates,NO,Norway,2019,08,02,8083.0,,persons
no-ssb-trade-certificates,NO,Norway,2020,08,02,10145.0,,persons
no-ssb-trade-certificates,NO,Norway,2021,08,02,9776.0,,persons
no-ssb-trade-certificates,NO,Norway,2022,08,02,10848.0,,persons
no-ssb-trade-certificates,NO,Norway,2023,08,02,10022.0,,persons
no-ssb-trade-certificates,NO,Norway,2024,08,02,11197.0,,persons
no-ssb-trade-certificates,NO,Norway,1998,08,03,547.0,,persons
no-ssb-trade-certificates,NO,Norway,1999,08,03,487.0,,persons
no-ssb-trade-certificates,NO,Norway,2000,08,03,440.0,,persons
no-ssb-trade-certificates,NO,Norway,2001,08,03,343.0,,persons
no-ssb-trade-certificates,NO,Norway,2002,08,03,407.0,,persons
no-ssb-trade-certificates,NO,Norway,2003,08,03,473.0,,persons
no-ssb-trade-certificates,NO,Norway,2004,08,03,557.0,,persons
no-ssb-trade-certificates,NO,Norway,2005,08,03,546.0,,persons
no-ssb-trade-certificates,NO,Norway,2006,08,03,379.0,,persons
no-ssb-trade-certificates,NO,Norway,2007,08,03,372.0,,persons
no-ssb-trade-certificates,NO,Norway,2008,08,03,233.0,,persons
no-ssb-trade-certificates,NO,Norway,2009,08,03,286.0,,persons
no-ssb-trade-certificates,NO,Norway,2010,08,03,458.0,,persons
no-ssb-trade-certificates,NO,Norway,2011,08,03,519.0,,persons
no-ssb-trade-certificates,NO,Norway,2012,08,03,532.0,,persons
no-ssb-trade-certificates,NO,Norway,2013,08,03,507.0,,persons
no-ssb-trade-certificates,NO,Norway,2014,08,03,619.0,,persons
no-ssb-trade-certificates,NO,Norway,2015,08,03,878.0,,persons
no-ssb-trade-certificates,NO,Norway,2016,08,03,970.0,,persons
no-ssb-trade-certificates,NO,Norway,2017,08,03,985.0,,persons
no-ssb-trade-certificates,NO,Norway,2018,08,03,825.0,,persons
no-ssb-trade-certificates,NO,Norway,2019,08,03,843.0,,persons
no-ssb-trade-certificates,NO,Norway,2020,08,03,1063.0,,persons
no-ssb-trade-certificates,NO,Norway,2021,08,03,1080.0,,persons
no-ssb-trade-certificates,NO,Norway,2022,08,03,983.0,,persons
no-ssb-trade-certificates,NO,Norway,2023,08,03,988.0,,persons
no-ssb-trade-certificates,NO,Norway,2024,08,03,886.0,,persons
