indicator,geo,geo_name,time,level,sex,value,flag,unit
oecd-share-vet-sw,AT,Austria,2013,ISCED11_35SW,F,37.6845,,%
oecd-share-vet-sw,AT,Austria,2014,ISCED11_35SW,F,37.3854,,%
oecd-share-vet-sw,AT,Austria,2015,ISCED11_35SW,F,36.4052,,%
oecd-share-vet-sw,AT,Austria,2016,ISCED11_35SW,F,35.4395,,%
oecd-share-vet-sw,AT,Austria,2017,ISCED11_35SW,F,35.0514,,%
oecd-share-vet-sw,AT,Austria,2018,ISCED11_35SW,F,35.1439,,%
oecd-share-vet-sw,AT,Austria,2019,ISCED11_35SW,F,40.8738,,%
oecd-share-vet-sw,AT,Austria,2020,ISCED11_35SW,F,41.6539,,%
oecd-share-vet-sw,AT,Austria,2021,ISCED11_35SW,F,41.5301,,%
oecd-share-vet-sw,AT,Austria,2022,ISCED11_35SW,F,41.717,,%
oecd-share-vet-sw,AT,Austria,2023,ISCED11_35SW,F,42.3168,,%
oecd-share-vet-sw,AT,Austria,2024,ISCED11_35SW,F,42.8326,,%
oecd-share-vet-sw,BE,Belgium,2013,ISCED11_35SW,F,3.5946,,%
oecd-share-vet-sw,BE,Belgium,2014,ISCED11_35SW,F,3.6423,,%
oecd-share-vet-sw,BE,Belgium,2015,ISCED11_35SW,F,3.6131,,%
oecd-share-vet-sw,BE,Belgium,2016,ISCED11_35SW,F,3.7496,,%
oecd-share-vet-sw,BE,Belgium,2017,ISCED11_35SW,F,3.6747,,%
oecd-share-vet-sw,BE,Belgium,2018,ISCED11_35SW,F,3.7133,,%
oecd-share-vet-sw,BE,Belgium,2019,ISCED11_35SW,F,3.8702,,%
oecd-share-vet-sw,BE,Belgium,2020,ISCED11_35SW,F,3.8585,,%
oecd-share-vet-sw,BE,Belgium,2021,ISCED11_35SW,F,4.1027,,%
oecd-share-vet-sw,BE,Belgium,2022,ISCED11_35SW,F,4.2294,,%
oecd-share-vet-sw,BE,Belgium,2023,ISCED11_35SW,F,2.6325,,%
oecd-share-vet-sw,BE,Belgium,2024,ISCED11_35SW,F,3.0815,,%
oecd-share-vet-sw,BG,Bulgaria,2017,ISCED11_35SW,F,0.1914,,%
oecd-share-vet-sw,BG,Bulgaria,2018,ISCED11_35SW,F,0.5439,,%
oecd-share-vet-sw,BG,Bulgaria,2019,ISCED11_35SW,F,1.3039,,%
oecd-share-vet-sw,BG,Bulgaria,2020,ISCED11_35SW,F,2.3959,,%
oecd-share-vet-sw,BG,Bulgaria,2021,ISCED11_35SW,F,3.8032,,%
oecd-share-vet-sw,BG,Bulgaria,2022,ISCED11_35SW,F,4.7549,,%
oecd-share-vet-sw,BG,Bulgaria,2023,ISCED11_35SW,F,4.8339,,%
oecd-share-vet-sw,BG,Bulgaria,2024,ISCED11_35SW,F,4.1406,,%
oecd-share-vet-sw,CH,Switzerland,2013,ISCED11_35SW,F,84.4137,,%
oecd-share-vet-sw,CH,Switzerland,2014,ISCED11_35SW,F,89.313,,%
oecd-share-vet-sw,CH,Switzerland,2015,ISCED11_35SW,F,89.9965,,%
oecd-share-vet-sw,CH,Switzerland,2016,ISCED11_35SW,F,89.7711,,%
oecd-share-vet-sw,CH,Switzerland,2017,ISCED11_35SW,F,90.4079,,%
oecd-share-vet-sw,CH,Switzerland,2018,ISCED11_35SW,F,90.4285,,%
oecd-share-vet-sw,CH,Switzerland,2019,ISCED11_35SW,F,90.8884,,%
oecd-share-vet-sw,CH,Switzerland,2020,ISCED11_35SW,F,91.0022,,%
oecd-share-vet-sw,CH,Switzerland,2021,ISCED11_35SW,F,90.948,,%
oecd-share-vet-sw,CH,Switzerland,2022,ISCED11_35SW,F,91.2046,,%
oecd-share-vet-sw,CH,Switzerland,2023,ISCED11_35SW,F,91.1548,,%
oecd-share-vet-sw,CH,Switzerland,2024,ISCED11_35SW,F,90.9015,,%
oecd-share-vet-sw,CZ,Czechia,2013,ISCED11_35SW,F,6.1196,,%
oecd-share-vet-sw,CZ,Czechia,2014,ISCED11_35SW,F,5.9752,,%
oecd-share-vet-sw,CZ,Czechia,2015,ISCED11_35SW,F,5.72,,%
oecd-share-vet-sw,CZ,Czechia,2016,ISCED11_35SW,F,5.5761,,%
oecd-share-vet-sw,DE,Germany,2013,ISCED11_35SW,F,82.351,,%
oecd-share-vet-sw,DE,Germany,2014,ISCED11_35SW,F,82.5178,,%
oecd-share-vet-sw,DE,Germany,2015,ISCED11_35SW,F,82.1316,,%
oecd-share-vet-sw,DE,Germany,2016,ISCED11_35SW,F,83.4157,,%
oecd-share-vet-sw,DE,Germany,2017,ISCED11_35SW,F,83.3933,,%
oecd-share-vet-sw,DE,Germany,2018,ISCED11_35SW,F,84.2688,,%
oecd-share-vet-sw,DE,Germany,2019,ISCED11_35SW,F,84.5401,,%
oecd-share-vet-sw,DE,Germany,2020,ISCED11_35SW,F,83.7565,,%
oecd-share-vet-sw,DE,Germany,2021,ISCED11_35SW,F,82.794,,%
oecd-share-vet-sw,DE,Germany,2022,ISCED11_35SW,F,83.5143,,%
oecd-share-vet-sw,DE,Germany,2023,ISCED11_35SW,F,83.7437,,%
oecd-share-vet-sw,DE,Germany,2024,ISCED11_35SW,F,82.7638,,%
oecd-share-vet-sw,DK,Denmark,2013,ISCED11_35SW,F,99.8499,,%
oecd-share-vet-sw,DK,Denmark,2014,ISCED11_35SW,F,99.8142,,%
oecd-share-vet-sw,DK,Denmark,2015,ISCED11_35SW,F,99.8415,,%
oecd-share-vet-sw,DK,Denmark,2016,ISCED11_35SW,F,82.8107,,%
oecd-share-vet-sw,DK,Denmark,2017,ISCED11_35SW,F,99.8786,,%
oecd-share-vet-sw,DK,Denmark,2018,ISCED11_35SW,F,100.0,,%
oecd-share-vet-sw,DK,Denmark,2019,ISCED11_35SW,F,100.0,,%
oecd-share-vet-sw,DK,Denmark,2020,ISCED11_35SW,F,100.0,,%
oecd-share-vet-sw,DK,Denmark,2021,ISCED11_35SW,F,100.0,,%
oecd-share-vet-sw,DK,Denmark,2022,ISCED11_35SW,F,100.0,,%
oecd-share-vet-sw,DK,Denmark,2023,ISCED11_35SW,F,100.0,,%
oecd-share-vet-sw,DK,Denmark,2024,ISCED11_35SW,F,99.8487,,%
oecd-share-vet-sw,EE,Estonia,2013,ISCED11_35SW,F,0.7218,,%
oecd-share-vet-sw,EE,Estonia,2014,ISCED11_35SW,F,1.5777,,%
oecd-share-vet-sw,EE,Estonia,2015,ISCED11_35SW,F,1.2683,,%
oecd-share-vet-sw,EE,Estonia,2016,ISCED11_35SW,F,2.5417,,%
oecd-share-vet-sw,EE,Estonia,2017,ISCED11_35SW,F,7.0593,,%
oecd-share-vet-sw,EE,Estonia,2018,ISCED11_35SW,F,10.647,,%
oecd-share-vet-sw,EE,Estonia,2019,ISCED11_35SW,F,10.3554,,%
oecd-share-vet-sw,EE,Estonia,2020,ISCED11_35SW,F,10.8703,,%
oecd-share-vet-sw,EE,Estonia,2021,ISCED11_35SW,F,11.4138,,%
oecd-share-vet-sw,EE,Estonia,2022,ISCED11_35SW,F,8.1745,,%
oecd-share-vet-sw,EE,Estonia,2023,ISCED11_35SW,F,7.3465,,%
oecd-share-vet-sw,EE,Estonia,2024,ISCED11_35SW,F,6.6983,,%
oecd-share-vet-sw,EL,Greece,2013,ISCED11_35SW,F,8.9528,,%
oecd-share-vet-sw,EL,Greece,2014,ISCED11_35SW,F,11.4786,,%
oecd-share-vet-sw,ES,Spain,2014,ISCED11_35SW,F,0.9632,,%
oecd-share-vet-sw,ES,Spain,2015,ISCED11_35SW,F,0.6818,,%
oecd-share-vet-sw,ES,Spain,2016,ISCED11_35SW,F,1.7594,,%
oecd-share-vet-sw,ES,Spain,2017,ISCED11_35SW,F,2.529,,%
oecd-share-vet-sw,ES,Spain,2018,ISCED11_35SW,F,2.6336,,%
oecd-share-vet-sw,ES,Spain,2019,ISCED11_35SW,F,2.1539,,%
oecd-share-vet-sw,ES,Spain,2020,ISCED11_35SW,F,1.505,,%
oecd-share-vet-sw,ES,Spain,2021,ISCED11_35SW,F,1.8375,,%
oecd-share-vet-sw,ES,Spain,2022,ISCED11_35SW,F,2.0878,,%
oecd-share-vet-sw,ES,Spain,2023,ISCED11_35SW,F,2.0738,,%
oecd-share-vet-sw,ES,Spain,2024,ISCED11_35SW,F,3.1706,,%
oecd-share-vet-sw,FI,Finland,2013,ISCED11_35SW,F,16.0279,,%
oecd-share-vet-sw,FI,Finland,2014,ISCED11_35SW,F,15.4558,,%
oecd-share-vet-sw,FI,Finland,2015,ISCED11_35SW,F,14.6014,,%
oecd-share-vet-sw,FI,Finland,2016,ISCED11_35SW,F,14.084,,%
oecd-share-vet-sw,FI,Finland,2017,ISCED11_35SW,F,14.2661,,%
oecd-share-vet-sw,FI,Finland,2018,ISCED11_35SW,F,15.3197,,%
oecd-share-vet-sw,FI,Finland,2019,ISCED11_35SW,F,19.4755,,%
oecd-share-vet-sw,FI,Finland,2020,ISCED11_35SW,F,18.9196,,%
oecd-share-vet-sw,FI,Finland,2021,ISCED11_35SW,F,16.6751,,%
oecd-share-vet-sw,FI,Finland,2022,ISCED11_35SW,F,19.7434,,%
oecd-share-vet-sw,FI,Finland,2023,ISCED11_35SW,F,23.7537,,%
oecd-share-vet-sw,FI,Finland,2024,ISCED11_35SW,F,25.3803,,%
oecd-share-vet-sw,FR,France,2013,ISCED11_35SW,F,18.2005,,%
oecd-share-vet-sw,FR,France,2014,ISCED11_35SW,F,16.8953,,%
oecd-share-vet-sw,FR,France,2015,ISCED11_35SW,F,16.3963,,%
oecd-share-vet-sw,FR,France,2016,ISCED11_35SW,F,16.3955,,%
oecd-share-vet-sw,FR,France,2017,ISCED11_35SW,F,16.6432,,%
oecd-share-vet-sw,FR,France,2018,ISCED11_35SW,F,17.0693,,%
oecd-share-vet-sw,FR,France,2019,ISCED11_35SW,F,17.2872,,%
oecd-share-vet-sw,FR,France,2020,ISCED11_35SW,F,17.6398,,%
oecd-share-vet-sw,FR,France,2021,ISCED11_35SW,F,20.2722,,%
oecd-share-vet-sw,FR,France,2022,ISCED11_35SW,F,24.125,,%
oecd-share-vet-sw,FR,France,2023,ISCED11_35SW,F,25.9953,,%
oecd-share-vet-sw,FR,France,2024,ISCED11_35SW,F,26.3679,,%
oecd-share-vet-sw,HU,Hungary,2013,ISCED11_35SW,F,72.7438,,%
oecd-share-vet-sw,HU,Hungary,2014,ISCED11_35SW,F,91.1744,,%
oecd-share-vet-sw,HU,Hungary,2015,ISCED11_35SW,F,100.0,,%
oecd-share-vet-sw,HU,Hungary,2016,ISCED11_35SW,F,100.0,,%
oecd-share-vet-sw,HU,Hungary,2017,ISCED11_35SW,F,100.0,,%
oecd-share-vet-sw,HU,Hungary,2018,ISCED11_35SW,F,100.0,,%
oecd-share-vet-sw,HU,Hungary,2019,ISCED11_35SW,F,100.0,,%
oecd-share-vet-sw,HU,Hungary,2020,ISCED11_35SW,F,100.0,,%
oecd-share-vet-sw,HU,Hungary,2021,ISCED11_35SW,F,100.0,,%
oecd-share-vet-sw,HU,Hungary,2022,ISCED11_35SW,F,100.0,,%
oecd-share-vet-sw,HU,Hungary,2023,ISCED11_35SW,F,100.0,,%
oecd-share-vet-sw,HU,Hungary,2024,ISCED11_35SW,F,100.0,,%
oecd-share-vet-sw,IE,Ireland,2017,ISCED11_35SW,F,100.0,,%
oecd-share-vet-sw,IE,Ireland,2018,ISCED11_35SW,F,100.0,,%
oecd-share-vet-sw,IE,Ireland,2019,ISCED11_35SW,F,100.0,,%
oecd-share-vet-sw,IE,Ireland,2020,ISCED11_35SW,F,100.0,,%
oecd-share-vet-sw,IE,Ireland,2021,ISCED11_35SW,F,100.0,,%
oecd-share-vet-sw,IE,Ireland,2022,ISCED11_35SW,F,100.0,,%
oecd-share-vet-sw,IE,Ireland,2023,ISCED11_35SW,F,100.0,,%
oecd-share-vet-sw,IE,Ireland,2024,ISCED11_35SW,F,100.0,,%
oecd-share-vet-sw,IS,Iceland,2013,ISCED11_35SW,F,26.9637,,%
oecd-share-vet-sw,IS,Iceland,2014,ISCED11_35SW,F,27.3614,,%
oecd-share-vet-sw,IS,Iceland,2015,ISCED11_35SW,F,25.5901,,%
oecd-share-vet-sw,IS,Iceland,2016,ISCED11_35SW,F,26.9364,,%
oecd-share-vet-sw,IS,Iceland,2017,ISCED11_35SW,F,33.9592,,%
oecd-share-vet-sw,IS,Iceland,2018,ISCED11_35SW,F,37.7408,,%
oecd-share-vet-sw,IS,Iceland,2019,ISCED11_35SW,F,38.7331,,%
oecd-share-vet-sw,IS,Iceland,2020,ISCED11_35SW,F,39.5199,,%
oecd-share-vet-sw,IS,Iceland,2021,ISCED11_35SW,F,42.2911,,%
oecd-share-vet-sw,IS,Iceland,2022,ISCED11_35SW,F,40.6977,,%
oecd-share-vet-sw,IS,Iceland,2023,ISCED11_35SW,F,37.1911,,%
oecd-share-vet-sw,IS,Iceland,2024,ISCED11_35SW,F,34.6198,,%
oecd-share-vet-sw,IT,Italy,2013,ISCED11_35SW,F,0.0,,%
oecd-share-vet-sw,LU,Luxembourg,2013,ISCED11_35SW,F,19.1037,,%
oecd-share-vet-sw,LU,Luxembourg,2014,ISCED11_35SW,F,18.7456,,%
oecd-share-vet-sw,LU,Luxembourg,2015,ISCED11_35SW,F,18.6198,,%
oecd-share-vet-sw,LU,Luxembourg,2016,ISCED11_35SW,F,17.6745,,%
oecd-share-vet-sw,LU,Luxembourg,2017,ISCED11_35SW,F,18.3859,,%
oecd-share-vet-sw,LU,Luxembourg,2018,ISCED11_35SW,F,18.9502,,%
oecd-share-vet-sw,LU,Luxembourg,2019,ISCED11_35SW,F,17.9877,,%
oecd-share-vet-sw,LU,Luxembourg,2020,ISCED11_35SW,F,19.0054,,%
oecd-share-vet-sw,LU,Luxembourg,2021,ISCED11_35SW,F,17.9181,,%
oecd-share-vet-sw,LU,Luxembourg,2022,ISCED11_35SW,F,17.6393,,%
oecd-share-vet-sw,LU,Luxembourg,2023,ISCED11_35SW,F,16.9329,,%
oecd-share-vet-sw,LU,Luxembourg,2024,ISCED11_35SW,F,17.4807,,%
oecd-share-vet-sw,LV,Latvia,2013,ISCED11_35SW,F,100.0,,%
oecd-share-vet-sw,LV,Latvia,2014,ISCED11_35SW,F,100.0,,%
oecd-share-vet-sw,LV,Latvia,2015,ISCED11_35SW,F,100.0,,%
oecd-share-vet-sw,LV,Latvia,2016,ISCED11_35SW,F,100.0,,%
oecd-share-vet-sw,LV,Latvia,2017,ISCED11_35SW,F,100.0,,%
oecd-share-vet-sw,LV,Latvia,2018,ISCED11_35SW,F,100.0,,%
oecd-share-vet-sw,LV,Latvia,2019,ISCED11_35SW,F,100.0,,%
oecd-share-vet-sw,LV,Latvia,2020,ISCED11_35SW,F,100.0,,%
oecd-share-vet-sw,LV,Latvia,2021,ISCED11_35SW,F,100.0,,%
oecd-share-vet-sw,LV,Latvia,2022,ISCED11_35SW,F,100.0,,%
oecd-share-vet-sw,LV,Latvia,2023,ISCED11_35SW,F,100.0,,%
oecd-share-vet-sw,LV,Latvia,2024,ISCED11_35SW,F,100.0,,%
oecd-share-vet-sw,NO,Norway,2013,ISCED11_35SW,F,21.0574,,%
oecd-share-vet-sw,NO,Norway,2014,ISCED11_35SW,F,22.1067,,%
oecd-share-vet-sw,NO,Norway,2015,ISCED11_35SW,F,23.7041,,%
oecd-share-vet-sw,NO,Norway,2016,ISCED11_35SW,F,24.1259,,%
oecd-share-vet-sw,NO,Norway,2017,ISCED11_35SW,F,52.2986,,%
oecd-share-vet-sw,NO,Norway,2018,ISCED11_35SW,F,55.3071,,%
oecd-share-vet-sw,NO,Norway,2019,ISCED11_35SW,F,54.264,,%
oecd-share-vet-sw,NO,Norway,2020,ISCED11_35SW,F,55.8563,,%
oecd-share-vet-sw,NO,Norway,2021,ISCED11_35SW,F,54.1286,W,%
oecd-share-vet-sw,NO,Norway,2022,ISCED11_35SW,F,57.7558,W,%
oecd-share-vet-sw,NO,Norway,2023,ISCED11_35SW,F,57.2031,W,%
oecd-share-vet-sw,NO,Norway,2024,ISCED11_35SW,F,57.0721,W,%
oecd-share-vet-sw,PL,Poland,2015,ISCED11_35SW,F,15.5861,,%
oecd-share-vet-sw,PL,Poland,2016,ISCED11_35SW,F,15.2795,,%
oecd-share-vet-sw,PL,Poland,2017,ISCED11_35SW,F,14.2857,,%
oecd-share-vet-sw,PL,Poland,2018,ISCED11_35SW,F,14.1116,,%
oecd-share-vet-sw,PL,Poland,2019,ISCED11_35SW,F,12.635,,%
oecd-share-vet-sw,PL,Poland,2020,ISCED11_35SW,F,13.0432,,%
oecd-share-vet-sw,PL,Poland,2021,ISCED11_35SW,F,13.7039,,%
oecd-share-vet-sw,PL,Poland,2022,ISCED11_35SW,F,14.0255,,%
oecd-share-vet-sw,PL,Poland,2023,ISCED11_35SW,F,12.1043,,%
oecd-share-vet-sw,PL,Poland,2024,ISCED11_35SW,F,12.6789,,%
oecd-share-vet-sw,RO,Romania,2015,ISCED11_35SW,F,2.5919,,%
oecd-share-vet-sw,RO,Romania,2016,ISCED11_35SW,F,7.4557,,%
oecd-share-vet-sw,RO,Romania,2017,ISCED11_35SW,F,9.6958,,%
oecd-share-vet-sw,RO,Romania,2018,ISCED11_35SW,F,7.8513,,%
oecd-share-vet-sw,RO,Romania,2019,ISCED11_35SW,F,9.3531,,%
oecd-share-vet-sw,RO,Romania,2020,ISCED11_35SW,F,10.6579,,%
oecd-share-vet-sw,RO,Romania,2021,ISCED11_35SW,F,10.0527,,%
oecd-share-vet-sw,RO,Romania,2022,ISCED11_35SW,F,10.5815,,%
oecd-share-vet-sw,RO,Romania,2023,ISCED11_35SW,F,11.0399,,%
oecd-share-vet-sw,RO,Romania,2024,ISCED11_35SW,F,10.5683,,%
oecd-share-vet-sw,SE,Sweden,2013,ISCED11_35SW,F,2.0188,,%
oecd-share-vet-sw,SE,Sweden,2014,ISCED11_35SW,F,2.1516,,%
oecd-share-vet-sw,SE,Sweden,2015,ISCED11_35SW,F,2.7349,,%
oecd-share-vet-sw,SE,Sweden,2016,ISCED11_35SW,F,3.272,,%
oecd-share-vet-sw,SE,Sweden,2017,ISCED11_35SW,F,3.8484,,%
oecd-share-vet-sw,SE,Sweden,2018,ISCED11_35SW,F,4.1158,,%
oecd-share-vet-sw,SE,Sweden,2019,ISCED11_35SW,F,5.311,,%
oecd-share-vet-sw,SE,Sweden,2020,ISCED11_35SW,F,6.0995,,%
oecd-share-vet-sw,SE,Sweden,2021,ISCED11_35SW,F,6.364,,%
oecd-share-vet-sw,SE,Sweden,2022,ISCED11_35SW,F,6.3833,,%
oecd-share-vet-sw,SE,Sweden,2023,ISCED11_35SW,F,6.3135,,%
oecd-share-vet-sw,SE,Sweden,2024,ISCED11_35SW,F,6.7286,,%
oecd-share-vet-sw,SK,Slovakia,2022,ISCED11_35SW,F,29.6804,,%
oecd-share-vet-sw,SK,Slovakia,2023,ISCED11_35SW,F,17.4056,,%
oecd-share-vet-sw,SK,Slovakia,2024,ISCED11_35SW,F,30.17,,%
oecd-share-vet-sw,UK,United Kingdom,2013,ISCED11_35SW,F,58.656,,%
oecd-share-vet-sw,UK,United Kingdom,2014,ISCED11_35SW,F,48.3561,,%
oecd-share-vet-sw,UK,United Kingdom,2015,ISCED11_35SW,F,48.9064,,%
oecd-share-vet-sw,UK,United Kingdom,2016,ISCED11_35SW,F,47.9685,,%
oecd-share-vet-sw,UK,United Kingdom,2017,ISCED11_35SW,F,47.5937,,%
oecd-share-vet-sw,UK,United Kingdom,2018,ISCED11_35SW,F,45.3553,,%
oecd-share-vet-sw,UK,United Kingdom,2019,ISCED11_35SW,F,40.8934,,%
oecd-share-vet-sw,UK,United Kingdom,2020,ISCED11_35SW,F,37.4771,,%
oecd-share-vet-sw,UK,United Kingdom,2021,ISCED11_35SW,F,35.2956,,%
oecd-share-vet-sw,UK,United Kingdom,2022,ISCED11_35SW,F,35.6584,,%
oecd-share-vet-sw,UK,United Kingdom,2023,ISCED11_35SW,F,35.4948,,%
oecd-share-vet-sw,UK,United Kingdom,2024,ISCED11_35SW,F,33.4812,,%
oecd-share-vet-sw,AT,Austria,2013,ISCED11_35SW,M,56.3067,,%
oecd-share-vet-sw,AT,Austria,2014,ISCED11_35SW,M,55.8086,,%
oecd-share-vet-sw,AT,Austria,2015,ISCED11_35SW,M,54.9756,,%
oecd-share-vet-sw,AT,Austria,2016,ISCED11_35SW,M,54.2521,,%
oecd-share-vet-sw,AT,Austria,2017,ISCED11_35SW,M,53.8662,,%
oecd-share-vet-sw,AT,Austria,2018,ISCED11_35SW,M,53.3223,,%
oecd-share-vet-sw,AT,Austria,2019,ISCED11_35SW,M,55.2632,,%
oecd-share-vet-sw,AT,Austria,2020,ISCED11_35SW,M,55.8792,,%
oecd-share-vet-sw,AT,Austria,2021,ISCED11_35SW,M,55.8277,,%
oecd-share-vet-sw,AT,Austria,2022,ISCED11_35SW,M,56.0721,,%
oecd-share-vet-sw,AT,Austria,2023,ISCED11_35SW,M,55.9503,,%
oecd-share-vet-sw,AT,Austria,2024,ISCED11_35SW,M,55.9826,,%
oecd-share-vet-sw,BE,Belgium,2013,ISCED11_35SW,M,8.3746,,%
oecd-share-vet-sw,BE,Belgium,2014,ISCED11_35SW,M,8.304,,%
oecd-share-vet-sw,BE,Belgium,2015,ISCED11_35SW,M,8.0967,,%
oecd-share-vet-sw,BE,Belgium,2016,ISCED11_35SW,M,8.156,,%
oecd-share-vet-sw,BE,Belgium,2017,ISCED11_35SW,M,8.2857,,%
oecd-share-vet-sw,BE,Belgium,2018,ISCED11_35SW,M,8.3292,,%
oecd-share-vet-sw,BE,Belgium,2019,ISCED11_35SW,M,8.5398,,%
oecd-share-vet-sw,BE,Belgium,2020,ISCED11_35SW,M,8.4422,,%
oecd-share-vet-sw,BE,Belgium,2021,ISCED11_35SW,M,8.765,,%
oecd-share-vet-sw,BE,Belgium,2022,ISCED11_35SW,M,9.1259,,%
oecd-share-vet-sw,BE,Belgium,2023,ISCED11_35SW,M,6.4764,,%
oecd-share-vet-sw,BE,Belgium,2024,ISCED11_35SW,M,7.1294,,%
oecd-share-vet-sw,BG,Bulgaria,2017,ISCED11_35SW,M,0.5624,,%
oecd-share-vet-sw,BG,Bulgaria,2018,ISCED11_35SW,M,1.0398,,%
oecd-share-vet-sw,BG,Bulgaria,2019,ISCED11_35SW,M,2.4528,,%
oecd-share-vet-sw,BG,Bulgaria,2020,ISCED11_35SW,M,4.236,,%
oecd-share-vet-sw,BG,Bulgaria,2021,ISCED11_35SW,M,6.082,,%
oecd-share-vet-sw,BG,Bulgaria,2022,ISCED11_35SW,M,8.1796,,%
oecd-share-vet-sw,BG,Bulgaria,2023,ISCED11_35SW,M,8.766,,%
oecd-share-vet-sw,BG,Bulgaria,2024,ISCED11_35SW,M,8.4552,,%
oecd-share-vet-sw,CH,Switzerland,2013,ISCED11_35SW,M,84.5161,,%
oecd-share-vet-sw,CH,Switzerland,2014,ISCED11_35SW,M,90.817,,%
oecd-share-vet-sw,CH,Switzerland,2015,ISCED11_35SW,M,90.6334,,%
oecd-share-vet-sw,CH,Switzerland,2016,ISCED11_35SW,M,90.107,,%
oecd-share-vet-sw,CH,Switzerland,2017,ISCED11_35SW,M,90.2426,,%
oecd-share-vet-sw,CH,Switzerland,2018,ISCED11_35SW,M,90.1469,,%
oecd-share-vet-sw,CH,Switzerland,2019,ISCED11_35SW,M,90.3315,,%
oecd-share-vet-sw,CH,Switzerland,2020,ISCED11_35SW,M,90.2188,,%
oecd-share-vet-sw,CH,Switzerland,2021,ISCED11_35SW,M,90.3297,,%
oecd-share-vet-sw,CH,Switzerland,2022,ISCED11_35SW,M,90.5132,,%
oecd-share-vet-sw,CH,Switzerland,2023,ISCED11_35SW,M,90.4321,,%
oecd-share-vet-sw,CH,Switzerland,2024,ISCED11_35SW,M,89.8876,,%
oecd-share-vet-sw,CZ,Czechia,2013,ISCED11_35SW,M,11.11,,%
oecd-share-vet-sw,CZ,Czechia,2014,ISCED11_35SW,M,11.1465,,%
oecd-share-vet-sw,CZ,Czechia,2015,ISCED11_35SW,M,11.3363,,%
oecd-share-vet-sw,CZ,Czechia,2016,ISCED11_35SW,M,11.4602,,%
oecd-share-vet-sw,DE,Germany,2013,ISCED11_35SW,M,88.4348,,%
oecd-share-vet-sw,DE,Germany,2014,ISCED11_35SW,M,88.7111,,%
oecd-share-vet-sw,DE,Germany,2015,ISCED11_35SW,M,88.3793,,%
oecd-share-vet-sw,DE,Germany,2016,ISCED11_35SW,M,89.3615,,%
oecd-share-vet-sw,DE,Germany,2017,ISCED11_35SW,M,89.3738,,%
oecd-share-vet-sw,DE,Germany,2018,ISCED11_35SW,M,91.7577,,%
oecd-share-vet-sw,DE,Germany,2019,ISCED11_35SW,M,92.0316,,%
oecd-share-vet-sw,DE,Germany,2020,ISCED11_35SW,M,92.0697,,%
oecd-share-vet-sw,DE,Germany,2021,ISCED11_35SW,M,91.8561,,%
oecd-share-vet-sw,DE,Germany,2022,ISCED11_35SW,M,91.9996,,%
oecd-share-vet-sw,DE,Germany,2023,ISCED11_35SW,M,92.297,,%
oecd-share-vet-sw,DE,Germany,2024,ISCED11_35SW,M,92.2094,,%
oecd-share-vet-sw,DK,Denmark,2013,ISCED11_35SW,M,99.4084,,%
oecd-share-vet-sw,DK,Denmark,2014,ISCED11_35SW,M,99.5967,,%
oecd-share-vet-sw,DK,Denmark,2015,ISCED11_35SW,M,99.5522,,%
oecd-share-vet-sw,DK,Denmark,2016,ISCED11_35SW,M,77.7717,,%
oecd-share-vet-sw,DK,Denmark,2017,ISCED11_35SW,M,99.7001,,%
oecd-share-vet-sw,DK,Denmark,2018,ISCED11_35SW,M,100.0,,%
oecd-share-vet-sw,DK,Denmark,2019,ISCED11_35SW,M,100.0,,%
oecd-share-vet-sw,DK,Denmark,2020,ISCED11_35SW,M,100.0,,%
oecd-share-vet-sw,DK,Denmark,2021,ISCED11_35SW,M,100.0,,%
oecd-share-vet-sw,DK,Denmark,2022,ISCED11_35SW,M,100.0,,%
oecd-share-vet-sw,DK,Denmark,2023,ISCED11_35SW,M,100.0,,%
oecd-share-vet-sw,DK,Denmark,2024,ISCED11_35SW,M,99.9727,,%
oecd-share-vet-sw,EE,Estonia,2013,ISCED11_35SW,M,0.6405,,%
oecd-share-vet-sw,EE,Estonia,2014,ISCED11_35SW,M,0.8274,,%
oecd-share-vet-sw,EE,Estonia,2015,ISCED11_35SW,M,1.4137,,%
oecd-share-vet-sw,EE,Estonia,2016,ISCED11_35SW,M,1.946,,%
oecd-share-vet-sw,EE,Estonia,2017,ISCED11_35SW,M,3.7518,,%
oecd-share-vet-sw,EE,Estonia,2018,ISCED11_35SW,M,3.5463,,%
oecd-share-vet-sw,EE,Estonia,2019,ISCED11_35SW,M,3.9869,,%
oecd-share-vet-sw,EE,Estonia,2020,ISCED11_35SW,M,4.4364,,%
oecd-share-vet-sw,EE,Estonia,2021,ISCED11_35SW,M,5.5029,,%
oecd-share-vet-sw,EE,Estonia,2022,ISCED11_35SW,M,4.525,,%
oecd-share-vet-sw,EE,Estonia,2023,ISCED11_35SW,M,3.365,,%
oecd-share-vet-sw,EE,Estonia,2024,ISCED11_35SW,M,2.9061,,%
oecd-share-vet-sw,EL,Greece,2013,ISCED11_35SW,M,9.2996,,%
oecd-share-vet-sw,EL,Greece,2014,ISCED11_35SW,M,9.9784,,%
oecd-share-vet-sw,ES,Spain,2014,ISCED11_35SW,M,1.5346,,%
oecd-share-vet-sw,ES,Spain,2015,ISCED11_35SW,M,1.677,,%
oecd-share-vet-sw,ES,Spain,2016,ISCED11_35SW,M,2.1613,,%
oecd-share-vet-sw,ES,Spain,2017,ISCED11_35SW,M,2.8967,,%
oecd-share-vet-sw,ES,Spain,2018,ISCED11_35SW,M,3.0015,,%
oecd-share-vet-sw,ES,Spain,2019,ISCED11_35SW,M,2.68,,%
oecd-share-vet-sw,ES,Spain,2020,ISCED11_35SW,M,2.2051,,%
oecd-share-vet-sw,ES,Spain,2021,ISCED11_35SW,M,2.8475,,%
oecd-share-vet-sw,ES,Spain,2022,ISCED11_35SW,M,3.0693,,%
oecd-share-vet-sw,ES,Spain,2023,ISCED11_35SW,M,3.0377,,%
oecd-share-vet-sw,ES,Spain,2024,ISCED11_35SW,M,4.9523,,%
oecd-share-vet-sw,FI,Finland,2013,ISCED11_35SW,M,14.5648,,%
oecd-share-vet-sw,FI,Finland,2014,ISCED11_35SW,M,13.5051,,%
oecd-share-vet-sw,FI,Finland,2015,ISCED11_35SW,M,12.4859,,%
oecd-share-vet-sw,FI,Finland,2016,ISCED11_35SW,M,11.6861,,%
oecd-share-vet-sw,FI,Finland,2017,ISCED11_35SW,M,11.9886,,%
oecd-share-vet-sw,FI,Finland,2018,ISCED11_35SW,M,12.8722,,%
oecd-share-vet-sw,FI,Finland,2019,ISCED11_35SW,M,17.1139,,%
oecd-share-vet-sw,FI,Finland,2020,ISCED11_35SW,M,18.0442,,%
oecd-share-vet-sw,FI,Finland,2021,ISCED11_35SW,M,15.7644,,%
oecd-share-vet-sw,FI,Finland,2022,ISCED11_35SW,M,19.3362,,%
oecd-share-vet-sw,FI,Finland,2023,ISCED11_35SW,M,22.7504,,%
oecd-share-vet-sw,FI,Finland,2024,ISCED11_35SW,M,23.7473,,%
oecd-share-vet-sw,FR,France,2013,ISCED11_35SW,M,34.1953,,%
oecd-share-vet-sw,FR,France,2014,ISCED11_35SW,M,32.819,,%
oecd-share-vet-sw,FR,France,2015,ISCED11_35SW,M,31.0748,,%
oecd-share-vet-sw,FR,France,2016,ISCED11_35SW,M,30.0857,,%
oecd-share-vet-sw,FR,France,2017,ISCED11_35SW,M,29.6551,,%
oecd-share-vet-sw,FR,France,2018,ISCED11_35SW,M,30.0543,,%
oecd-share-vet-sw,FR,France,2019,ISCED11_35SW,M,30.7907,,%
oecd-share-vet-sw,FR,France,2020,ISCED11_35SW,M,31.5184,,%
oecd-share-vet-sw,FR,France,2021,ISCED11_35SW,M,33.2294,,%
oecd-share-vet-sw,FR,France,2022,ISCED11_35SW,M,36.3421,,%
oecd-share-vet-sw,FR,France,2023,ISCED11_35SW,M,37.9892,,%
oecd-share-vet-sw,FR,France,2024,ISCED11_35SW,M,38.0643,,%
oecd-share-vet-sw,HU,Hungary,2013,ISCED11_35SW,M,73.9337,,%
oecd-share-vet-sw,HU,Hungary,2014,ISCED11_35SW,M,90.5868,,%
oecd-share-vet-sw,HU,Hungary,2015,ISCED11_35SW,M,100.0,,%
oecd-share-vet-sw,HU,Hungary,2016,ISCED11_35SW,M,100.0,,%
oecd-share-vet-sw,HU,Hungary,2017,ISCED11_35SW,M,100.0,,%
oecd-share-vet-sw,HU,Hungary,2018,ISCED11_35SW,M,100.0,,%
oecd-share-vet-sw,HU,Hungary,2019,ISCED11_35SW,M,100.0,,%
oecd-share-vet-sw,HU,Hungary,2020,ISCED11_35SW,M,100.0,,%
oecd-share-vet-sw,HU,Hungary,2021,ISCED11_35SW,M,100.0,,%
oecd-share-vet-sw,HU,Hungary,2022,ISCED11_35SW,M,100.0,,%
oecd-share-vet-sw,HU,Hungary,2023,ISCED11_35SW,M,100.0,,%
oecd-share-vet-sw,HU,Hungary,2024,ISCED11_35SW,M,100.0,,%
oecd-share-vet-sw,IE,Ireland,2017,ISCED11_35SW,M,100.0,,%
oecd-share-vet-sw,IE,Ireland,2018,ISCED11_35SW,M,100.0,,%
oecd-share-vet-sw,IE,Ireland,2019,ISCED11_35SW,M,100.0,,%
oecd-share-vet-sw,IE,Ireland,2020,ISCED11_35SW,M,100.0,,%
oecd-share-vet-sw,IE,Ireland,2021,ISCED11_35SW,M,100.0,,%
oecd-share-vet-sw,IE,Ireland,2022,ISCED11_35SW,M,100.0,,%
oecd-share-vet-sw,IE,Ireland,2023,ISCED11_35SW,M,100.0,,%
oecd-share-vet-sw,IE,Ireland,2024,ISCED11_35SW,M,100.0,,%
oecd-share-vet-sw,IS,Iceland,2013,ISCED11_35SW,M,54.4191,,%
oecd-share-vet-sw,IS,Iceland,2014,ISCED11_35SW,M,54.4495,,%
oecd-share-vet-sw,IS,Iceland,2015,ISCED11_35SW,M,54.2192,,%
oecd-share-vet-sw,IS,Iceland,2016,ISCED11_35SW,M,57.0273,,%
oecd-share-vet-sw,IS,Iceland,2017,ISCED11_35SW,M,59.6572,,%
oecd-share-vet-sw,IS,Iceland,2018,ISCED11_35SW,M,65.6018,,%
oecd-share-vet-sw,IS,Iceland,2019,ISCED11_35SW,M,72.7859,,%
oecd-share-vet-sw,IS,Iceland,2020,ISCED11_35SW,M,77.3029,,%
oecd-share-vet-sw,IS,Iceland,2021,ISCED11_35SW,M,78.7682,,%
oecd-share-vet-sw,IS,Iceland,2022,ISCED11_35SW,M,80.7401,,%
oecd-share-vet-sw,IS,Iceland,2023,ISCED11_35SW,M,80.9534,,%
oecd-share-vet-sw,IS,Iceland,2024,ISCED11_35SW,M,79.2683,,%
oecd-share-vet-sw,IT,Italy,2013,ISCED11_35SW,M,0.0,,%
oecd-share-vet-sw,LU,Luxembourg,2013,ISCED11_35SW,M,27.098,,%
oecd-share-vet-sw,LU,Luxembourg,2014,ISCED11_35SW,M,26.2409,,%
oecd-share-vet-sw,LU,Luxembourg,2015,ISCED11_35SW,M,25.4265,,%
oecd-share-vet-sw,LU,Luxembourg,2016,ISCED11_35SW,M,24.9045,,%
oecd-share-vet-sw,LU,Luxembourg,2017,ISCED11_35SW,M,25.2025,,%
oecd-share-vet-sw,LU,Luxembourg,2018,ISCED11_35SW,M,24.8991,,%
oecd-share-vet-sw,LU,Luxembourg,2019,ISCED11_35SW,M,25.0531,,%
oecd-share-vet-sw,LU,Luxembourg,2020,ISCED11_35SW,M,26.2962,,%
oecd-share-vet-sw,LU,Luxembourg,2021,ISCED11_35SW,M,26.225,,%
oecd-share-vet-sw,LU,Luxembourg,2022,ISCED11_35SW,M,25.2157,,%
oecd-share-vet-sw,LU,Luxembourg,2023,ISCED11_35SW,M,24.2548,,%
oecd-share-vet-sw,LU,Luxembourg,2024,ISCED11_35SW,M,24.6535,,%
oecd-share-vet-sw,LV,Latvia,2013,ISCED11_35SW,M,100.0,,%
oecd-share-vet-sw,LV,Latvia,2014,ISCED11_35SW,M,100.0,,%
oecd-share-vet-sw,LV,Latvia,2015,ISCED11_35SW,M,100.0,,%
oecd-share-vet-sw,LV,Latvia,2016,ISCED11_35SW,M,100.0,,%
oecd-share-vet-sw,LV,Latvia,2017,ISCED11_35SW,M,100.0,,%
oecd-share-vet-sw,LV,Latvia,2018,ISCED11_35SW,M,100.0,,%
oecd-share-vet-sw,LV,Latvia,2019,ISCED11_35SW,M,100.0,,%
oecd-share-vet-sw,LV,Latvia,2020,ISCED11_35SW,M,100.0,,%
oecd-share-vet-sw,LV,Latvia,2021,ISCED11_35SW,M,100.0,,%
oecd-share-vet-sw,LV,Latvia,2022,ISCED11_35SW,M,100.0,,%
oecd-share-vet-sw,LV,Latvia,2023,ISCED11_35SW,M,100.0,,%
oecd-share-vet-sw,LV,Latvia,2024,ISCED11_35SW,M,100.0,,%
oecd-share-vet-sw,NO,Norway,2013,ISCED11_35SW,M,35.3504,,%
oecd-share-vet-sw,NO,Norway,2014,ISCED11_35SW,M,37.0922,,%
oecd-share-vet-sw,NO,Norway,2015,ISCED11_35SW,M,38.3448,,%
oecd-share-vet-sw,NO,Norway,2016,ISCED11_35SW,M,38.4961,,%
oecd-share-vet-sw,NO,Norway,2017,ISCED11_35SW,M,76.1998,,%
oecd-share-vet-sw,NO,Norway,2018,ISCED11_35SW,M,81.1316,,%
oecd-share-vet-sw,NO,Norway,2019,ISCED11_35SW,M,82.4818,,%
oecd-share-vet-sw,NO,Norway,2020,ISCED11_35SW,M,84.2999,,%
oecd-share-vet-sw,NO,Norway,2021,ISCED11_35SW,M,83.1048,W,%
oecd-share-vet-sw,NO,Norway,2022,ISCED11_35SW,M,88.1697,W,%
oecd-share-vet-sw,NO,Norway,2023,ISCED11_35SW,M,88.8772,W,%
oecd-share-vet-sw,NO,Norway,2024,ISCED11_35SW,M,87.4249,W,%
oecd-share-vet-sw,PL,Poland,2015,ISCED11_35SW,M,15.7429,,%
oecd-share-vet-sw,PL,Poland,2016,ISCED11_35SW,M,15.6877,,%
oecd-share-vet-sw,PL,Poland,2017,ISCED11_35SW,M,15.2443,,%
oecd-share-vet-sw,PL,Poland,2018,ISCED11_35SW,M,14.5862,,%
oecd-share-vet-sw,PL,Poland,2019,ISCED11_35SW,M,12.9646,,%
oecd-share-vet-sw,PL,Poland,2020,ISCED11_35SW,M,13.6387,,%
oecd-share-vet-sw,PL,Poland,2021,ISCED11_35SW,M,13.9546,,%
oecd-share-vet-sw,PL,Poland,2022,ISCED11_35SW,M,14.2025,,%
oecd-share-vet-sw,PL,Poland,2023,ISCED11_35SW,M,12.2403,,%
oecd-share-vet-sw,PL,Poland,2024,ISCED11_35SW,M,12.6094,,%
oecd-share-vet-sw,RO,Romania,2015,ISCED11_35SW,M,2.9901,,%
oecd-share-vet-sw,RO,Romania,2016,ISCED11_35SW,M,8.1986,,%
oecd-share-vet-sw,RO,Romania,2017,ISCED11_35SW,M,10.7679,,%
oecd-share-vet-sw,RO,Romania,2018,ISCED11_35SW,M,8.8963,,%
oecd-share-vet-sw,RO,Romania,2019,ISCED11_35SW,M,10.276,,%
oecd-share-vet-sw,RO,Romania,2020,ISCED11_35SW,M,12.8936,,%
oecd-share-vet-sw,RO,Romania,2021,ISCED11_35SW,M,11.4076,,%
oecd-share-vet-sw,RO,Romania,2022,ISCED11_35SW,M,11.945,,%
oecd-share-vet-sw,RO,Romania,2023,ISCED11_35SW,M,12.9966,,%
oecd-share-vet-sw,RO,Romania,2024,ISCED11_35SW,M,10.8401,,%
oecd-share-vet-sw,SE,Sweden,2013,ISCED11_35SW,M,3.0191,,%
oecd-share-vet-sw,SE,Sweden,2014,ISCED11_35SW,M,2.9339,,%
oecd-share-vet-sw,SE,Sweden,2015,ISCED11_35SW,M,4.4445,,%
oecd-share-vet-sw,SE,Sweden,2016,ISCED11_35SW,M,5.7401,,%
oecd-share-vet-sw,SE,Sweden,2017,ISCED11_35SW,M,6.551,,%
oecd-share-vet-sw,SE,Sweden,2018,ISCED11_35SW,M,7.0721,,%
oecd-share-vet-sw,SE,Sweden,2019,ISCED11_35SW,M,8.4902,,%
oecd-share-vet-sw,SE,Sweden,2020,ISCED11_35SW,M,9.7167,,%
oecd-share-vet-sw,SE,Sweden,2021,ISCED11_35SW,M,9.6474,,%
oecd-share-vet-sw,SE,Sweden,2022,ISCED11_35SW,M,9.8832,,%
oecd-share-vet-sw,SE,Sweden,2023,ISCED11_35SW,M,10.02,,%
oecd-share-vet-sw,SE,Sweden,2024,ISCED11_35SW,M,10.1016,,%
oecd-share-vet-sw,SK,Slovakia,2022,ISCED11_35SW,M,23.211,,%
oecd-share-vet-sw,SK,Slovakia,2023,ISCED11_35SW,M,33.3012,,%
oecd-share-vet-sw,SK,Slovakia,2024,ISCED11_35SW,M,24.3022,,%
oecd-share-vet-sw,UK,United Kingdom,2013,ISCED11_35SW,M,56.3673,,%
oecd-share-vet-sw,UK,United Kingdom,2014,ISCED11_35SW,M,49.1374,,%
oecd-share-vet-sw,UK,United Kingdom,2015,ISCED11_35SW,M,50.5467,,%
oecd-share-vet-sw,UK,United Kingdom,2016,ISCED11_35SW,M,50.4509,,%
oecd-share-vet-sw,UK,United Kingdom,2017,ISCED11_35SW,M,50.0508,,%
oecd-share-vet-sw,UK,United Kingdom,2018,ISCED11_35SW,M,51.08,,%
oecd-share-vet-sw,UK,United Kingdom,2019,ISCED11_35SW,M,49.1204,,%
oecd-share-vet-sw,UK,United Kingdom,2020,ISCED11_35SW,M,46.7775,,%
oecd-share-vet-sw,UK,United Kingdom,2021,ISCED11_35SW,M,43.6168,,%
oecd-share-vet-sw,UK,United Kingdom,2022,ISCED11_35SW,M,44.4363,,%
oecd-share-vet-sw,UK,United Kingdom,2023,ISCED11_35SW,M,44.263,,%
oecd-share-vet-sw,UK,United Kingdom,2024,ISCED11_35SW,M,41.9633,,%
oecd-share-vet-sw,AT,Austria,2013,ISCED11_35SW,_T,48.065,,%
oecd-share-vet-sw,AT,Austria,2014,ISCED11_35SW,_T,47.6805,,%
oecd-share-vet-sw,AT,Austria,2015,ISCED11_35SW,_T,46.7981,,%
oecd-share-vet-sw,AT,Austria,2016,ISCED11_35SW,_T,46.0034,,%
oecd-share-vet-sw,AT,Austria,2017,ISCED11_35SW,_T,45.681,,%
oecd-share-vet-sw,AT,Austria,2018,ISCED11_35SW,_T,45.4653,,%
oecd-share-vet-sw,AT,Austria,2019,ISCED11_35SW,_T,48.9691,,%
oecd-share-vet-sw,AT,Austria,2020,ISCED11_35SW,_T,49.6326,,%
oecd-share-vet-sw,AT,Austria,2021,ISCED11_35SW,_T,49.5129,,%
oecd-share-vet-sw,AT,Austria,2022,ISCED11_35SW,_T,49.7235,,%
oecd-share-vet-sw,AT,Austria,2023,ISCED11_35SW,_T,49.921,,%
oecd-share-vet-sw,AT,Austria,2024,ISCED11_35SW,_T,50.1322,,%
oecd-share-vet-sw,BE,Belgium,2013,ISCED11_35SW,_T,5.8993,,%
oecd-share-vet-sw,BE,Belgium,2014,ISCED11_35SW,_T,5.8973,,%
oecd-share-vet-sw,BE,Belgium,2015,ISCED11_35SW,_T,5.7878,,%
oecd-share-vet-sw,BE,Belgium,2016,ISCED11_35SW,_T,5.8973,,%
oecd-share-vet-sw,BE,Belgium,2017,ISCED11_35SW,_T,5.9297,,%
oecd-share-vet-sw,BE,Belgium,2018,ISCED11_35SW,_T,5.9896,,%
oecd-share-vet-sw,BE,Belgium,2019,ISCED11_35SW,_T,6.1825,,%
oecd-share-vet-sw,BE,Belgium,2020,ISCED11_35SW,_T,6.1422,,%
oecd-share-vet-sw,BE,Belgium,2021,ISCED11_35SW,_T,6.4658,,%
oecd-share-vet-sw,BE,Belgium,2022,ISCED11_35SW,_T,6.6992,,%
oecd-share-vet-sw,BE,Belgium,2023,ISCED11_35SW,_T,4.5564,,%
oecd-share-vet-sw,BE,Belgium,2024,ISCED11_35SW,_T,5.1086,,%
oecd-share-vet-sw,BG,Bulgaria,2017,ISCED11_35SW,_T,0.4122,,%
oecd-share-vet-sw,BG,Bulgaria,2018,ISCED11_35SW,_T,0.8378,,%
oecd-share-vet-sw,BG,Bulgaria,2019,ISCED11_35SW,_T,1.9807,,%
oecd-share-vet-sw,BG,Bulgaria,2020,ISCED11_35SW,_T,3.4878,,%
oecd-share-vet-sw,BG,Bulgaria,2021,ISCED11_35SW,_T,5.1601,,%
oecd-share-vet-sw,BG,Bulgaria,2022,ISCED11_35SW,_T,6.7701,,%
oecd-share-vet-sw,BG,Bulgaria,2023,ISCED11_35SW,_T,7.1355,,%
oecd-share-vet-sw,BG,Bulgaria,2024,ISCED11_35SW,_T,6.65,,%
oecd-share-vet-sw,CH,Switzerland,2013,ISCED11_35SW,_T,84.4728,,%
oecd-share-vet-sw,CH,Switzerland,2014,ISCED11_35SW,_T,90.1813,,%
oecd-share-vet-sw,CH,Switzerland,2015,ISCED11_35SW,_T,90.3655,,%
oecd-share-vet-sw,CH,Switzerland,2016,ISCED11_35SW,_T,89.9664,,%
oecd-share-vet-sw,CH,Switzerland,2017,ISCED11_35SW,_T,90.3116,,%
oecd-share-vet-sw,CH,Switzerland,2018,ISCED11_35SW,_T,90.2632,,%
oecd-share-vet-sw,CH,Switzerland,2019,ISCED11_35SW,_T,90.5597,,%
oecd-share-vet-sw,CH,Switzerland,2020,ISCED11_35SW,_T,90.5372,,%
oecd-share-vet-sw,CH,Switzerland,2021,ISCED11_35SW,_T,90.581,,%
oecd-share-vet-sw,CH,Switzerland,2022,ISCED11_35SW,_T,90.7943,,%
oecd-share-vet-sw,CH,Switzerland,2023,ISCED11_35SW,_T,90.7272,,%
oecd-share-vet-sw,CH,Switzerland,2024,ISCED11_35SW,_T,90.3011,,%
oecd-share-vet-sw,CZ,Czechia,2013,ISCED11_35SW,_T,8.8437,,%
oecd-share-vet-sw,CZ,Czechia,2014,ISCED11_35SW,_T,8.8074,,%
oecd-share-vet-sw,CZ,Czechia,2015,ISCED11_35SW,_T,8.7875,,%
oecd-share-vet-sw,CZ,Czechia,2016,ISCED11_35SW,_T,8.7961,,%
oecd-share-vet-sw,DE,Germany,2013,ISCED11_35SW,_T,86.139,,%
oecd-share-vet-sw,DE,Germany,2014,ISCED11_35SW,_T,86.3655,,%
oecd-share-vet-sw,DE,Germany,2015,ISCED11_35SW,_T,86.0344,,%
oecd-share-vet-sw,DE,Germany,2016,ISCED11_35SW,_T,87.1431,,%
oecd-share-vet-sw,DE,Germany,2017,ISCED11_35SW,_T,87.1865,,%
oecd-share-vet-sw,DE,Germany,2018,ISCED11_35SW,_T,89.0735,,%
oecd-share-vet-sw,DE,Germany,2019,ISCED11_35SW,_T,89.39,,%
oecd-share-vet-sw,DE,Germany,2020,ISCED11_35SW,_T,89.1522,,%
oecd-share-vet-sw,DE,Germany,2021,ISCED11_35SW,_T,88.6861,,%
oecd-share-vet-sw,DE,Germany,2022,ISCED11_35SW,_T,89.0688,,%
oecd-share-vet-sw,DE,Germany,2023,ISCED11_35SW,_T,89.2969,,%
oecd-share-vet-sw,DE,Germany,2024,ISCED11_35SW,_T,88.8499,,%
oecd-share-vet-sw,DK,Denmark,2013,ISCED11_35SW,_T,99.605,,%
oecd-share-vet-sw,DK,Denmark,2014,ISCED11_35SW,_T,99.693,,%
oecd-share-vet-sw,DK,Denmark,2015,ISCED11_35SW,_T,99.6804,,%
oecd-share-vet-sw,DK,Denmark,2016,ISCED11_35SW,_T,79.9962,,%
oecd-share-vet-sw,DK,Denmark,2017,ISCED11_35SW,_T,99.7755,,%
oecd-share-vet-sw,DK,Denmark,2018,ISCED11_35SW,_T,100.0,,%
oecd-share-vet-sw,DK,Denmark,2019,ISCED11_35SW,_T,100.0,,%
oecd-share-vet-sw,DK,Denmark,2020,ISCED11_35SW,_T,100.0,,%
oecd-share-vet-sw,DK,Denmark,2021,ISCED11_35SW,_T,100.0,,%
oecd-share-vet-sw,DK,Denmark,2022,ISCED11_35SW,_T,100.0,,%
oecd-share-vet-sw,DK,Denmark,2023,ISCED11_35SW,_T,100.0,,%
oecd-share-vet-sw,DK,Denmark,2024,ISCED11_35SW,_T,99.9239,,%
oecd-share-vet-sw,EE,Estonia,2013,ISCED11_35SW,_T,0.6681,,%
oecd-share-vet-sw,EE,Estonia,2014,ISCED11_35SW,_T,1.0877,,%
oecd-share-vet-sw,EE,Estonia,2015,ISCED11_35SW,_T,1.3617,,%
oecd-share-vet-sw,EE,Estonia,2016,ISCED11_35SW,_T,2.1736,,%
oecd-share-vet-sw,EE,Estonia,2017,ISCED11_35SW,_T,5.0854,,%
oecd-share-vet-sw,EE,Estonia,2018,ISCED11_35SW,_T,6.4804,,%
oecd-share-vet-sw,EE,Estonia,2019,ISCED11_35SW,_T,6.6901,,%
oecd-share-vet-sw,EE,Estonia,2020,ISCED11_35SW,_T,7.2279,,%
oecd-share-vet-sw,EE,Estonia,2021,ISCED11_35SW,_T,8.042,,%
oecd-share-vet-sw,EE,Estonia,2022,ISCED11_35SW,_T,6.0666,,%
oecd-share-vet-sw,EE,Estonia,2023,ISCED11_35SW,_T,4.9891,,%
oecd-share-vet-sw,EE,Estonia,2024,ISCED11_35SW,_T,4.4373,,%
oecd-share-vet-sw,EL,Greece,2013,ISCED11_35SW,_T,9.1649,,%
oecd-share-vet-sw,EL,Greece,2014,ISCED11_35SW,_T,10.4986,,%
oecd-share-vet-sw,ES,Spain,2014,ISCED11_35SW,_T,1.2744,,%
oecd-share-vet-sw,ES,Spain,2015,ISCED11_35SW,_T,1.2238,,%
oecd-share-vet-sw,ES,Spain,2016,ISCED11_35SW,_T,1.9758,,%
oecd-share-vet-sw,ES,Spain,2017,ISCED11_35SW,_T,2.7258,,%
oecd-share-vet-sw,ES,Spain,2018,ISCED11_35SW,_T,2.8311,,%
oecd-share-vet-sw,ES,Spain,2019,ISCED11_35SW,_T,2.4333,,%
oecd-share-vet-sw,ES,Spain,2020,ISCED11_35SW,_T,1.8781,,%
oecd-share-vet-sw,ES,Spain,2021,ISCED11_35SW,_T,2.368,,%
oecd-share-vet-sw,ES,Spain,2022,ISCED11_35SW,_T,2.598,,%
oecd-share-vet-sw,ES,Spain,2023,ISCED11_35SW,_T,2.5756,,%
oecd-share-vet-sw,ES,Spain,2024,ISCED11_35SW,_T,4.1008,,%
oecd-share-vet-sw,FI,Finland,2013,ISCED11_35SW,_T,15.3043,,%
oecd-share-vet-sw,FI,Finland,2014,ISCED11_35SW,_T,14.495,,%
oecd-share-vet-sw,FI,Finland,2015,ISCED11_35SW,_T,13.557,,%
oecd-share-vet-sw,FI,Finland,2016,ISCED11_35SW,_T,12.898,,%
oecd-share-vet-sw,FI,Finland,2017,ISCED11_35SW,_T,13.138,,%
oecd-share-vet-sw,FI,Finland,2018,ISCED11_35SW,_T,14.1142,,%
oecd-share-vet-sw,FI,Finland,2019,ISCED11_35SW,_T,18.2975,,%
oecd-share-vet-sw,FI,Finland,2020,ISCED11_35SW,_T,18.4822,,%
oecd-share-vet-sw,FI,Finland,2021,ISCED11_35SW,_T,16.2243,,%
oecd-share-vet-sw,FI,Finland,2022,ISCED11_35SW,_T,19.5439,,%
oecd-share-vet-sw,FI,Finland,2023,ISCED11_35SW,_T,23.2636,,%
oecd-share-vet-sw,FI,Finland,2024,ISCED11_35SW,_T,24.5806,,%
oecd-share-vet-sw,FR,France,2013,ISCED11_35SW,_T,27.2375,,%
oecd-share-vet-sw,FR,France,2014,ISCED11_35SW,_T,25.7934,,%
oecd-share-vet-sw,FR,France,2015,ISCED11_35SW,_T,24.6913,,%
oecd-share-vet-sw,FR,France,2016,ISCED11_35SW,_T,24.1755,,%
oecd-share-vet-sw,FR,France,2017,ISCED11_35SW,_T,24.0957,,%
oecd-share-vet-sw,FR,France,2018,ISCED11_35SW,_T,24.5782,,%
oecd-share-vet-sw,FR,France,2019,ISCED11_35SW,_T,25.1775,,%
oecd-share-vet-sw,FR,France,2020,ISCED11_35SW,_T,25.8175,,%
oecd-share-vet-sw,FR,France,2021,ISCED11_35SW,_T,27.9331,,%
oecd-share-vet-sw,FR,France,2022,ISCED11_35SW,_T,31.3059,,%
oecd-share-vet-sw,FR,France,2023,ISCED11_35SW,_T,33.0017,,%
oecd-share-vet-sw,FR,France,2024,ISCED11_35SW,_T,33.1352,,%
oecd-share-vet-sw,HU,Hungary,2013,ISCED11_35SW,_T,73.4401,,%
oecd-share-vet-sw,HU,Hungary,2014,ISCED11_35SW,_T,90.8244,,%
oecd-share-vet-sw,HU,Hungary,2015,ISCED11_35SW,_T,100.0,,%
oecd-share-vet-sw,HU,Hungary,2016,ISCED11_35SW,_T,100.0,,%
oecd-share-vet-sw,HU,Hungary,2017,ISCED11_35SW,_T,100.0,,%
oecd-share-vet-sw,HU,Hungary,2018,ISCED11_35SW,_T,100.0,,%
oecd-share-vet-sw,HU,Hungary,2019,ISCED11_35SW,_T,100.0,,%
oecd-share-vet-sw,HU,Hungary,2020,ISCED11_35SW,_T,100.0,,%
oecd-share-vet-sw,HU,Hungary,2021,ISCED11_35SW,_T,100.0,,%
oecd-share-vet-sw,HU,Hungary,2022,ISCED11_35SW,_T,100.0,,%
oecd-share-vet-sw,HU,Hungary,2023,ISCED11_35SW,_T,100.0,,%
oecd-share-vet-sw,HU,Hungary,2024,ISCED11_35SW,_T,100.0,,%
oecd-share-vet-sw,IE,Ireland,2017,ISCED11_35SW,_T,100.0,,%
oecd-share-vet-sw,IE,Ireland,2018,ISCED11_35SW,_T,100.0,,%
oecd-share-vet-sw,IE,Ireland,2019,ISCED11_35SW,_T,100.0,,%
oecd-share-vet-sw,IE,Ireland,2020,ISCED11_35SW,_T,100.0,,%
oecd-share-vet-sw,IE,Ireland,2021,ISCED11_35SW,_T,100.0,,%
oecd-share-vet-sw,IE,Ireland,2022,ISCED11_35SW,_T,100.0,,%
oecd-share-vet-sw,IE,Ireland,2023,ISCED11_35SW,_T,100.0,,%
oecd-share-vet-sw,IE,Ireland,2024,ISCED11_35SW,_T,100.0,,%
oecd-share-vet-sw,IS,Iceland,2013,ISCED11_35SW,_T,42.7342,,%
oecd-share-vet-sw,IS,Iceland,2014,ISCED11_35SW,_T,43.2286,,%
oecd-share-vet-sw,IS,Iceland,2015,ISCED11_35SW,_T,42.5516,,%
oecd-share-vet-sw,IS,Iceland,2016,ISCED11_35SW,_T,45.373,,%
oecd-share-vet-sw,IS,Iceland,2017,ISCED11_35SW,_T,50.3546,,%
oecd-share-vet-sw,IS,Iceland,2018,ISCED11_35SW,_T,55.5362,,%
oecd-share-vet-sw,IS,Iceland,2019,ISCED11_35SW,_T,61.2395,,%
oecd-share-vet-sw,IS,Iceland,2020,ISCED11_35SW,_T,64.1815,,%
oecd-share-vet-sw,IS,Iceland,2021,ISCED11_35SW,_T,65.7821,,%
oecd-share-vet-sw,IS,Iceland,2022,ISCED11_35SW,_T,66.6576,,%
oecd-share-vet-sw,IS,Iceland,2023,ISCED11_35SW,_T,66.2183,,%
oecd-share-vet-sw,IS,Iceland,2024,ISCED11_35SW,_T,63.8663,,%
oecd-share-vet-sw,IT,Italy,2013,ISCED11_35SW,_T,0.0,,%
oecd-share-vet-sw,LU,Luxembourg,2013,ISCED11_35SW,_T,23.2891,,%
oecd-share-vet-sw,LU,Luxembourg,2014,ISCED11_35SW,_T,22.6699,,%
oecd-share-vet-sw,LU,Luxembourg,2015,ISCED11_35SW,_T,22.1316,,%
oecd-share-vet-sw,LU,Luxembourg,2016,ISCED11_35SW,_T,21.383,,%
oecd-share-vet-sw,LU,Luxembourg,2017,ISCED11_35SW,_T,21.8958,,%
oecd-share-vet-sw,LU,Luxembourg,2018,ISCED11_35SW,_T,22.0438,,%
oecd-share-vet-sw,LU,Luxembourg,2019,ISCED11_35SW,_T,21.704,,%
oecd-share-vet-sw,LU,Luxembourg,2020,ISCED11_35SW,_T,22.8333,,%
oecd-share-vet-sw,LU,Luxembourg,2021,ISCED11_35SW,_T,22.2612,,%
oecd-share-vet-sw,LU,Luxembourg,2022,ISCED11_35SW,_T,21.6324,,%
oecd-share-vet-sw,LU,Luxembourg,2023,ISCED11_35SW,_T,20.7862,,%
oecd-share-vet-sw,LU,Luxembourg,2024,ISCED11_35SW,_T,21.2287,,%
oecd-share-vet-sw,LV,Latvia,2013,ISCED11_35SW,_T,100.0,,%
oecd-share-vet-sw,LV,Latvia,2014,ISCED11_35SW,_T,100.0,,%
oecd-share-vet-sw,LV,Latvia,2015,ISCED11_35SW,_T,100.0,,%
oecd-share-vet-sw,LV,Latvia,2016,ISCED11_35SW,_T,100.0,,%
oecd-share-vet-sw,LV,Latvia,2017,ISCED11_35SW,_T,100.0,,%
oecd-share-vet-sw,LV,Latvia,2018,ISCED11_35SW,_T,100.0,,%
oecd-share-vet-sw,LV,Latvia,2019,ISCED11_35SW,_T,100.0,,%
oecd-share-vet-sw,LV,Latvia,2020,ISCED11_35SW,_T,100.0,,%
oecd-share-vet-sw,LV,Latvia,2021,ISCED11_35SW,_T,100.0,,%
oecd-share-vet-sw,LV,Latvia,2022,ISCED11_35SW,_T,100.0,,%
oecd-share-vet-sw,LV,Latvia,2023,ISCED11_35SW,_T,100.0,,%
oecd-share-vet-sw,LV,Latvia,2024,ISCED11_35SW,_T,100.0,,%
oecd-share-vet-sw,NO,Norway,2013,ISCED11_35SW,_T,29.6286,,%
oecd-share-vet-sw,NO,Norway,2014,ISCED11_35SW,_T,31.2256,,%
oecd-share-vet-sw,NO,Norway,2015,ISCED11_35SW,_T,32.6897,,%
oecd-share-vet-sw,NO,Norway,2016,ISCED11_35SW,_T,32.8902,,%
oecd-share-vet-sw,NO,Norway,2017,ISCED11_35SW,_T,66.9534,,%
oecd-share-vet-sw,NO,Norway,2018,ISCED11_35SW,_T,71.1782,,%
oecd-share-vet-sw,NO,Norway,2019,ISCED11_35SW,_T,71.7029,,%
oecd-share-vet-sw,NO,Norway,2020,ISCED11_35SW,_T,73.5886,,%
oecd-share-vet-sw,NO,Norway,2021,ISCED11_35SW,_T,72.0669,W,%
oecd-share-vet-sw,NO,Norway,2022,ISCED11_35SW,_T,76.4233,W,%
oecd-share-vet-sw,NO,Norway,2023,ISCED11_35SW,_T,76.5142,W,%
oecd-share-vet-sw,NO,Norway,2024,ISCED11_35SW,_T,75.5606,W,%
oecd-share-vet-sw,PL,Poland,2015,ISCED11_35SW,_T,15.6823,,%
oecd-share-vet-sw,PL,Poland,2016,ISCED11_35SW,_T,15.5292,,%
oecd-share-vet-sw,PL,Poland,2017,ISCED11_35SW,_T,14.8741,,%
oecd-share-vet-sw,PL,Poland,2018,ISCED11_35SW,_T,14.4039,,%
oecd-share-vet-sw,PL,Poland,2019,ISCED11_35SW,_T,12.8387,,%
oecd-share-vet-sw,PL,Poland,2020,ISCED11_35SW,_T,13.4128,,%
oecd-share-vet-sw,PL,Poland,2021,ISCED11_35SW,_T,13.8596,,%
oecd-share-vet-sw,PL,Poland,2022,ISCED11_35SW,_T,14.1356,,%
oecd-share-vet-sw,PL,Poland,2023,ISCED11_35SW,_T,12.1882,,%
oecd-share-vet-sw,PL,Poland,2024,ISCED11_35SW,_T,12.636,,%
oecd-share-vet-sw,RO,Romania,2015,ISCED11_35SW,_T,2.8233,,%
oecd-share-vet-sw,RO,Romania,2016,ISCED11_35SW,_T,7.8856,,%
oecd-share-vet-sw,RO,Romania,2017,ISCED11_35SW,_T,10.31,,%
oecd-share-vet-sw,RO,Romania,2018,ISCED11_35SW,_T,8.4459,,%
oecd-share-vet-sw,RO,Romania,2019,ISCED11_35SW,_T,9.8752,,%
oecd-share-vet-sw,RO,Romania,2020,ISCED11_35SW,_T,11.9172,,%
oecd-share-vet-sw,RO,Romania,2021,ISCED11_35SW,_T,10.8145,,%
oecd-share-vet-sw,RO,Romania,2022,ISCED11_35SW,_T,11.344,,%
oecd-share-vet-sw,RO,Romania,2023,ISCED11_35SW,_T,12.1304,,%
oecd-share-vet-sw,RO,Romania,2024,ISCED11_35SW,_T,10.7193,,%
oecd-share-vet-sw,SE,Sweden,2013,ISCED11_35SW,_T,2.5166,,%
oecd-share-vet-sw,SE,Sweden,2014,ISCED11_35SW,_T,2.5438,,%
oecd-share-vet-sw,SE,Sweden,2015,ISCED11_35SW,_T,3.5669,,%
oecd-share-vet-sw,SE,Sweden,2016,ISCED11_35SW,_T,4.4763,,%
oecd-share-vet-sw,SE,Sweden,2017,ISCED11_35SW,_T,5.1602,,%
oecd-share-vet-sw,SE,Sweden,2018,ISCED11_35SW,_T,5.5554,,%
oecd-share-vet-sw,SE,Sweden,2019,ISCED11_35SW,_T,6.9325,,%
oecd-share-vet-sw,SE,Sweden,2020,ISCED11_35SW,_T,7.9823,,%
oecd-share-vet-sw,SE,Sweden,2021,ISCED11_35SW,_T,8.074,,%
oecd-share-vet-sw,SE,Sweden,2022,ISCED11_35SW,_T,8.1677,,%
oecd-share-vet-sw,SE,Sweden,2023,ISCED11_35SW,_T,8.175,,%
oecd-share-vet-sw,SE,Sweden,2024,ISCED11_35SW,_T,8.4257,,%
oecd-share-vet-sw,SK,Slovakia,2013,ISCED11_35SW,_T,6.9866,,%
oecd-share-vet-sw,SK,Slovakia,2014,ISCED11_35SW,_T,8.0119,,%
oecd-share-vet-sw,SK,Slovakia,2015,ISCED11_35SW,_T,9.0743,,%
oecd-share-vet-sw,SK,Slovakia,2016,ISCED11_35SW,_T,10.5155,,%
oecd-share-vet-sw,SK,Slovakia,2017,ISCED11_35SW,_T,11.8691,,%
oecd-share-vet-sw,SK,Slovakia,2018,ISCED11_35SW,_T,13.3093,,%
oecd-share-vet-sw,SK,Slovakia,2019,ISCED11_35SW,_T,14.1387,,%
oecd-share-vet-sw,SK,Slovakia,2020,ISCED11_35SW,_T,15.9506,,%
oecd-share-vet-sw,SK,Slovakia,2021,ISCED11_35SW,_T,27.0946,,%
oecd-share-vet-sw,SK,Slovakia,2022,ISCED11_35SW,_T,26.1514,,%
oecd-share-vet-sw,SK,Slovakia,2023,ISCED11_35SW,_T,26.092,,%
oecd-share-vet-sw,SK,Slovakia,2024,ISCED11_35SW,_T,26.9733,,%
oecd-share-vet-sw,UK,United Kingdom,2013,ISCED11_35SW,_T,57.5436,,%
oecd-share-vet-sw,UK,United Kingdom,2014,ISCED11_35SW,_T,48.7306,,%
oecd-share-vet-sw,UK,United Kingdom,2015,ISCED11_35SW,_T,49.7018,,%
oecd-share-vet-sw,UK,United Kingdom,2016,ISCED11_35SW,_T,49.1715,,%
oecd-share-vet-sw,UK,United Kingdom,2017,ISCED11_35SW,_T,48.7824,,%
oecd-share-vet-sw,UK,United Kingdom,2018,ISCED11_35SW,_T,48.1347,,%
oecd-share-vet-sw,UK,United Kingdom,2019,ISCED11_35SW,_T,44.94,,%
oecd-share-vet-sw,UK,United Kingdom,2020,ISCED11_35SW,_T,42.067,,%
oecd-share-vet-sw,UK,United Kingdom,2021,ISCED11_35SW,_T,39.3297,,%
oecd-share-vet-sw,UK,United Kingdom,2022,ISCED11_35SW,_T,39.9367,,%
oecd-share-vet-sw,UK,United Kingdom,2023,ISCED11_35SW,_T,39.826,,%
oecd-share-vet-sw,UK,United Kingdom,2024,ISCED11_35SW,_T,37.6798,,%
oecd-share-vet-sw,AT,Austria,2013,ISCED11_45SW,F,62.6246,,%
oecd-share-vet-sw,AT,Austria,2014,ISCED11_45SW,F,60.9521,,%
oecd-share-vet-sw,AT,Austria,2015,ISCED11_45SW,F,59.8539,,%
oecd-share-vet-sw,AT,Austria,2016,ISCED11_45SW,F,58.8261,,%
oecd-share-vet-sw,AT,Austria,2017,ISCED11_45SW,F,58.2827,,%
oecd-share-vet-sw,AT,Austria,2018,ISCED11_45SW,F,56.3203,,%
oecd-share-vet-sw,AT,Austria,2019,ISCED11_45SW,F,52.0058,,%
oecd-share-vet-sw,AT,Austria,2020,ISCED11_45SW,F,44.349,,%
oecd-share-vet-sw,AT,Austria,2021,ISCED11_45SW,F,37.8077,,%
oecd-share-vet-sw,AT,Austria,2022,ISCED11_45SW,F,29.9651,,%
oecd-share-vet-sw,AT,Austria,2023,ISCED11_45SW,F,29.7361,,%
oecd-share-vet-sw,AT,Austria,2024,ISCED11_45SW,F,27.4081,,%
oecd-share-vet-sw,BE,Belgium,2022,ISCED11_45SW,F,0.0966,,%
oecd-share-vet-sw,BE,Belgium,2023,ISCED11_45SW,F,0.0227,,%
oecd-share-vet-sw,BE,Belgium,2024,ISCED11_45SW,F,0.0372,,%
oecd-share-vet-sw,CH,Switzerland,2013,ISCED11_45SW,F,100.0,,%
oecd-share-vet-sw,CH,Switzerland,2015,ISCED11_45SW,F,0.0,,%
oecd-share-vet-sw,CH,Switzerland,2016,ISCED11_45SW,F,0.0,,%
oecd-share-vet-sw,CH,Switzerland,2017,ISCED11_45SW,F,0.0,,%
oecd-share-vet-sw,CH,Switzerland,2018,ISCED11_45SW,F,0.0,,%
oecd-share-vet-sw,CH,Switzerland,2019,ISCED11_45SW,F,0.0,,%
oecd-share-vet-sw,CH,Switzerland,2020,ISCED11_45SW,F,0.0,,%
oecd-share-vet-sw,CH,Switzerland,2021,ISCED11_45SW,F,0.0,,%
oecd-share-vet-sw,CH,Switzerland,2022,ISCED11_45SW,F,0.0,,%
oecd-share-vet-sw,CH,Switzerland,2023,ISCED11_45SW,F,0.0,,%
oecd-share-vet-sw,CH,Switzerland,2024,ISCED11_45SW,F,0.0,,%
oecd-share-vet-sw,CZ,Czechia,2013,ISCED11_45SW,F,58.5905,,%
oecd-share-vet-sw,CZ,Czechia,2014,ISCED11_45SW,F,60.6916,,%
oecd-share-vet-sw,CZ,Czechia,2015,ISCED11_45SW,F,42.5373,,%
oecd-share-vet-sw,CZ,Czechia,2016,ISCED11_45SW,F,37.2331,,%
oecd-share-vet-sw,DE,Germany,2013,ISCED11_45SW,F,44.4957,,%
oecd-share-vet-sw,DE,Germany,2014,ISCED11_45SW,F,42.014,,%
oecd-share-vet-sw,DE,Germany,2015,ISCED11_45SW,F,41.2311,,%
oecd-share-vet-sw,DE,Germany,2016,ISCED11_45SW,F,40.6831,,%
oecd-share-vet-sw,DE,Germany,2017,ISCED11_45SW,F,42.8206,,%
oecd-share-vet-sw,DE,Germany,2018,ISCED11_45SW,F,43.0314,,%
oecd-share-vet-sw,DE,Germany,2019,ISCED11_45SW,F,40.9862,,%
oecd-share-vet-sw,DE,Germany,2020,ISCED11_45SW,F,39.7265,,%
oecd-share-vet-sw,DE,Germany,2021,ISCED11_45SW,F,40.6933,,%
oecd-share-vet-sw,DE,Germany,2022,ISCED11_45SW,F,40.9303,,%
oecd-share-vet-sw,DE,Germany,2023,ISCED11_45SW,F,36.7449,,%
oecd-share-vet-sw,DE,Germany,2024,ISCED11_45SW,F,36.7678,,%
oecd-share-vet-sw,EE,Estonia,2013,ISCED11_45SW,F,2.6236,,%
oecd-share-vet-sw,EE,Estonia,2014,ISCED11_45SW,F,2.9888,,%
oecd-share-vet-sw,EE,Estonia,2015,ISCED11_45SW,F,2.6911,,%
oecd-share-vet-sw,EE,Estonia,2016,ISCED11_45SW,F,2.505,,%
oecd-share-vet-sw,EE,Estonia,2017,ISCED11_45SW,F,2.9853,,%
oecd-share-vet-sw,EE,Estonia,2018,ISCED11_45SW,F,4.4518,,%
oecd-share-vet-sw,EE,Estonia,2019,ISCED11_45SW,F,4.7688,,%
oecd-share-vet-sw,EE,Estonia,2020,ISCED11_45SW,F,5.4522,,%
oecd-share-vet-sw,EE,Estonia,2021,ISCED11_45SW,F,4.8084,,%
oecd-share-vet-sw,EE,Estonia,2022,ISCED11_45SW,F,4.1114,,%
oecd-share-vet-sw,EE,Estonia,2023,ISCED11_45SW,F,7.3029,,%
oecd-share-vet-sw,EE,Estonia,2024,ISCED11_45SW,F,9.6166,,%
oecd-share-vet-sw,EL,Greece,2018,ISCED11_45SW,F,1.5766,,%
oecd-share-vet-sw,EL,Greece,2019,ISCED11_45SW,F,3.6146,,%
oecd-share-vet-sw,EL,Greece,2020,ISCED11_45SW,F,2.9199,,%
oecd-share-vet-sw,EL,Greece,2021,ISCED11_45SW,F,0.0,,%
oecd-share-vet-sw,EL,Greece,2022,ISCED11_45SW,F,0.0,,%
oecd-share-vet-sw,EL,Greece,2023,ISCED11_45SW,F,0.0,,%
oecd-share-vet-sw,EL,Greece,2024,ISCED11_45SW,F,0.0,,%
oecd-share-vet-sw,ES,Spain,2015,ISCED11_45SW,F,0.0,,%
oecd-share-vet-sw,ES,Spain,2016,ISCED11_45SW,F,22.813,,%
oecd-share-vet-sw,ES,Spain,2017,ISCED11_45SW,F,22.9088,,%
oecd-share-vet-sw,ES,Spain,2018,ISCED11_45SW,F,21.0754,,%
oecd-share-vet-sw,ES,Spain,2019,ISCED11_45SW,F,11.1687,,%
oecd-share-vet-sw,ES,Spain,2020,ISCED11_45SW,F,9.8848,,%
oecd-share-vet-sw,ES,Spain,2021,ISCED11_45SW,F,3.6684,,%
oecd-share-vet-sw,ES,Spain,2022,ISCED11_45SW,F,3.5662,,%
oecd-share-vet-sw,ES,Spain,2023,ISCED11_45SW,F,5.0269,,%
oecd-share-vet-sw,ES,Spain,2024,ISCED11_45SW,F,3.9388,,%
oecd-share-vet-sw,FI,Finland,2013,ISCED11_45SW,F,72.2803,,%
oecd-share-vet-sw,FI,Finland,2014,ISCED11_45SW,F,66.9502,,%
oecd-share-vet-sw,FI,Finland,2015,ISCED11_45SW,F,66.3434,,%
oecd-share-vet-sw,FI,Finland,2016,ISCED11_45SW,F,68.2368,,%
oecd-share-vet-sw,FI,Finland,2017,ISCED11_45SW,F,67.3534,,%
oecd-share-vet-sw,FI,Finland,2018,ISCED11_45SW,F,64.7115,,%
oecd-share-vet-sw,FI,Finland,2019,ISCED11_45SW,F,66.858,,%
oecd-share-vet-sw,FI,Finland,2020,ISCED11_45SW,F,70.1167,,%
oecd-share-vet-sw,FI,Finland,2021,ISCED11_45SW,F,59.9558,,%
oecd-share-vet-sw,FI,Finland,2022,ISCED11_45SW,F,59.5248,,%
oecd-share-vet-sw,FI,Finland,2023,ISCED11_45SW,F,61.1673,,%
oecd-share-vet-sw,FI,Finland,2024,ISCED11_45SW,F,64.5678,,%
oecd-share-vet-sw,HU,Hungary,2013,ISCED11_45SW,F,100.0,,%
oecd-share-vet-sw,HU,Hungary,2014,ISCED11_45SW,F,100.0,,%
oecd-share-vet-sw,HU,Hungary,2015,ISCED11_45SW,F,100.0,,%
oecd-share-vet-sw,HU,Hungary,2016,ISCED11_45SW,F,100.0,,%
oecd-share-vet-sw,HU,Hungary,2017,ISCED11_45SW,F,100.0,,%
oecd-share-vet-sw,HU,Hungary,2018,ISCED11_45SW,F,100.0,,%
oecd-share-vet-sw,HU,Hungary,2019,ISCED11_45SW,F,100.0,,%
oecd-share-vet-sw,HU,Hungary,2020,ISCED11_45SW,F,100.0,,%
oecd-share-vet-sw,HU,Hungary,2021,ISCED11_45SW,F,100.0,,%
oecd-share-vet-sw,HU,Hungary,2022,ISCED11_45SW,F,100.0,,%
oecd-share-vet-sw,HU,Hungary,2023,ISCED11_45SW,F,100.0,,%
oecd-share-vet-sw,HU,Hungary,2024,ISCED11_45SW,F,100.0,,%
oecd-share-vet-sw,IE,Ireland,2014,ISCED11_45SW,F,17.6067,,%
oecd-share-vet-sw,IE,Ireland,2015,ISCED11_45SW,F,13.5467,W,%
oecd-share-vet-sw,IE,Ireland,2016,ISCED11_45SW,F,11.5414,W,%
oecd-share-vet-sw,IE,Ireland,2017,ISCED11_45SW,F,0.0903,W,%
oecd-share-vet-sw,IE,Ireland,2018,ISCED11_45SW,F,98.029,,%
oecd-share-vet-sw,IE,Ireland,2019,ISCED11_45SW,F,97.5154,,%
oecd-share-vet-sw,IE,Ireland,2020,ISCED11_45SW,F,98.1641,,%
oecd-share-vet-sw,IE,Ireland,2021,ISCED11_45SW,F,98.3497,,%
oecd-share-vet-sw,IE,Ireland,2022,ISCED11_45SW,F,97.9073,,%
oecd-share-vet-sw,IE,Ireland,2023,ISCED11_45SW,F,97.9714,,%
oecd-share-vet-sw,IE,Ireland,2024,ISCED11_45SW,F,98.1945,,%
oecd-share-vet-sw,IS,Iceland,2013,ISCED11_45SW,F,34.1176,,%
oecd-share-vet-sw,IS,Iceland,2014,ISCED11_45SW,F,36.6197,,%
oecd-share-vet-sw,IS,Iceland,2015,ISCED11_45SW,F,34.1463,,%
oecd-share-vet-sw,IS,Iceland,2016,ISCED11_45SW,F,35.1266,,%
oecd-share-vet-sw,IS,Iceland,2017,ISCED11_45SW,F,31.8471,,%
oecd-share-vet-sw,IS,Iceland,2018,ISCED11_45SW,F,20.3579,,%
oecd-share-vet-sw,IS,Iceland,2019,ISCED11_45SW,F,15.4667,,%
oecd-share-vet-sw,IS,Iceland,2020,ISCED11_45SW,F,16.8224,,%
oecd-share-vet-sw,IS,Iceland,2021,ISCED11_45SW,F,16.3855,,%
oecd-share-vet-sw,IS,Iceland,2022,ISCED11_45SW,F,8.6667,,%
oecd-share-vet-sw,IS,Iceland,2023,ISCED11_45SW,F,8.4158,,%
oecd-share-vet-sw,IS,Iceland,2024,ISCED11_45SW,F,14.4928,,%
oecd-share-vet-sw,LU,Luxembourg,2013,ISCED11_45SW,F,100.0,,%
oecd-share-vet-sw,LU,Luxembourg,2014,ISCED11_45SW,F,100.0,,%
oecd-share-vet-sw,LU,Luxembourg,2015,ISCED11_45SW,F,100.0,,%
oecd-share-vet-sw,LU,Luxembourg,2016,ISCED11_45SW,F,100.0,,%
oecd-share-vet-sw,LU,Luxembourg,2017,ISCED11_45SW,F,100.0,,%
oecd-share-vet-sw,LU,Luxembourg,2018,ISCED11_45SW,F,100.0,,%
oecd-share-vet-sw,LU,Luxembourg,2019,ISCED11_45SW,F,100.0,,%
oecd-share-vet-sw,LU,Luxembourg,2020,ISCED11_45SW,F,100.0,,%
oecd-share-vet-sw,LU,Luxembourg,2021,ISCED11_45SW,F,100.0,,%
oecd-share-vet-sw,LU,Luxembourg,2022,ISCED11_45SW,F,100.0,,%
oecd-share-vet-sw,LU,Luxembourg,2023,ISCED11_45SW,F,100.0,,%
oecd-share-vet-sw,LU,Luxembourg,2024,ISCED11_45SW,F,100.0,,%
oecd-share-vet-sw,LV,Latvia,2013,ISCED11_45SW,F,100.0,,%
oecd-share-vet-sw,LV,Latvia,2014,ISCED11_45SW,F,100.0,,%
oecd-share-vet-sw,LV,Latvia,2015,ISCED11_45SW,F,100.0,,%
oecd-share-vet-sw,LV,Latvia,2016,ISCED11_45SW,F,100.0,,%
oecd-share-vet-sw,LV,Latvia,2017,ISCED11_45SW,F,100.0,,%
oecd-share-vet-sw,LV,Latvia,2018,ISCED11_45SW,F,100.0,,%
oecd-share-vet-sw,LV,Latvia,2019,ISCED11_45SW,F,100.0,,%
oecd-share-vet-sw,LV,Latvia,2020,ISCED11_45SW,F,100.0,,%
oecd-share-vet-sw,LV,Latvia,2021,ISCED11_45SW,F,100.0,,%
oecd-share-vet-sw,LV,Latvia,2022,ISCED11_45SW,F,100.0,,%
oecd-share-vet-sw,LV,Latvia,2023,ISCED11_45SW,F,100.0,,%
oecd-share-vet-sw,LV,Latvia,2024,ISCED11_45SW,F,100.0,,%
oecd-share-vet-sw,NL,Netherlands,2013,ISCED11_45SW,F,94.5841,,%
oecd-share-vet-sw,NL,Netherlands,2014,ISCED11_45SW,F,100.0,,%
oecd-share-vet-sw,RO,Romania,2015,ISCED11_45SW,F,13.9053,,%
oecd-share-vet-sw,RO,Romania,2016,ISCED11_45SW,F,16.8243,,%
oecd-share-vet-sw,RO,Romania,2017,ISCED11_45SW,F,16.3366,,%
oecd-share-vet-sw,RO,Romania,2018,ISCED11_45SW,F,11.8693,,%
oecd-share-vet-sw,RO,Romania,2019,ISCED11_45SW,F,14.4313,,%
oecd-share-vet-sw,RO,Romania,2020,ISCED11_45SW,F,17.9514,,%
oecd-share-vet-sw,RO,Romania,2021,ISCED11_45SW,F,13.181,,%
oecd-share-vet-sw,RO,Romania,2022,ISCED11_45SW,F,12.1628,,%
oecd-share-vet-sw,RO,Romania,2023,ISCED11_45SW,F,16.4043,,%
oecd-share-vet-sw,RO,Romania,2024,ISCED11_45SW,F,17.4328,,%
oecd-share-vet-sw,SE,Sweden,2013,ISCED11_45SW,F,58.2703,,%
oecd-share-vet-sw,SE,Sweden,2014,ISCED11_45SW,F,62.8264,,%
oecd-share-vet-sw,SE,Sweden,2015,ISCED11_45SW,F,68.7846,,%
oecd-share-vet-sw,SE,Sweden,2016,ISCED11_45SW,F,88.451,,%
oecd-share-vet-sw,SE,Sweden,2017,ISCED11_45SW,F,78.7158,,%
oecd-share-vet-sw,SE,Sweden,2018,ISCED11_45SW,F,82.4617,,%
oecd-share-vet-sw,SE,Sweden,2019,ISCED11_45SW,F,96.9898,,%
oecd-share-vet-sw,SE,Sweden,2020,ISCED11_45SW,F,97.3096,,%
oecd-share-vet-sw,SE,Sweden,2021,ISCED11_45SW,F,97.4178,,%
oecd-share-vet-sw,SE,Sweden,2022,ISCED11_45SW,F,97.18,,%
oecd-share-vet-sw,SE,Sweden,2023,ISCED11_45SW,F,97.3248,,%
oecd-share-vet-sw,SE,Sweden,2024,ISCED11_45SW,F,96.8853,,%
oecd-share-vet-sw,SK,Slovakia,2022,ISCED11_45SW,F,15.4733,,%
oecd-share-vet-sw,SK,Slovakia,2023,ISCED11_45SW,F,7.1255,,%
oecd-share-vet-sw,SK,Slovakia,2024,ISCED11_45SW,F,5.9137,,%
oecd-share-vet-sw,AT,Austria,2013,ISCED11_45SW,M,56.8081,,%
oecd-share-vet-sw,AT,Austria,2014,ISCED11_45SW,M,54.5378,,%
oecd-share-vet-sw,AT,Austria,2015,ISCED11_45SW,M,54.4513,,%
oecd-share-vet-sw,AT,Austria,2016,ISCED11_45SW,M,54.5265,,%
oecd-share-vet-sw,AT,Austria,2017,ISCED11_45SW,M,53.3655,,%
oecd-share-vet-sw,AT,Austria,2018,ISCED11_45SW,M,50.0045,,%
oecd-share-vet-sw,AT,Austria,2019,ISCED11_45SW,M,43.1829,,%
oecd-share-vet-sw,AT,Austria,2020,ISCED11_45SW,M,34.682,,%
oecd-share-vet-sw,AT,Austria,2021,ISCED11_45SW,M,29.4496,,%
oecd-share-vet-sw,AT,Austria,2022,ISCED11_45SW,M,22.8059,,%
oecd-share-vet-sw,AT,Austria,2023,ISCED11_45SW,M,21.5477,,%
oecd-share-vet-sw,AT,Austria,2024,ISCED11_45SW,M,19.8542,,%
oecd-share-vet-sw,BE,Belgium,2022,ISCED11_45SW,M,0.4319,,%
oecd-share-vet-sw,BE,Belgium,2023,ISCED11_45SW,M,0.3598,,%
oecd-share-vet-sw,BE,Belgium,2024,ISCED11_45SW,M,0.3524,,%
oecd-share-vet-sw,CH,Switzerland,2013,ISCED11_45SW,M,100.0,,%
oecd-share-vet-sw,CH,Switzerland,2015,ISCED11_45SW,M,0.0,,%
oecd-share-vet-sw,CH,Switzerland,2016,ISCED11_45SW,M,0.0,,%
oecd-share-vet-sw,CH,Switzerland,2017,ISCED11_45SW,M,0.0,,%
oecd-share-vet-sw,CH,Switzerland,2018,ISCED11_45SW,M,0.0,,%
oecd-share-vet-sw,CH,Switzerland,2019,ISCED11_45SW,M,0.0,,%
oecd-share-vet-sw,CH,Switzerland,2020,ISCED11_45SW,M,0.0,,%
oecd-share-vet-sw,CH,Switzerland,2021,ISCED11_45SW,M,0.0,,%
oecd-share-vet-sw,CH,Switzerland,2022,ISCED11_45SW,M,0.0,,%
oecd-share-vet-sw,CH,Switzerland,2023,ISCED11_45SW,M,0.0,,%
oecd-share-vet-sw,CH,Switzerland,2024,ISCED11_45SW,M,0.0,,%
oecd-share-vet-sw,CZ,Czechia,2013,ISCED11_45SW,M,61.0178,,%
oecd-share-vet-sw,CZ,Czechia,2014,ISCED11_45SW,M,63.7587,,%
oecd-share-vet-sw,CZ,Czechia,2015,ISCED11_45SW,M,80.0272,,%
oecd-share-vet-sw,CZ,Czechia,2016,ISCED11_45SW,M,69.6867,,%
oecd-share-vet-sw,DE,Germany,2013,ISCED11_45SW,M,68.4551,,%
oecd-share-vet-sw,DE,Germany,2014,ISCED11_45SW,M,66.8463,,%
oecd-share-vet-sw,DE,Germany,2015,ISCED11_45SW,M,66.4894,,%
oecd-share-vet-sw,DE,Germany,2016,ISCED11_45SW,M,65.627,,%
oecd-share-vet-sw,DE,Germany,2017,ISCED11_45SW,M,67.4712,,%
oecd-share-vet-sw,DE,Germany,2018,ISCED11_45SW,M,68.2283,,%
oecd-share-vet-sw,DE,Germany,2019,ISCED11_45SW,M,67.0679,,%
oecd-share-vet-sw,DE,Germany,2020,ISCED11_45SW,M,67.5497,,%
oecd-share-vet-sw,DE,Germany,2021,ISCED11_45SW,M,68.5631,,%
oecd-share-vet-sw,DE,Germany,2022,ISCED11_45SW,M,68.8884,,%
oecd-share-vet-sw,DE,Germany,2023,ISCED11_45SW,M,65.9509,,%
oecd-share-vet-sw,DE,Germany,2024,ISCED11_45SW,M,66.0287,,%
oecd-share-vet-sw,EE,Estonia,2013,ISCED11_45SW,M,6.8233,,%
oecd-share-vet-sw,EE,Estonia,2014,ISCED11_45SW,M,4.7364,,%
oecd-share-vet-sw,EE,Estonia,2015,ISCED11_45SW,M,5.7964,,%
oecd-share-vet-sw,EE,Estonia,2016,ISCED11_45SW,M,4.9247,,%
oecd-share-vet-sw,EE,Estonia,2017,ISCED11_45SW,M,2.1792,,%
oecd-share-vet-sw,EE,Estonia,2018,ISCED11_45SW,M,5.1666,,%
oecd-share-vet-sw,EE,Estonia,2019,ISCED11_45SW,M,10.7021,,%
oecd-share-vet-sw,EE,Estonia,2020,ISCED11_45SW,M,8.2679,,%
oecd-share-vet-sw,EE,Estonia,2021,ISCED11_45SW,M,8.8482,,%
oecd-share-vet-sw,EE,Estonia,2022,ISCED11_45SW,M,7.8935,,%
oecd-share-vet-sw,EE,Estonia,2023,ISCED11_45SW,M,5.8262,,%
oecd-share-vet-sw,EE,Estonia,2024,ISCED11_45SW,M,7.6373,,%
oecd-share-vet-sw,EL,Greece,2018,ISCED11_45SW,M,1.9221,,%
oecd-share-vet-sw,EL,Greece,2019,ISCED11_45SW,M,5.5462,,%
oecd-share-vet-sw,EL,Greece,2020,ISCED11_45SW,M,5.1649,,%
oecd-share-vet-sw,EL,Greece,2021,ISCED11_45SW,M,0.0,,%
oecd-share-vet-sw,EL,Greece,2022,ISCED11_45SW,M,0.0,,%
oecd-share-vet-sw,EL,Greece,2023,ISCED11_45SW,M,0.0,,%
oecd-share-vet-sw,EL,Greece,2024,ISCED11_45SW,M,0.0,,%
oecd-share-vet-sw,ES,Spain,2015,ISCED11_45SW,M,0.0,,%
oecd-share-vet-sw,ES,Spain,2016,ISCED11_45SW,M,22.8132,,%
oecd-share-vet-sw,ES,Spain,2017,ISCED11_45SW,M,22.9096,,%
oecd-share-vet-sw,ES,Spain,2018,ISCED11_45SW,M,18.5489,,%
oecd-share-vet-sw,ES,Spain,2019,ISCED11_45SW,M,11.5209,,%
oecd-share-vet-sw,ES,Spain,2020,ISCED11_45SW,M,10.2413,,%
oecd-share-vet-sw,ES,Spain,2021,ISCED11_45SW,M,3.6611,,%
oecd-share-vet-sw,ES,Spain,2022,ISCED11_45SW,M,3.5126,,%
oecd-share-vet-sw,ES,Spain,2023,ISCED11_45SW,M,5.6467,,%
oecd-share-vet-sw,ES,Spain,2024,ISCED11_45SW,M,3.8242,,%
oecd-share-vet-sw,FI,Finland,2013,ISCED11_45SW,M,67.776,,%
oecd-share-vet-sw,FI,Finland,2014,ISCED11_45SW,M,63.6151,,%
oecd-share-vet-sw,FI,Finland,2015,ISCED11_45SW,M,63.0295,,%
oecd-share-vet-sw,FI,Finland,2016,ISCED11_45SW,M,63.4251,,%
oecd-share-vet-sw,FI,Finland,2017,ISCED11_45SW,M,61.7417,,%
oecd-share-vet-sw,FI,Finland,2018,ISCED11_45SW,M,58.9732,,%
oecd-share-vet-sw,FI,Finland,2019,ISCED11_45SW,M,56.1658,,%
oecd-share-vet-sw,FI,Finland,2020,ISCED11_45SW,M,56.8383,,%
oecd-share-vet-sw,FI,Finland,2021,ISCED11_45SW,M,51.0252,,%
oecd-share-vet-sw,FI,Finland,2022,ISCED11_45SW,M,50.2513,,%
oecd-share-vet-sw,FI,Finland,2023,ISCED11_45SW,M,53.8637,,%
oecd-share-vet-sw,FI,Finland,2024,ISCED11_45SW,M,56.7859,,%
oecd-share-vet-sw,HU,Hungary,2013,ISCED11_45SW,M,100.0,,%
oecd-share-vet-sw,HU,Hungary,2014,ISCED11_45SW,M,100.0,,%
oecd-share-vet-sw,HU,Hungary,2015,ISCED11_45SW,M,100.0,,%
oecd-share-vet-sw,HU,Hungary,2016,ISCED11_45SW,M,100.0,,%
oecd-share-vet-sw,HU,Hungary,2017,ISCED11_45SW,M,100.0,,%
oecd-share-vet-sw,HU,Hungary,2018,ISCED11_45SW,M,100.0,,%
oecd-share-vet-sw,HU,Hungary,2019,ISCED11_45SW,M,100.0,,%
oecd-share-vet-sw,HU,Hungary,2020,ISCED11_45SW,M,100.0,,%
oecd-share-vet-sw,HU,Hungary,2021,ISCED11_45SW,M,100.0,,%
oecd-share-vet-sw,HU,Hungary,2022,ISCED11_45SW,M,100.0,,%
oecd-share-vet-sw,HU,Hungary,2023,ISCED11_45SW,M,100.0,,%
oecd-share-vet-sw,HU,Hungary,2024,ISCED11_45SW,M,100.0,,%
oecd-share-vet-sw,IE,Ireland,2014,ISCED11_45SW,M,30.5455,,%
oecd-share-vet-sw,IE,Ireland,2015,ISCED11_45SW,M,20.3052,W,%
oecd-share-vet-sw,IE,Ireland,2016,ISCED11_45SW,M,18.0978,W,%
oecd-share-vet-sw,IE,Ireland,2017,ISCED11_45SW,M,31.2738,W,%
oecd-share-vet-sw,IE,Ireland,2018,ISCED11_45SW,M,92.9505,,%
oecd-share-vet-sw,IE,Ireland,2019,ISCED11_45SW,M,95.1377,,%
oecd-share-vet-sw,IE,Ireland,2020,ISCED11_45SW,M,95.3308,,%
oecd-share-vet-sw,IE,Ireland,2021,ISCED11_45SW,M,97.2671,,%
oecd-share-vet-sw,IE,Ireland,2022,ISCED11_45SW,M,97.5174,,%
oecd-share-vet-sw,IE,Ireland,2023,ISCED11_45SW,M,97.3268,,%
oecd-share-vet-sw,IE,Ireland,2024,ISCED11_45SW,M,97.9411,,%
oecd-share-vet-sw,IS,Iceland,2013,ISCED11_45SW,M,5.8626,,%
oecd-share-vet-sw,IS,Iceland,2014,ISCED11_45SW,M,3.6842,,%
oecd-share-vet-sw,IS,Iceland,2015,ISCED11_45SW,M,5.1724,,%
oecd-share-vet-sw,IS,Iceland,2016,ISCED11_45SW,M,5.8608,,%
oecd-share-vet-sw,IS,Iceland,2017,ISCED11_45SW,M,3.5494,,%
oecd-share-vet-sw,IS,Iceland,2018,ISCED11_45SW,M,2.7187,,%
oecd-share-vet-sw,IS,Iceland,2019,ISCED11_45SW,M,3.7927,,%
oecd-share-vet-sw,IS,Iceland,2020,ISCED11_45SW,M,4.2503,,%
oecd-share-vet-sw,IS,Iceland,2021,ISCED11_45SW,M,3.9735,,%
oecd-share-vet-sw,IS,Iceland,2022,ISCED11_45SW,M,1.3032,,%
oecd-share-vet-sw,IS,Iceland,2023,ISCED11_45SW,M,1.791,,%
oecd-share-vet-sw,IS,Iceland,2024,ISCED11_45SW,M,2.2128,,%
oecd-share-vet-sw,LU,Luxembourg,2013,ISCED11_45SW,M,100.0,,%
oecd-share-vet-sw,LU,Luxembourg,2014,ISCED11_45SW,M,100.0,,%
oecd-share-vet-sw,LU,Luxembourg,2015,ISCED11_45SW,M,100.0,,%
oecd-share-vet-sw,LU,Luxembourg,2016,ISCED11_45SW,M,100.0,,%
oecd-share-vet-sw,LU,Luxembourg,2017,ISCED11_45SW,M,100.0,,%
oecd-share-vet-sw,LU,Luxembourg,2018,ISCED11_45SW,M,100.0,,%
oecd-share-vet-sw,LU,Luxembourg,2019,ISCED11_45SW,M,100.0,,%
oecd-share-vet-sw,LU,Luxembourg,2020,ISCED11_45SW,M,100.0,,%
oecd-share-vet-sw,LU,Luxembourg,2021,ISCED11_45SW,M,100.0,,%
oecd-share-vet-sw,LU,Luxembourg,2022,ISCED11_45SW,M,100.0,,%
oecd-share-vet-sw,LU,Luxembourg,2023,ISCED11_45SW,M,100.0,,%
oecd-share-vet-sw,LU,Luxembourg,2024,ISCED11_45SW,M,100.0,,%
oecd-share-vet-sw,LV,Latvia,2013,ISCED11_45SW,M,100.0,,%
oecd-share-vet-sw,LV,Latvia,2014,ISCED11_45SW,M,100.0,,%
oecd-share-vet-sw,LV,Latvia,2015,ISCED11_45SW,M,100.0,,%
oecd-share-vet-sw,LV,Latvia,2016,ISCED11_45SW,M,100.0,,%
oecd-share-vet-sw,LV,Latvia,2017,ISCED11_45SW,M,100.0,,%
oecd-share-vet-sw,LV,Latvia,2018,ISCED11_45SW,M,100.0,,%
oecd-share-vet-sw,LV,Latvia,2019,ISCED11_45SW,M,100.0,,%
oecd-share-vet-sw,LV,Latvia,2020,ISCED11_45SW,M,100.0,,%
oecd-share-vet-sw,LV,Latvia,2021,ISCED11_45SW,M,100.0,,%
oecd-share-vet-sw,LV,Latvia,2022,ISCED11_45SW,M,100.0,,%
oecd-share-vet-sw,LV,Latvia,2023,ISCED11_45SW,M,100.0,,%
oecd-share-vet-sw,LV,Latvia,2024,ISCED11_45SW,M,100.0,,%
oecd-share-vet-sw,NL,Netherlands,2013,ISCED11_45SW,M,98.7666,,%
oecd-share-vet-sw,NL,Netherlands,2014,ISCED11_45SW,M,100.0,,%
oecd-share-vet-sw,RO,Romania,2015,ISCED11_45SW,M,6.4915,,%
oecd-share-vet-sw,RO,Romania,2016,ISCED11_45SW,M,10.184,,%
oecd-share-vet-sw,RO,Romania,2017,ISCED11_45SW,M,10.0744,,%
oecd-share-vet-sw,RO,Romania,2018,ISCED11_45SW,M,7.4748,,%
oecd-share-vet-sw,RO,Romania,2019,ISCED11_45SW,M,9.3961,,%
oecd-share-vet-sw,RO,Romania,2020,ISCED11_45SW,M,11.6014,,%
oecd-share-vet-sw,RO,Romania,2021,ISCED11_45SW,M,8.2117,,%
oecd-share-vet-sw,RO,Romania,2022,ISCED11_45SW,M,8.3275,,%
oecd-share-vet-sw,RO,Romania,2023,ISCED11_45SW,M,9.3673,,%
oecd-share-vet-sw,RO,Romania,2024,ISCED11_45SW,M,11.7248,,%
oecd-share-vet-sw,SE,Sweden,2013,ISCED11_45SW,M,65.5968,,%
oecd-share-vet-sw,SE,Sweden,2014,ISCED11_45SW,M,69.0225,,%
oecd-share-vet-sw,SE,Sweden,2015,ISCED11_45SW,M,74.7582,,%
oecd-share-vet-sw,SE,Sweden,2016,ISCED11_45SW,M,90.4422,,%
oecd-share-vet-sw,SE,Sweden,2017,ISCED11_45SW,M,79.1027,,%
oecd-share-vet-sw,SE,Sweden,2018,ISCED11_45SW,M,79.8856,,%
oecd-share-vet-sw,SE,Sweden,2019,ISCED11_45SW,M,93.0822,,%
oecd-share-vet-sw,SE,Sweden,2020,ISCED11_45SW,M,94.3531,,%
oecd-share-vet-sw,SE,Sweden,2021,ISCED11_45SW,M,95.6965,,%
oecd-share-vet-sw,SE,Sweden,2022,ISCED11_45SW,M,95.5608,,%
oecd-share-vet-sw,SE,Sweden,2023,ISCED11_45SW,M,94.4493,,%
oecd-share-vet-sw,SE,Sweden,2024,ISCED11_45SW,M,95.5553,,%
oecd-share-vet-sw,SK,Slovakia,2022,ISCED11_45SW,M,44.8781,,%
oecd-share-vet-sw,SK,Slovakia,2023,ISCED11_45SW,M,19.7623,,%
oecd-share-vet-sw,SK,Slovakia,2024,ISCED11_45SW,M,19.822,,%
oecd-share-vet-sw,AT,Austria,2013,ISCED11_45SW,_T,61.4446,,%
oecd-share-vet-sw,AT,Austria,2014,ISCED11_45SW,_T,59.6262,,%
oecd-share-vet-sw,AT,Austria,2015,ISCED11_45SW,_T,58.7571,,%
oecd-share-vet-sw,AT,Austria,2016,ISCED11_45SW,_T,57.9421,,%
oecd-share-vet-sw,AT,Austria,2017,ISCED11_45SW,_T,57.265,,%
oecd-share-vet-sw,AT,Austria,2018,ISCED11_45SW,_T,54.9777,,%
oecd-share-vet-sw,AT,Austria,2019,ISCED11_45SW,_T,50.0682,,%
oecd-share-vet-sw,AT,Austria,2020,ISCED11_45SW,_T,42.2135,,%
oecd-share-vet-sw,AT,Austria,2021,ISCED11_45SW,_T,35.879,,%
oecd-share-vet-sw,AT,Austria,2022,ISCED11_45SW,_T,28.236,,%
oecd-share-vet-sw,AT,Austria,2023,ISCED11_45SW,_T,27.7708,,%
oecd-share-vet-sw,AT,Austria,2024,ISCED11_45SW,_T,25.6284,,%
oecd-share-vet-sw,BE,Belgium,2022,ISCED11_45SW,_T,0.2705,,%
oecd-share-vet-sw,BE,Belgium,2023,ISCED11_45SW,_T,0.203,,%
oecd-share-vet-sw,BE,Belgium,2024,ISCED11_45SW,_T,0.2093,,%
oecd-share-vet-sw,CH,Switzerland,2013,ISCED11_45SW,_T,100.0,,%
oecd-share-vet-sw,CH,Switzerland,2015,ISCED11_45SW,_T,0.0,,%
oecd-share-vet-sw,CH,Switzerland,2016,ISCED11_45SW,_T,0.0,,%
oecd-share-vet-sw,CH,Switzerland,2017,ISCED11_45SW,_T,0.0,,%
oecd-share-vet-sw,CH,Switzerland,2018,ISCED11_45SW,_T,0.0,,%
oecd-share-vet-sw,CH,Switzerland,2019,ISCED11_45SW,_T,0.0,,%
oecd-share-vet-sw,CH,Switzerland,2020,ISCED11_45SW,_T,0.0,,%
oecd-share-vet-sw,CH,Switzerland,2021,ISCED11_45SW,_T,0.0,,%
oecd-share-vet-sw,CH,Switzerland,2022,ISCED11_45SW,_T,0.0,,%
oecd-share-vet-sw,CH,Switzerland,2023,ISCED11_45SW,_T,0.0,,%
oecd-share-vet-sw,CH,Switzerland,2024,ISCED11_45SW,_T,0.0,,%
oecd-share-vet-sw,CZ,Czechia,2013,ISCED11_45SW,_T,59.7712,,%
oecd-share-vet-sw,CZ,Czechia,2014,ISCED11_45SW,_T,62.2045,,%
oecd-share-vet-sw,CZ,Czechia,2015,ISCED11_45SW,_T,68.1289,,%
oecd-share-vet-sw,CZ,Czechia,2016,ISCED11_45SW,_T,55.4803,,%
oecd-share-vet-sw,DE,Germany,2013,ISCED11_45SW,_T,54.4206,,%
oecd-share-vet-sw,DE,Germany,2014,ISCED11_45SW,_T,52.3016,,%
oecd-share-vet-sw,DE,Germany,2015,ISCED11_45SW,_T,51.6548,,%
oecd-share-vet-sw,DE,Germany,2016,ISCED11_45SW,_T,51.071,,%
oecd-share-vet-sw,DE,Germany,2017,ISCED11_45SW,_T,53.283,,%
oecd-share-vet-sw,DE,Germany,2018,ISCED11_45SW,_T,54.043,,%
oecd-share-vet-sw,DE,Germany,2019,ISCED11_45SW,_T,52.3618,,%
oecd-share-vet-sw,DE,Germany,2020,ISCED11_45SW,_T,51.9651,,%
oecd-share-vet-sw,DE,Germany,2021,ISCED11_45SW,_T,53.3339,,%
oecd-share-vet-sw,DE,Germany,2022,ISCED11_45SW,_T,53.6635,,%
oecd-share-vet-sw,DE,Germany,2023,ISCED11_45SW,_T,49.8639,,%
oecd-share-vet-sw,DE,Germany,2024,ISCED11_45SW,_T,49.9808,,%
oecd-share-vet-sw,EE,Estonia,2013,ISCED11_45SW,_T,4.2039,,%
oecd-share-vet-sw,EE,Estonia,2014,ISCED11_45SW,_T,3.6649,,%
oecd-share-vet-sw,EE,Estonia,2015,ISCED11_45SW,_T,3.8934,,%
oecd-share-vet-sw,EE,Estonia,2016,ISCED11_45SW,_T,3.3771,,%
oecd-share-vet-sw,EE,Estonia,2017,ISCED11_45SW,_T,2.7207,,%
oecd-share-vet-sw,EE,Estonia,2018,ISCED11_45SW,_T,4.6524,,%
oecd-share-vet-sw,EE,Estonia,2019,ISCED11_45SW,_T,6.4308,,%
oecd-share-vet-sw,EE,Estonia,2020,ISCED11_45SW,_T,6.225,,%
oecd-share-vet-sw,EE,Estonia,2021,ISCED11_45SW,_T,5.9397,,%
oecd-share-vet-sw,EE,Estonia,2022,ISCED11_45SW,_T,5.066,,%
oecd-share-vet-sw,EE,Estonia,2023,ISCED11_45SW,_T,6.9309,,%
oecd-share-vet-sw,EE,Estonia,2024,ISCED11_45SW,_T,9.1525,,%
oecd-share-vet-sw,EL,Greece,2018,ISCED11_45SW,_T,1.7367,,%
oecd-share-vet-sw,EL,Greece,2019,ISCED11_45SW,_T,4.5196,,%
oecd-share-vet-sw,EL,Greece,2020,ISCED11_45SW,_T,3.9477,,%
oecd-share-vet-sw,EL,Greece,2021,ISCED11_45SW,_T,0.0,,%
oecd-share-vet-sw,EL,Greece,2022,ISCED11_45SW,_T,0.0,,%
oecd-share-vet-sw,EL,Greece,2023,ISCED11_45SW,_T,0.0,,%
oecd-share-vet-sw,EL,Greece,2024,ISCED11_45SW,_T,0.0,,%
oecd-share-vet-sw,ES,Spain,2015,ISCED11_45SW,_T,0.0,,%
oecd-share-vet-sw,ES,Spain,2016,ISCED11_45SW,_T,22.8131,,%
oecd-share-vet-sw,ES,Spain,2017,ISCED11_45SW,_T,22.9091,,%
oecd-share-vet-sw,ES,Spain,2018,ISCED11_45SW,_T,20.0677,,%
oecd-share-vet-sw,ES,Spain,2019,ISCED11_45SW,_T,11.3005,,%
oecd-share-vet-sw,ES,Spain,2020,ISCED11_45SW,_T,10.0142,,%
oecd-share-vet-sw,ES,Spain,2021,ISCED11_45SW,_T,3.6657,,%
oecd-share-vet-sw,ES,Spain,2022,ISCED11_45SW,_T,3.5433,,%
oecd-share-vet-sw,ES,Spain,2023,ISCED11_45SW,_T,5.2721,,%
oecd-share-vet-sw,ES,Spain,2024,ISCED11_45SW,_T,3.893,,%
oecd-share-vet-sw,FI,Finland,2013,ISCED11_45SW,_T,70.1091,,%
oecd-share-vet-sw,FI,Finland,2014,ISCED11_45SW,_T,65.3942,,%
oecd-share-vet-sw,FI,Finland,2015,ISCED11_45SW,_T,64.7966,,%
oecd-share-vet-sw,FI,Finland,2016,ISCED11_45SW,_T,66.0756,,%
oecd-share-vet-sw,FI,Finland,2017,ISCED11_45SW,_T,64.9092,,%
oecd-share-vet-sw,FI,Finland,2018,ISCED11_45SW,_T,62.2647,,%
oecd-share-vet-sw,FI,Finland,2019,ISCED11_45SW,_T,62.3096,,%
oecd-share-vet-sw,FI,Finland,2020,ISCED11_45SW,_T,64.5995,,%
oecd-share-vet-sw,FI,Finland,2021,ISCED11_45SW,_T,56.4049,,%
oecd-share-vet-sw,FI,Finland,2022,ISCED11_45SW,_T,55.9423,,%
oecd-share-vet-sw,FI,Finland,2023,ISCED11_45SW,_T,58.2471,,%
oecd-share-vet-sw,FI,Finland,2024,ISCED11_45SW,_T,61.4992,,%
oecd-share-vet-sw,HU,Hungary,2013,ISCED11_45SW,_T,100.0,,%
oecd-share-vet-sw,HU,Hungary,2014,ISCED11_45SW,_T,100.0,,%
oecd-share-vet-sw,HU,Hungary,2015,ISCED11_45SW,_T,100.0,,%
oecd-share-vet-sw,HU,Hungary,2016,ISCED11_45SW,_T,100.0,,%
oecd-share-vet-sw,HU,Hungary,2017,ISCED11_45SW,_T,100.0,,%
oecd-share-vet-sw,HU,Hungary,2018,ISCED11_45SW,_T,100.0,,%
oecd-share-vet-sw,HU,Hungary,2019,ISCED11_45SW,_T,100.0,,%
oecd-share-vet-sw,HU,Hungary,2020,ISCED11_45SW,_T,100.0,,%
oecd-share-vet-sw,HU,Hungary,2021,ISCED11_45SW,_T,100.0,,%
oecd-share-vet-sw,HU,Hungary,2022,ISCED11_45SW,_T,100.0,,%
oecd-share-vet-sw,HU,Hungary,2023,ISCED11_45SW,_T,100.0,,%
oecd-share-vet-sw,HU,Hungary,2024,ISCED11_45SW,_T,100.0,,%
oecd-share-vet-sw,IE,Ireland,2014,ISCED11_45SW,_T,23.3713,,%
oecd-share-vet-sw,IE,Ireland,2015,ISCED11_45SW,_T,17.0544,W,%
oecd-share-vet-sw,IE,Ireland,2016,ISCED11_45SW,_T,15.0311,W,%
oecd-share-vet-sw,IE,Ireland,2017,ISCED11_45SW,_T,15.2706,W,%
oecd-share-vet-sw,IE,Ireland,2018,ISCED11_45SW,_T,94.9754,,%
oecd-share-vet-sw,IE,Ireland,2019,ISCED11_45SW,_T,95.8122,,%
oecd-share-vet-sw,IE,Ireland,2020,ISCED11_45SW,_T,96.2241,,%
oecd-share-vet-sw,IE,Ireland,2021,ISCED11_45SW,_T,97.5506,,%
oecd-share-vet-sw,IE,Ireland,2022,ISCED11_45SW,_T,97.6044,,%
oecd-share-vet-sw,IE,Ireland,2023,ISCED11_45SW,_T,97.4687,,%
oecd-share-vet-sw,IE,Ireland,2024,ISCED11_45SW,_T,97.9956,,%
oecd-share-vet-sw,IS,Iceland,2013,ISCED11_45SW,_T,14.3192,,%
oecd-share-vet-sw,IS,Iceland,2014,ISCED11_45SW,_T,14.637,,%
oecd-share-vet-sw,IS,Iceland,2015,ISCED11_45SW,_T,14.7636,,%
oecd-share-vet-sw,IS,Iceland,2016,ISCED11_45SW,_T,16.5893,,%
oecd-share-vet-sw,IS,Iceland,2017,ISCED11_45SW,_T,12.7859,,%
oecd-share-vet-sw,IS,Iceland,2018,ISCED11_45SW,_T,8.8167,,%
oecd-share-vet-sw,IS,Iceland,2019,ISCED11_45SW,_T,7.5472,,%
oecd-share-vet-sw,IS,Iceland,2020,ISCED11_45SW,_T,7.7055,,%
oecd-share-vet-sw,IS,Iceland,2021,ISCED11_45SW,_T,7.4728,,%
oecd-share-vet-sw,IS,Iceland,2022,ISCED11_45SW,_T,3.3729,,%
oecd-share-vet-sw,IS,Iceland,2023,ISCED11_45SW,_T,3.6906,,%
oecd-share-vet-sw,IS,Iceland,2024,ISCED11_45SW,_T,5.0,,%
oecd-share-vet-sw,LU,Luxembourg,2013,ISCED11_45SW,_T,100.0,,%
oecd-share-vet-sw,LU,Luxembourg,2014,ISCED11_45SW,_T,100.0,,%
oecd-share-vet-sw,LU,Luxembourg,2015,ISCED11_45SW,_T,100.0,,%
oecd-share-vet-sw,LU,Luxembourg,2016,ISCED11_45SW,_T,100.0,,%
oecd-share-vet-sw,LU,Luxembourg,2017,ISCED11_45SW,_T,100.0,,%
oecd-share-vet-sw,LU,Luxembourg,2018,ISCED11_45SW,_T,100.0,,%
oecd-share-vet-sw,LU,Luxembourg,2019,ISCED11_45SW,_T,100.0,,%
oecd-share-vet-sw,LU,Luxembourg,2020,ISCED11_45SW,_T,100.0,,%
oecd-share-vet-sw,LU,Luxembourg,2021,ISCED11_45SW,_T,100.0,,%
oecd-share-vet-sw,LU,Luxembourg,2022,ISCED11_45SW,_T,100.0,,%
oecd-share-vet-sw,LU,Luxembourg,2023,ISCED11_45SW,_T,100.0,,%
oecd-share-vet-sw,LU,Luxembourg,2024,ISCED11_45SW,_T,100.0,,%
oecd-share-vet-sw,LV,Latvia,2013,ISCED11_45SW,_T,100.0,,%
oecd-share-vet-sw,LV,Latvia,2014,ISCED11_45SW,_T,100.0,,%
oecd-share-vet-sw,LV,Latvia,2015,ISCED11_45SW,_T,100.0,,%
oecd-share-vet-sw,LV,Latvia,2016,ISCED11_45SW,_T,100.0,,%
oecd-share-vet-sw,LV,Latvia,2017,ISCED11_45SW,_T,100.0,,%
oecd-share-vet-sw,LV,Latvia,2018,ISCED11_45SW,_T,100.0,,%
oecd-share-vet-sw,LV,Latvia,2019,ISCED11_45SW,_T,100.0,,%
oecd-share-vet-sw,LV,Latvia,2020,ISCED11_45SW,_T,100.0,,%
oecd-share-vet-sw,LV,Latvia,2021,ISCED11_45SW,_T,100.0,,%
oecd-share-vet-sw,LV,Latvia,2022,ISCED11_45SW,_T,100.0,,%
oecd-share-vet-sw,LV,Latvia,2023,ISCED11_45SW,_T,100.0,,%
oecd-share-vet-sw,LV,Latvia,2024,ISCED11_45SW,_T,100.0,,%
oecd-share-vet-sw,NL,Netherlands,2013,ISCED11_45SW,_T,97.3902,,%
oecd-share-vet-sw,NL,Netherlands,2014,ISCED11_45SW,_T,100.0,,%
oecd-share-vet-sw,RO,Romania,2015,ISCED11_45SW,_T,11.3768,,%
oecd-share-vet-sw,RO,Romania,2016,ISCED11_45SW,_T,14.5603,,%
oecd-share-vet-sw,RO,Romania,2017,ISCED11_45SW,_T,14.2718,,%
oecd-share-vet-sw,RO,Romania,2018,ISCED11_45SW,_T,10.4604,,%
oecd-share-vet-sw,RO,Romania,2019,ISCED11_45SW,_T,12.8725,,%
oecd-share-vet-sw,RO,Romania,2020,ISCED11_45SW,_T,16.0029,,%
oecd-share-vet-sw,RO,Romania,2021,ISCED11_45SW,_T,11.7037,,%
oecd-share-vet-sw,RO,Romania,2022,ISCED11_45SW,_T,11.0572,,%
oecd-share-vet-sw,RO,Romania,2023,ISCED11_45SW,_T,14.3657,,%
oecd-share-vet-sw,RO,Romania,2024,ISCED11_45SW,_T,15.7325,,%
oecd-share-vet-sw,SE,Sweden,2013,ISCED11_45SW,_T,61.3375,,%
oecd-share-vet-sw,SE,Sweden,2014,ISCED11_45SW,_T,65.5479,,%
oecd-share-vet-sw,SE,Sweden,2015,ISCED11_45SW,_T,71.3922,,%
oecd-share-vet-sw,SE,Sweden,2016,ISCED11_45SW,_T,89.317,,%
oecd-share-vet-sw,SE,Sweden,2017,ISCED11_45SW,_T,78.8793,,%
oecd-share-vet-sw,SE,Sweden,2018,ISCED11_45SW,_T,81.4319,,%
oecd-share-vet-sw,SE,Sweden,2019,ISCED11_45SW,_T,95.517,,%
oecd-share-vet-sw,SE,Sweden,2020,ISCED11_45SW,_T,96.1955,,%
oecd-share-vet-sw,SE,Sweden,2021,ISCED11_45SW,_T,96.7392,,%
oecd-share-vet-sw,SE,Sweden,2022,ISCED11_45SW,_T,96.5532,,%
oecd-share-vet-sw,SE,Sweden,2023,ISCED11_45SW,_T,96.2526,,%
oecd-share-vet-sw,SE,Sweden,2024,ISCED11_45SW,_T,96.3643,,%
oecd-share-vet-sw,SK,Slovakia,2013,ISCED11_45SW,_T,12.7774,,%
oecd-share-vet-sw,SK,Slovakia,2014,ISCED11_45SW,_T,12.0452,,%
oecd-share-vet-sw,SK,Slovakia,2015,ISCED11_45SW,_T,12.0579,,%
oecd-share-vet-sw,SK,Slovakia,2016,ISCED11_45SW,_T,11.4011,,%
oecd-share-vet-sw,SK,Slovakia,2017,ISCED11_45SW,_T,10.6178,,%
oecd-share-vet-sw,SK,Slovakia,2018,ISCED11_45SW,_T,11.4607,,%
oecd-share-vet-sw,SK,Slovakia,2019,ISCED11_45SW,_T,13.5194,,%
oecd-share-vet-sw,SK,Slovakia,2020,ISCED11_45SW,_T,11.3574,,%
oecd-share-vet-sw,SK,Slovakia,2021,ISCED11_45SW,_T,40.8219,,%
oecd-share-vet-sw,SK,Slovakia,2022,ISCED11_45SW,_T,27.3411,,%
oecd-share-vet-sw,SK,Slovakia,2023,ISCED11_45SW,_T,12.037,,%
oecd-share-vet-sw,SK,Slovakia,2024,ISCED11_45SW,_T,11.2042,,%
oecd-share-vet-sw,BE,Belgium,2017,ISCED11_55SW,F,0.0,,%
oecd-share-vet-sw,BE,Belgium,2018,ISCED11_55SW,F,0.0,,%
oecd-share-vet-sw,BE,Belgium,2019,ISCED11_55SW,F,0.0,,%
oecd-share-vet-sw,CH,Switzerland,2013,ISCED11_55SW,F,0.0,,%
oecd-share-vet-sw,CH,Switzerland,2014,ISCED11_55SW,F,0.0,,%
oecd-share-vet-sw,CH,Switzerland,2015,ISCED11_55SW,F,0.0,,%
oecd-share-vet-sw,CH,Switzerland,2016,ISCED11_55SW,F,0.0,,%
oecd-share-vet-sw,CH,Switzerland,2017,ISCED11_55SW,F,0.0,,%
oecd-share-vet-sw,CH,Switzerland,2018,ISCED11_55SW,F,0.0,,%
oecd-share-vet-sw,CH,Switzerland,2019,ISCED11_55SW,F,0.0,,%
oecd-share-vet-sw,CH,Switzerland,2020,ISCED11_55SW,F,0.0,,%
oecd-share-vet-sw,CH,Switzerland,2021,ISCED11_55SW,F,0.0,,%
oecd-share-vet-sw,CH,Switzerland,2022,ISCED11_55SW,F,0.0,,%
oecd-share-vet-sw,CH,Switzerland,2023,ISCED11_55SW,F,0.0,,%
oecd-share-vet-sw,CH,Switzerland,2024,ISCED11_55SW,F,0.0,,%
oecd-share-vet-sw,DK,Denmark,2014,ISCED11_55SW,F,0.0,,%
oecd-share-vet-sw,ES,Spain,2014,ISCED11_55SW,F,1.7035,,%
oecd-share-vet-sw,ES,Spain,2015,ISCED11_55SW,F,1.8316,,%
oecd-share-vet-sw,ES,Spain,2016,ISCED11_55SW,F,1.8526,,%
oecd-share-vet-sw,ES,Spain,2017,ISCED11_55SW,F,2.8302,,%
oecd-share-vet-sw,ES,Spain,2018,ISCED11_55SW,F,2.6773,,%
oecd-share-vet-sw,ES,Spain,2019,ISCED11_55SW,F,3.196,,%
oecd-share-vet-sw,ES,Spain,2020,ISCED11_55SW,F,2.9438,,%
oecd-share-vet-sw,ES,Spain,2021,ISCED11_55SW,F,3.7637,,%
oecd-share-vet-sw,ES,Spain,2022,ISCED11_55SW,F,4.4874,,%
oecd-share-vet-sw,ES,Spain,2023,ISCED11_55SW,F,4.1757,,%
oecd-share-vet-sw,ES,Spain,2024,ISCED11_55SW,F,5.2149,,%
oecd-share-vet-sw,FI,Finland,2013,ISCED11_55SW,F,0.0,,%
oecd-share-vet-sw,FI,Finland,2014,ISCED11_55SW,F,0.0,,%
oecd-share-vet-sw,FR,France,2013,ISCED11_55SW,F,11.39,,%
oecd-share-vet-sw,FR,France,2014,ISCED11_55SW,F,11.2854,,%
oecd-share-vet-sw,FR,France,2015,ISCED11_55SW,F,11.0684,,%
oecd-share-vet-sw,FR,France,2016,ISCED11_55SW,F,11.3939,,%
oecd-share-vet-sw,FR,France,2017,ISCED11_55SW,F,11.8254,,%
oecd-share-vet-sw,HU,Hungary,2013,ISCED11_55SW,F,100.0,,%
oecd-share-vet-sw,HU,Hungary,2014,ISCED11_55SW,F,100.0,,%
oecd-share-vet-sw,HU,Hungary,2015,ISCED11_55SW,F,100.0,,%
oecd-share-vet-sw,HU,Hungary,2016,ISCED11_55SW,F,100.0,,%
oecd-share-vet-sw,HU,Hungary,2017,ISCED11_55SW,F,100.0,,%
oecd-share-vet-sw,HU,Hungary,2018,ISCED11_55SW,F,100.0,,%
oecd-share-vet-sw,HU,Hungary,2019,ISCED11_55SW,F,100.0,,%
oecd-share-vet-sw,HU,Hungary,2020,ISCED11_55SW,F,100.0,,%
oecd-share-vet-sw,HU,Hungary,2021,ISCED11_55SW,F,100.0,,%
oecd-share-vet-sw,HU,Hungary,2022,ISCED11_55SW,F,100.0,,%
oecd-share-vet-sw,HU,Hungary,2023,ISCED11_55SW,F,100.0,,%
oecd-share-vet-sw,HU,Hungary,2024,ISCED11_55SW,F,100.0,,%
oecd-share-vet-sw,IS,Iceland,2013,ISCED11_55SW,F,4.0,,%
oecd-share-vet-sw,IS,Iceland,2014,ISCED11_55SW,F,2.5424,,%
oecd-share-vet-sw,IS,Iceland,2015,ISCED11_55SW,F,0.7752,,%
oecd-share-vet-sw,IS,Iceland,2016,ISCED11_55SW,F,2.5641,,%
oecd-share-vet-sw,IS,Iceland,2017,ISCED11_55SW,F,0.0,,%
oecd-share-vet-sw,IS,Iceland,2018,ISCED11_55SW,F,0.0,,%
oecd-share-vet-sw,IS,Iceland,2019,ISCED11_55SW,F,1.2658,,%
oecd-share-vet-sw,IS,Iceland,2020,ISCED11_55SW,F,0.9615,,%
oecd-share-vet-sw,IS,Iceland,2021,ISCED11_55SW,F,0.0,,%
oecd-share-vet-sw,IS,Iceland,2022,ISCED11_55SW,F,0.6536,,%
oecd-share-vet-sw,IS,Iceland,2023,ISCED11_55SW,F,1.3333,,%
oecd-share-vet-sw,IS,Iceland,2024,ISCED11_55SW,F,3.3333,,%
oecd-share-vet-sw,IT,Italy,2013,ISCED11_55SW,F,100.0,,%
oecd-share-vet-sw,IT,Italy,2014,ISCED11_55SW,F,100.0,,%
oecd-share-vet-sw,IT,Italy,2018,ISCED11_55SW,F,0.0,,%
oecd-share-vet-sw,IT,Italy,2019,ISCED11_55SW,F,0.0,,%
oecd-share-vet-sw,IT,Italy,2021,ISCED11_55SW,F,100.0,,%
oecd-share-vet-sw,IT,Italy,2022,ISCED11_55SW,F,100.0,,%
oecd-share-vet-sw,IT,Italy,2023,ISCED11_55SW,F,100.0,,%
oecd-share-vet-sw,IT,Italy,2024,ISCED11_55SW,F,100.0,,%
oecd-share-vet-sw,LU,Luxembourg,2013,ISCED11_55SW,F,0.0,,%
oecd-share-vet-sw,LU,Luxembourg,2016,ISCED11_55SW,F,0.0,,%
oecd-share-vet-sw,LV,Latvia,2013,ISCED11_55SW,F,100.0,,%
oecd-share-vet-sw,LV,Latvia,2014,ISCED11_55SW,F,100.0,,%
oecd-share-vet-sw,LV,Latvia,2015,ISCED11_55SW,F,100.0,,%
oecd-share-vet-sw,LV,Latvia,2016,ISCED11_55SW,F,100.0,,%
oecd-share-vet-sw,LV,Latvia,2017,ISCED11_55SW,F,100.0,,%
oecd-share-vet-sw,LV,Latvia,2018,ISCED11_55SW,F,100.0,,%
oecd-share-vet-sw,LV,Latvia,2019,ISCED11_55SW,F,100.0,,%
oecd-share-vet-sw,LV,Latvia,2020,ISCED11_55SW,F,100.0,,%
oecd-share-vet-sw,LV,Latvia,2021,ISCED11_55SW,F,100.0,,%
oecd-share-vet-sw,LV,Latvia,2022,ISCED11_55SW,F,100.0,,%
oecd-share-vet-sw,LV,Latvia,2023,ISCED11_55SW,F,100.0,,%
oecd-share-vet-sw,LV,Latvia,2024,ISCED11_55SW,F,100.0,,%
oecd-share-vet-sw,SE,Sweden,2013,ISCED11_55SW,F,100.0,,%
oecd-share-vet-sw,SE,Sweden,2014,ISCED11_55SW,F,100.0,,%
oecd-share-vet-sw,SE,Sweden,2015,ISCED11_55SW,F,100.0,,%
oecd-share-vet-sw,SE,Sweden,2016,ISCED11_55SW,F,100.0,,%
oecd-share-vet-sw,SE,Sweden,2017,ISCED11_55SW,F,100.0,,%
oecd-share-vet-sw,SE,Sweden,2018,ISCED11_55SW,F,100.0,,%
oecd-share-vet-sw,SE,Sweden,2019,ISCED11_55SW,F,95.9276,,%
oecd-share-vet-sw,SE,Sweden,2020,ISCED11_55SW,F,96.3211,,%
oecd-share-vet-sw,SE,Sweden,2021,ISCED11_55SW,F,96.8168,,%
oecd-share-vet-sw,SE,Sweden,2022,ISCED11_55SW,F,96.8644,,%
oecd-share-vet-sw,SE,Sweden,2023,ISCED11_55SW,F,96.8349,,%
oecd-share-vet-sw,SE,Sweden,2024,ISCED11_55SW,F,96.8979,,%
oecd-share-vet-sw,UK,United Kingdom,2013,ISCED11_55SW,F,25.2565,W,%
oecd-share-vet-sw,UK,United Kingdom,2014,ISCED11_55SW,F,28.776,W,%
oecd-share-vet-sw,UK,United Kingdom,2015,ISCED11_55SW,F,41.9757,W,%
oecd-share-vet-sw,UK,United Kingdom,2016,ISCED11_55SW,F,43.9948,W,%
oecd-share-vet-sw,UK,United Kingdom,2017,ISCED11_55SW,F,51.3192,W,%
oecd-share-vet-sw,UK,United Kingdom,2018,ISCED11_55SW,F,65.0876,W,%
oecd-share-vet-sw,UK,United Kingdom,2019,ISCED11_55SW,F,70.7374,W,%
oecd-share-vet-sw,UK,United Kingdom,2020,ISCED11_55SW,F,77.4777,W,%
oecd-share-vet-sw,UK,United Kingdom,2021,ISCED11_55SW,F,82.1044,W,%
oecd-share-vet-sw,UK,United Kingdom,2022,ISCED11_55SW,F,78.5359,,%
oecd-share-vet-sw,UK,United Kingdom,2023,ISCED11_55SW,F,81.513,,%
oecd-share-vet-sw,UK,United Kingdom,2024,ISCED11_55SW,F,82.135,,%
oecd-share-vet-sw,BE,Belgium,2017,ISCED11_55SW,M,0.0,,%
oecd-share-vet-sw,BE,Belgium,2018,ISCED11_55SW,M,0.0,,%
oecd-share-vet-sw,BE,Belgium,2019,ISCED11_55SW,M,0.0,,%
oecd-share-vet-sw,CH,Switzerland,2013,ISCED11_55SW,M,0.0,,%
oecd-share-vet-sw,CH,Switzerland,2014,ISCED11_55SW,M,0.0,,%
oecd-share-vet-sw,CH,Switzerland,2015,ISCED11_55SW,M,0.0,,%
oecd-share-vet-sw,CH,Switzerland,2016,ISCED11_55SW,M,0.0,,%
oecd-share-vet-sw,CH,Switzerland,2017,ISCED11_55SW,M,0.0,,%
oecd-share-vet-sw,CH,Switzerland,2018,ISCED11_55SW,M,0.0,,%
oecd-share-vet-sw,CH,Switzerland,2019,ISCED11_55SW,M,0.0,,%
oecd-share-vet-sw,CH,Switzerland,2020,ISCED11_55SW,M,0.0,,%
oecd-share-vet-sw,CH,Switzerland,2021,ISCED11_55SW,M,0.0,,%
oecd-share-vet-sw,CH,Switzerland,2022,ISCED11_55SW,M,0.0,,%
oecd-share-vet-sw,CH,Switzerland,2023,ISCED11_55SW,M,0.0,,%
oecd-share-vet-sw,CH,Switzerland,2024,ISCED11_55SW,M,0.0,,%
oecd-share-vet-sw,DK,Denmark,2014,ISCED11_55SW,M,0.0,,%
oecd-share-vet-sw,ES,Spain,2014,ISCED11_55SW,M,3.0212,,%
oecd-share-vet-sw,ES,Spain,2015,ISCED11_55SW,M,2.8069,,%
oecd-share-vet-sw,ES,Spain,2016,ISCED11_55SW,M,2.6354,,%
oecd-share-vet-sw,ES,Spain,2017,ISCED11_55SW,M,3.7488,,%
oecd-share-vet-sw,ES,Spain,2018,ISCED11_55SW,M,3.5544,,%
oecd-share-vet-sw,ES,Spain,2019,ISCED11_55SW,M,4.3878,,%
oecd-share-vet-sw,ES,Spain,2020,ISCED11_55SW,M,4.1061,,%
oecd-share-vet-sw,ES,Spain,2021,ISCED11_55SW,M,5.0772,,%
oecd-share-vet-sw,ES,Spain,2022,ISCED11_55SW,M,6.0172,,%
oecd-share-vet-sw,ES,Spain,2023,ISCED11_55SW,M,5.6909,,%
oecd-share-vet-sw,ES,Spain,2024,ISCED11_55SW,M,7.3195,,%
oecd-share-vet-sw,FI,Finland,2013,ISCED11_55SW,M,0.0,,%
oecd-share-vet-sw,FI,Finland,2014,ISCED11_55SW,M,0.0,,%
oecd-share-vet-sw,FR,France,2013,ISCED11_55SW,M,18.2911,,%
oecd-share-vet-sw,FR,France,2014,ISCED11_55SW,M,18.0603,,%
oecd-share-vet-sw,FR,France,2015,ISCED11_55SW,M,17.682,,%
oecd-share-vet-sw,FR,France,2016,ISCED11_55SW,M,17.9894,,%
oecd-share-vet-sw,FR,France,2017,ISCED11_55SW,M,18.4637,,%
oecd-share-vet-sw,HU,Hungary,2013,ISCED11_55SW,M,100.0,,%
oecd-share-vet-sw,HU,Hungary,2014,ISCED11_55SW,M,100.0,,%
oecd-share-vet-sw,HU,Hungary,2015,ISCED11_55SW,M,100.0,,%
oecd-share-vet-sw,HU,Hungary,2016,ISCED11_55SW,M,100.0,,%
oecd-share-vet-sw,HU,Hungary,2017,ISCED11_55SW,M,100.0,,%
oecd-share-vet-sw,HU,Hungary,2018,ISCED11_55SW,M,100.0,,%
oecd-share-vet-sw,HU,Hungary,2019,ISCED11_55SW,M,100.0,,%
oecd-share-vet-sw,HU,Hungary,2020,ISCED11_55SW,M,100.0,,%
oecd-share-vet-sw,HU,Hungary,2021,ISCED11_55SW,M,100.0,,%
oecd-share-vet-sw,HU,Hungary,2022,ISCED11_55SW,M,100.0,,%
oecd-share-vet-sw,HU,Hungary,2023,ISCED11_55SW,M,100.0,,%
oecd-share-vet-sw,HU,Hungary,2024,ISCED11_55SW,M,100.0,,%
oecd-share-vet-sw,IS,Iceland,2013,ISCED11_55SW,M,3.8462,,%
oecd-share-vet-sw,IS,Iceland,2014,ISCED11_55SW,M,4.2105,,%
oecd-share-vet-sw,IS,Iceland,2015,ISCED11_55SW,M,4.4944,,%
oecd-share-vet-sw,IS,Iceland,2016,ISCED11_55SW,M,3.268,,%
oecd-share-vet-sw,IS,Iceland,2017,ISCED11_55SW,M,0.495,,%
oecd-share-vet-sw,IS,Iceland,2018,ISCED11_55SW,M,0.0,,%
oecd-share-vet-sw,IS,Iceland,2019,ISCED11_55SW,M,0.5714,,%
oecd-share-vet-sw,IS,Iceland,2020,ISCED11_55SW,M,1.81,,%
oecd-share-vet-sw,IS,Iceland,2021,ISCED11_55SW,M,0.0,,%
oecd-share-vet-sw,IS,Iceland,2022,ISCED11_55SW,M,1.0363,,%
oecd-share-vet-sw,IS,Iceland,2023,ISCED11_55SW,M,0.4464,,%
oecd-share-vet-sw,IS,Iceland,2024,ISCED11_55SW,M,1.4019,,%
oecd-share-vet-sw,IT,Italy,2013,ISCED11_55SW,M,100.0,,%
oecd-share-vet-sw,IT,Italy,2014,ISCED11_55SW,M,100.0,,%
oecd-share-vet-sw,IT,Italy,2018,ISCED11_55SW,M,0.0,,%
oecd-share-vet-sw,IT,Italy,2019,ISCED11_55SW,M,0.0,,%
oecd-share-vet-sw,IT,Italy,2021,ISCED11_55SW,M,100.0,,%
oecd-share-vet-sw,IT,Italy,2022,ISCED11_55SW,M,100.0,,%
oecd-share-vet-sw,IT,Italy,2023,ISCED11_55SW,M,100.0,,%
oecd-share-vet-sw,IT,Italy,2024,ISCED11_55SW,M,100.0,,%
oecd-share-vet-sw,LU,Luxembourg,2013,ISCED11_55SW,M,0.0,,%
oecd-share-vet-sw,LU,Luxembourg,2016,ISCED11_55SW,M,0.0,,%
oecd-share-vet-sw,LV,Latvia,2013,ISCED11_55SW,M,100.0,,%
oecd-share-vet-sw,LV,Latvia,2014,ISCED11_55SW,M,100.0,,%
oecd-share-vet-sw,LV,Latvia,2015,ISCED11_55SW,M,100.0,,%
oecd-share-vet-sw,LV,Latvia,2016,ISCED11_55SW,M,100.0,,%
oecd-share-vet-sw,LV,Latvia,2017,ISCED11_55SW,M,100.0,,%
oecd-share-vet-sw,LV,Latvia,2018,ISCED11_55SW,M,100.0,,%
oecd-share-vet-sw,LV,Latvia,2019,ISCED11_55SW,M,100.0,,%
oecd-share-vet-sw,LV,Latvia,2020,ISCED11_55SW,M,100.0,,%
oecd-share-vet-sw,LV,Latvia,2021,ISCED11_55SW,M,100.0,,%
oecd-share-vet-sw,LV,Latvia,2022,ISCED11_55SW,M,100.0,,%
oecd-share-vet-sw,LV,Latvia,2023,ISCED11_55SW,M,100.0,,%
oecd-share-vet-sw,LV,Latvia,2024,ISCED11_55SW,M,100.0,,%
oecd-share-vet-sw,SE,Sweden,2013,ISCED11_55SW,M,100.0,,%
oecd-share-vet-sw,SE,Sweden,2014,ISCED11_55SW,M,100.0,,%
oecd-share-vet-sw,SE,Sweden,2015,ISCED11_55SW,M,100.0,,%
oecd-share-vet-sw,SE,Sweden,2016,ISCED11_55SW,M,100.0,,%
oecd-share-vet-sw,SE,Sweden,2017,ISCED11_55SW,M,100.0,,%
oecd-share-vet-sw,SE,Sweden,2018,ISCED11_55SW,M,100.0,,%
oecd-share-vet-sw,SE,Sweden,2019,ISCED11_55SW,M,97.3429,,%
oecd-share-vet-sw,SE,Sweden,2020,ISCED11_55SW,M,97.854,,%
oecd-share-vet-sw,SE,Sweden,2021,ISCED11_55SW,M,98.1994,,%
oecd-share-vet-sw,SE,Sweden,2022,ISCED11_55SW,M,98.4019,,%
oecd-share-vet-sw,SE,Sweden,2023,ISCED11_55SW,M,98.4042,,%
oecd-share-vet-sw,SE,Sweden,2024,ISCED11_55SW,M,98.7243,,%
oecd-share-vet-sw,UK,United Kingdom,2013,ISCED11_55SW,M,18.3212,W,%
oecd-share-vet-sw,UK,United Kingdom,2014,ISCED11_55SW,M,19.7986,W,%
oecd-share-vet-sw,UK,United Kingdom,2015,ISCED11_55SW,M,29.6854,W,%
oecd-share-vet-sw,UK,United Kingdom,2016,ISCED11_55SW,M,31.838,W,%
oecd-share-vet-sw,UK,United Kingdom,2017,ISCED11_55SW,M,41.3825,W,%
oecd-share-vet-sw,UK,United Kingdom,2018,ISCED11_55SW,M,69.8904,W,%
oecd-share-vet-sw,UK,United Kingdom,2019,ISCED11_55SW,M,78.1996,W,%
oecd-share-vet-sw,UK,United Kingdom,2020,ISCED11_55SW,M,83.4695,,%
oecd-share-vet-sw,UK,United Kingdom,2021,ISCED11_55SW,M,86.8877,W,%
oecd-share-vet-sw,UK,United Kingdom,2022,ISCED11_55SW,M,81.3714,,%
oecd-share-vet-sw,UK,United Kingdom,2023,ISCED11_55SW,M,84.4056,,%
oecd-share-vet-sw,UK,United Kingdom,2024,ISCED11_55SW,M,83.776,,%
oecd-share-vet-sw,BE,Belgium,2017,ISCED11_55SW,_T,0.0,,%
oecd-share-vet-sw,BE,Belgium,2018,ISCED11_55SW,_T,0.0,,%
oecd-share-vet-sw,BE,Belgium,2019,ISCED11_55SW,_T,0.0,,%
oecd-share-vet-sw,CH,Switzerland,2013,ISCED11_55SW,_T,0.0,,%
oecd-share-vet-sw,CH,Switzerland,2014,ISCED11_55SW,_T,0.0,,%
oecd-share-vet-sw,CH,Switzerland,2015,ISCED11_55SW,_T,0.0,,%
oecd-share-vet-sw,CH,Switzerland,2016,ISCED11_55SW,_T,0.0,,%
oecd-share-vet-sw,CH,Switzerland,2017,ISCED11_55SW,_T,0.0,,%
oecd-share-vet-sw,CH,Switzerland,2018,ISCED11_55SW,_T,0.0,,%
oecd-share-vet-sw,CH,Switzerland,2019,ISCED11_55SW,_T,0.0,,%
oecd-share-vet-sw,CH,Switzerland,2020,ISCED11_55SW,_T,0.0,,%
oecd-share-vet-sw,CH,Switzerland,2021,ISCED11_55SW,_T,0.0,,%
oecd-share-vet-sw,CH,Switzerland,2022,ISCED11_55SW,_T,0.0,,%
oecd-share-vet-sw,CH,Switzerland,2023,ISCED11_55SW,_T,0.0,,%
oecd-share-vet-sw,CH,Switzerland,2024,ISCED11_55SW,_T,0.0,,%
oecd-share-vet-sw,DK,Denmark,2014,ISCED11_55SW,_T,0.0,,%
oecd-share-vet-sw,ES,Spain,2014,ISCED11_55SW,_T,2.3819,,%
oecd-share-vet-sw,ES,Spain,2015,ISCED11_55SW,_T,2.337,,%
oecd-share-vet-sw,ES,Spain,2016,ISCED11_55SW,_T,2.2594,,%
oecd-share-vet-sw,ES,Spain,2017,ISCED11_55SW,_T,3.3106,,%
oecd-share-vet-sw,ES,Spain,2018,ISCED11_55SW,_T,3.1355,,%
oecd-share-vet-sw,ES,Spain,2019,ISCED11_55SW,_T,3.8147,,%
oecd-share-vet-sw,ES,Spain,2020,ISCED11_55SW,_T,3.5426,,%
oecd-share-vet-sw,ES,Spain,2021,ISCED11_55SW,_T,4.439,,%
oecd-share-vet-sw,ES,Spain,2022,ISCED11_55SW,_T,5.2653,,%
oecd-share-vet-sw,ES,Spain,2023,ISCED11_55SW,_T,4.94,,%
oecd-share-vet-sw,ES,Spain,2024,ISCED11_55SW,_T,6.2789,,%
oecd-share-vet-sw,FI,Finland,2013,ISCED11_55SW,_T,0.0,,%
oecd-share-vet-sw,FI,Finland,2014,ISCED11_55SW,_T,0.0,,%
oecd-share-vet-sw,FR,France,2013,ISCED11_55SW,_T,14.8284,,%
oecd-share-vet-sw,FR,France,2014,ISCED11_55SW,_T,14.7005,,%
oecd-share-vet-sw,FR,France,2015,ISCED11_55SW,_T,14.4143,,%
oecd-share-vet-sw,FR,France,2016,ISCED11_55SW,_T,14.7604,,%
oecd-share-vet-sw,FR,France,2017,ISCED11_55SW,_T,15.2247,,%
oecd-share-vet-sw,HU,Hungary,2013,ISCED11_55SW,_T,100.0,,%
oecd-share-vet-sw,HU,Hungary,2014,ISCED11_55SW,_T,100.0,,%
oecd-share-vet-sw,HU,Hungary,2015,ISCED11_55SW,_T,100.0,,%
oecd-share-vet-sw,HU,Hungary,2016,ISCED11_55SW,_T,100.0,,%
oecd-share-vet-sw,HU,Hungary,2017,ISCED11_55SW,_T,100.0,,%
oecd-share-vet-sw,HU,Hungary,2018,ISCED11_55SW,_T,100.0,,%
oecd-share-vet-sw,HU,Hungary,2019,ISCED11_55SW,_T,100.0,,%
oecd-share-vet-sw,HU,Hungary,2020,ISCED11_55SW,_T,100.0,,%
oecd-share-vet-sw,HU,Hungary,2021,ISCED11_55SW,_T,100.0,,%
oecd-share-vet-sw,HU,Hungary,2022,ISCED11_55SW,_T,100.0,,%
oecd-share-vet-sw,HU,Hungary,2023,ISCED11_55SW,_T,100.0,,%
oecd-share-vet-sw,HU,Hungary,2024,ISCED11_55SW,_T,100.0,,%
oecd-share-vet-sw,IS,Iceland,2013,ISCED11_55SW,_T,3.9007,,%
oecd-share-vet-sw,IS,Iceland,2014,ISCED11_55SW,_T,3.5714,,%
oecd-share-vet-sw,IS,Iceland,2015,ISCED11_55SW,_T,2.9316,,%
oecd-share-vet-sw,IS,Iceland,2016,ISCED11_55SW,_T,2.963,,%
oecd-share-vet-sw,IS,Iceland,2017,ISCED11_55SW,_T,0.2801,,%
oecd-share-vet-sw,IS,Iceland,2018,ISCED11_55SW,_T,0.0,,%
oecd-share-vet-sw,IS,Iceland,2019,ISCED11_55SW,_T,0.9009,,%
oecd-share-vet-sw,IS,Iceland,2020,ISCED11_55SW,_T,1.3986,,%
oecd-share-vet-sw,IS,Iceland,2021,ISCED11_55SW,_T,0.0,,%
oecd-share-vet-sw,IS,Iceland,2022,ISCED11_55SW,_T,0.8671,,%
oecd-share-vet-sw,IS,Iceland,2023,ISCED11_55SW,_T,0.8021,,%
oecd-share-vet-sw,IS,Iceland,2024,ISCED11_55SW,_T,2.1978,,%
oecd-share-vet-sw,IT,Italy,2013,ISCED11_55SW,_T,100.0,,%
oecd-share-vet-sw,IT,Italy,2014,ISCED11_55SW,_T,100.0,,%
oecd-share-vet-sw,IT,Italy,2018,ISCED11_55SW,_T,0.0,,%
oecd-share-vet-sw,IT,Italy,2019,ISCED11_55SW,_T,0.0,,%
oecd-share-vet-sw,IT,Italy,2021,ISCED11_55SW,_T,100.0,,%
oecd-share-vet-sw,IT,Italy,2022,ISCED11_55SW,_T,100.0,,%
oecd-share-vet-sw,IT,Italy,2023,ISCED11_55SW,_T,100.0,,%
oecd-share-vet-sw,IT,Italy,2024,ISCED11_55SW,_T,100.0,,%
oecd-share-vet-sw,LU,Luxembourg,2013,ISCED11_55SW,_T,0.0,,%
oecd-share-vet-sw,LU,Luxembourg,2016,ISCED11_55SW,_T,0.0,,%
oecd-share-vet-sw,LV,Latvia,2013,ISCED11_55SW,_T,100.0,,%
oecd-share-vet-sw,LV,Latvia,2014,ISCED11_55SW,_T,100.0,,%
oecd-share-vet-sw,LV,Latvia,2015,ISCED11_55SW,_T,100.0,,%
oecd-share-vet-sw,LV,Latvia,2016,ISCED11_55SW,_T,100.0,,%
oecd-share-vet-sw,LV,Latvia,2017,ISCED11_55SW,_T,100.0,,%
oecd-share-vet-sw,LV,Latvia,2018,ISCED11_55SW,_T,100.0,,%
oecd-share-vet-sw,LV,Latvia,2019,ISCED11_55SW,_T,100.0,,%
oecd-share-vet-sw,LV,Latvia,2020,ISCED11_55SW,_T,100.0,,%
oecd-share-vet-sw,LV,Latvia,2021,ISCED11_55SW,_T,100.0,,%
oecd-share-vet-sw,LV,Latvia,2022,ISCED11_55SW,_T,100.0,,%
oecd-share-vet-sw,LV,Latvia,2023,ISCED11_55SW,_T,100.0,,%
oecd-share-vet-sw,LV,Latvia,2024,ISCED11_55SW,_T,100.0,,%
oecd-share-vet-sw,SE,Sweden,2013,ISCED11_55SW,_T,100.0,,%
oecd-share-vet-sw,SE,Sweden,2014,ISCED11_55SW,_T,100.0,,%
oecd-share-vet-sw,SE,Sweden,2015,ISCED11_55SW,_T,100.0,,%
oecd-share-vet-sw,SE,Sweden,2016,ISCED11_55SW,_T,100.0,,%
oecd-share-vet-sw,SE,Sweden,2017,ISCED11_55SW,_T,100.0,,%
oecd-share-vet-sw,SE,Sweden,2018,ISCED11_55SW,_T,100.0,,%
oecd-share-vet-sw,SE,Sweden,2019,ISCED11_55SW,_T,96.6203,,%
oecd-share-vet-sw,SE,Sweden,2020,ISCED11_55SW,_T,97.0837,,%
oecd-share-vet-sw,SE,Sweden,2021,ISCED11_55SW,_T,97.5103,,%
oecd-share-vet-sw,SE,Sweden,2022,ISCED11_55SW,_T,97.6502,,%
oecd-share-vet-sw,SE,Sweden,2023,ISCED11_55SW,_T,97.6428,,%
oecd-share-vet-sw,SE,Sweden,2024,ISCED11_55SW,_T,97.849,,%
oecd-share-vet-sw,UK,United Kingdom,2013,ISCED11_55SW,_T,22.2079,W,%
oecd-share-vet-sw,UK,United Kingdom,2014,ISCED11_55SW,_T,24.8337,W,%
oecd-share-vet-sw,UK,United Kingdom,2015,ISCED11_55SW,_T,36.834,W,%
oecd-share-vet-sw,UK,United Kingdom,2016,ISCED11_55SW,_T,38.7512,W,%
oecd-share-vet-sw,UK,United Kingdom,2017,ISCED11_55SW,_T,47.1092,W,%
oecd-share-vet-sw,UK,United Kingdom,2018,ISCED11_55SW,_T,67.1905,W,%
oecd-share-vet-sw,UK,United Kingdom,2019,ISCED11_55SW,_T,74.1317,W,%
oecd-share-vet-sw,UK,United Kingdom,2020,ISCED11_55SW,_T,80.2687,,%
oecd-share-vet-sw,UK,United Kingdom,2021,ISCED11_55SW,_T,84.3016,W,%
oecd-share-vet-sw,UK,United Kingdom,2022,ISCED11_55SW,_T,79.7283,,%
oecd-share-vet-sw,UK,United Kingdom,2023,ISCED11_55SW,_T,82.733,,%
oecd-share-vet-sw,UK,United Kingdom,2024,ISCED11_55SW,_T,82.8337,,%
