indicator,geo,geo_name,time,age,level,value,flag,unit
uk-dfe-apprenticeship-achievements,UK,United Kingdom,2017,19+,ADVANCED,85250.0,,achievements
uk-dfe-apprenticeship-achievements,UK,United Kingdom,2018,19+,ADVANCED,62280.0,,achievements
uk-dfe-apprenticeship-achievements,UK,United Kingdom,2019,19+,ADVANCED,49930.0,,achievements
uk-dfe-apprenticeship-achievements,UK,United Kingdom,2020,19+,ADVANCED,56180.0,,achievements
uk-dfe-apprenticeship-achievements,UK,United Kingdom,2021,19+,ADVANCED,49980.0,,achievements
uk-dfe-apprenticeship-achievements,UK,United Kingdom,2022,19+,ADVANCED,54720.0,,achievements
uk-dfe-apprenticeship-achievements,UK,United Kingdom,2023,19+,ADVANCED,57800.0,,achievements
uk-dfe-apprenticeship-achievements,UK,United Kingdom,2024,19+,ADVANCED,66290.0,,achievements
uk-dfe-apprenticeship-achievements,UK,United Kingdom,2025,19+,ADVANCED,47920.0,p,achievements
uk-dfe-apprenticeship-achievements,UK,United Kingdom,2017,19+,HIGHER,14800.0,,achievements
uk-dfe-apprenticeship-achievements,UK,United Kingdom,2018,19+,HIGHER,12860.0,,achievements
uk-dfe-apprenticeship-achievements,UK,United Kingdom,2019,19+,HIGHER,16730.0,,achievements
uk-dfe-apprenticeship-achievements,UK,United Kingdom,2020,19+,HIGHER,28940.0,,achievements
uk-dfe-apprenticeship-achievements,UK,United Kingdom,2021,19+,HIGHER,32910.0,,achievements
uk-dfe-apprenticeship-achievements,UK,United Kingdom,2022,19+,HIGHER,44280.0,,achievements
uk-dfe-apprenticeship-achievements,UK,United Kingdom,2023,19+,HIGHER,54280.0,,achievements
uk-dfe-apprenticeship-achievements,UK,United Kingdom,2024,19+,HIGHER,64560.0,,achievements
uk-dfe-apprenticeship-achievements,UK,United Kingdom,2025,19+,HIGHER,50280.0,p,achievements
uk-dfe-apprenticeship-achievements,UK,United Kingdom,2017,19+,INTERMEDIATE,103810.0,,achievements
uk-dfe-apprenticeship-achievements,UK,United Kingdom,2018,19+,INTERMEDIATE,52280.0,,achievements
uk-dfe-apprenticeship-achievements,UK,United Kingdom,2019,19+,INTERMEDIATE,36830.0,,achievements
uk-dfe-apprenticeship-achievements,UK,United Kingdom,2020,19+,INTERMEDIATE,33150.0,,achievements
uk-dfe-apprenticeship-achievements,UK,United Kingdom,2021,19+,INTERMEDIATE,22920.0,,achievements
uk-dfe-apprenticeship-achievements,UK,United Kingdom,2022,19+,INTERMEDIATE,26810.0,,achievements
uk-dfe-apprenticeship-achievements,UK,United Kingdom,2023,19+,INTERMEDIATE,25700.0,,achievements
uk-dfe-apprenticeship-achievements,UK,United Kingdom,2024,19+,INTERMEDIATE,23840.0,,achievements
uk-dfe-apprenticeship-achievements,UK,United Kingdom,2025,19+,INTERMEDIATE,15870.0,p,achievements
uk-dfe-apprenticeship-achievements,UK,United Kingdom,2017,19+,TOTAL,203860.0,,achievements
uk-dfe-apprenticeship-achievements,UK,United Kingdom,2018,19+,TOTAL,127420.0,,achievements
uk-dfe-apprenticeship-achievements,UK,United Kingdom,2019,19+,TOTAL,103480.0,,achievements
uk-dfe-apprenticeship-achievements,UK,United Kingdom,2020,19+,TOTAL,118270.0,,achievements
uk-dfe-apprenticeship-achievements,UK,United Kingdom,2021,19+,TOTAL,105810.0,,achievements
uk-dfe-apprenticeship-achievements,UK,United Kingdom,2022,19+,TOTAL,125810.0,,achievements
uk-dfe-apprenticeship-achievements,UK,United Kingdom,2023,19+,TOTAL,137780.0,,achievements
uk-dfe-apprenticeship-achievements,UK,United Kingdom,2024,19+,TOTAL,154690.0,,achievements
uk-dfe-apprenticeship-achievements,UK,United Kingdom,2025,19+,TOTAL,114060.0,p,achievements
uk-dfe-apprenticeship-achievements,UK,United Kingdom,2017,19-24,ADVANCED,37770.0,,achievements
uk-dfe-apprenticeship-achievements,UK,United Kingdom,2018,19-24,ADVANCED,29900.0,,achievements
uk-dfe-apprenticeship-achievements,UK,United Kingdom,2019,19-24,ADVANCED,24110.0,,achievements
uk-dfe-apprenticeship-achievements,UK,United Kingdom,2020,19-24,ADVANCED,25510.0,,achievements
uk-dfe-apprenticeship-achievements,UK,United Kingdom,2021,19-24,ADVANCED,23380.0,,achievements
uk-dfe-apprenticeship-achievements,UK,United Kingdom,2022,19-24,ADVANCED,25830.0,,achievements
uk-dfe-apprenticeship-achievements,UK,United Kingdom,2023,19-24,ADVANCED,26800.0,,achievements
uk-dfe-apprenticeship-achievements,UK,United Kingdom,2024,19-24,ADVANCED,29350.0,,achievements
uk-dfe-apprenticeship-achievements,UK,United Kingdom,2025,19-24,ADVANCED,21390.0,p,achievements
uk-dfe-apprenticeship-achievements,UK,United Kingdom,2017,19-24,HIGHER,3400.0,,achievements
uk-dfe-apprenticeship-achievements,UK,United Kingdom,2018,19-24,HIGHER,3950.0,,achievements
uk-dfe-apprenticeship-achievements,UK,United Kingdom,2019,19-24,HIGHER,5330.0,,achievements
uk-dfe-apprenticeship-achievements,UK,United Kingdom,2020,19-24,HIGHER,9770.0,,achievements
uk-dfe-apprenticeship-achievements,UK,United Kingdom,2021,19-24,HIGHER,10490.0,,achievements
uk-dfe-apprenticeship-achievements,UK,United Kingdom,2022,19-24,HIGHER,12950.0,,achievements
uk-dfe-apprenticeship-achievements,UK,United Kingdom,2023,19-24,HIGHER,16300.0,,achievements
uk-dfe-apprenticeship-achievements,UK,United Kingdom,2024,19-24,HIGHER,18670.0,,achievements
uk-dfe-apprenticeship-achievements,UK,United Kingdom,2025,19-24,HIGHER,13540.0,p,achievements
uk-dfe-apprenticeship-achievements,UK,United Kingdom,2017,19-24,INTERMEDIATE,41160.0,,achievements
uk-dfe-apprenticeship-achievements,UK,United Kingdom,2018,19-24,INTERMEDIATE,24700.0,,achievements
uk-dfe-apprenticeship-achievements,UK,United Kingdom,2019,19-24,INTERMEDIATE,18380.0,,achievements
uk-dfe-apprenticeship-achievements,UK,United Kingdom,2020,19-24,INTERMEDIATE,15920.0,,achievements
uk-dfe-apprenticeship-achievements,UK,United Kingdom,2021,19-24,INTERMEDIATE,11090.0,,achievements
uk-dfe-apprenticeship-achievements,UK,United Kingdom,2022,19-24,INTERMEDIATE,13390.0,,achievements
uk-dfe-apprenticeship-achievements,UK,United Kingdom,2023,19-24,INTERMEDIATE,13300.0,,achievements
uk-dfe-apprenticeship-achievements,UK,United Kingdom,2024,19-24,INTERMEDIATE,12100.0,,achievements
uk-dfe-apprenticeship-achievements,UK,United Kingdom,2025,19-24,INTERMEDIATE,8380.0,p,achievements
uk-dfe-apprenticeship-achievements,UK,United Kingdom,2017,19-24,TOTAL,82330.0,,achievements
uk-dfe-apprenticeship-achievements,UK,United Kingdom,2018,19-24,TOTAL,58550.0,,achievements
uk-dfe-apprenticeship-achievements,UK,United Kingdom,2019,19-24,TOTAL,47820.0,,achievements
uk-dfe-apprenticeship-achievements,UK,United Kingdom,2020,19-24,TOTAL,51200.0,,achievements
uk-dfe-apprenticeship-achievements,UK,United Kingdom,2021,19-24,TOTAL,44960.0,,achievements
uk-dfe-apprenticeship-achievements,UK,United Kingdom,2022,19-24,TOTAL,52170.0,,achievements
uk-dfe-apprenticeship-achievements,UK,United Kingdom,2023,19-24,TOTAL,56400.0,,achievements
uk-dfe-apprenticeship-achievements,UK,United Kingdom,2024,19-24,TOTAL,60120.0,,achievements
uk-dfe-apprenticeship-achievements,UK,United Kingdom,2025,19-24,TOTAL,43310.0,p,achievements
uk-dfe-apprenticeship-achievements,UK,United Kingdom,2017,25+,ADVANCED,47480.0,,achievements
uk-dfe-apprenticeship-achievements,UK,United Kingdom,2018,25+,ADVANCED,32380.0,,achievements
uk-dfe-apprenticeship-achievements,UK,United Kingdom,2019,25+,ADVANCED,25820.0,,achievements
uk-dfe-apprenticeship-achievements,UK,United Kingdom,2020,25+,ADVANCED,30670.0,,achievements
uk-dfe-apprenticeship-achievements,UK,United Kingdom,2021,25+,ADVANCED,26600.0,,achievements
uk-dfe-apprenticeship-achievements,UK,United Kingdom,2022,25+,ADVANCED,28890.0,,achievements
uk-dfe-apprenticeship-achievements,UK,United Kingdom,2023,25+,ADVANCED,31000.0,,achievements
uk-dfe-apprenticeship-achievements,UK,United Kingdom,2024,25+,ADVANCED,36940.0,,achievements
uk-dfe-apprenticeship-achievements,UK,United Kingdom,2025,25+,ADVANCED,26530.0,p,achievements
uk-dfe-apprenticeship-achievements,UK,United Kingdom,2017,25+,HIGHER,11410.0,,achievements
uk-dfe-apprenticeship-achievements,UK,United Kingdom,2018,25+,HIGHER,8910.0,,achievements
uk-dfe-apprenticeship-achievements,UK,United Kingdom,2019,25+,HIGHER,11390.0,,achievements
uk-dfe-apprenticeship-achievements,UK,United Kingdom,2020,25+,HIGHER,19170.0,,achievements
uk-dfe-apprenticeship-achievements,UK,United Kingdom,2021,25+,HIGHER,22420.0,,achievements
uk-dfe-apprenticeship-achievements,UK,United Kingdom,2022,25+,HIGHER,31330.0,,achievements
uk-dfe-apprenticeship-achievements,UK,United Kingdom,2023,25+,HIGHER,37980.0,,achievements
uk-dfe-apprenticeship-achievements,UK,United Kingdom,2024,25+,HIGHER,45890.0,,achievements
uk-dfe-apprenticeship-achievements,UK,United Kingdom,2025,25+,HIGHER,36740.0,p,achievements
uk-dfe-apprenticeship-achievements,UK,United Kingdom,2017,25+,INTERMEDIATE,62650.0,,achievements
uk-dfe-apprenticeship-achievements,UK,United Kingdom,2018,25+,INTERMEDIATE,27580.0,,achievements
uk-dfe-apprenticeship-achievements,UK,United Kingdom,2019,25+,INTERMEDIATE,18450.0,,achievements
uk-dfe-apprenticeship-achievements,UK,United Kingdom,2020,25+,INTERMEDIATE,17230.0,,achievements
uk-dfe-apprenticeship-achievements,UK,United Kingdom,2021,25+,INTERMEDIATE,11830.0,,achievements
uk-dfe-apprenticeship-achievements,UK,United Kingdom,2022,25+,INTERMEDIATE,13420.0,,achievements
uk-dfe-apprenticeship-achievements,UK,United Kingdom,2023,25+,INTERMEDIATE,12400.0,,achievements
uk-dfe-apprenticeship-achievements,UK,United Kingdom,2024,25+,INTERMEDIATE,11740.0,,achievements
uk-dfe-apprenticeship-achievements,UK,United Kingdom,2025,25+,INTERMEDIATE,7490.0,p,achievements
uk-dfe-apprenticeship-achievements,UK,United Kingdom,2017,25+,TOTAL,121540.0,,achievements
uk-dfe-apprenticeship-achievements,UK,United Kingdom,2018,25+,TOTAL,68860.0,,achievements
uk-dfe-apprenticeship-achievements,UK,United Kingdom,2019,25+,TOTAL,55660.0,,achievements
uk-dfe-apprenticeship-achievements,UK,United Kingdom,2020,25+,TOTAL,67070.0,,achievements
uk-dfe-apprenticeship-achievements,UK,United Kingdom,2021,25+,TOTAL,60850.0,,achievements
uk-dfe-apprenticeship-achievements,UK,United Kingdom,2022,25+,TOTAL,73630.0,,achievements
uk-dfe-apprenticeship-achievements,UK,United Kingdom,2023,25+,TOTAL,81380.0,,achievements
uk-dfe-apprenticeship-achievements,UK,United Kingdom,2024,25+,TOTAL,94570.0,,achievements
uk-dfe-apprenticeship-achievements,UK,United Kingdom,2025,25+,TOTAL,70760.0,p,achievements
uk-dfe-apprenticeship-achievements,UK,United Kingdom,2017,TOTAL,ADVANCED,111360.0,,achievements
uk-dfe-apprenticeship-achievements,UK,United Kingdom,2018,TOTAL,ADVANCED,85100.0,,achievements
uk-dfe-apprenticeship-achievements,UK,United Kingdom,2019,TOTAL,ADVANCED,67460.0,,achievements
uk-dfe-apprenticeship-achievements,UK,United Kingdom,2020,TOTAL,ADVANCED,72610.0,,achievements
uk-dfe-apprenticeship-achievements,UK,United Kingdom,2021,TOTAL,ADVANCED,65290.0,,achievements
uk-dfe-apprenticeship-achievements,UK,United Kingdom,2022,TOTAL,ADVANCED,72560.0,,achievements
uk-dfe-apprenticeship-achievements,UK,United Kingdom,2023,TOTAL,ADVANCED,76990.0,,achievements
uk-dfe-apprenticeship-achievements,UK,United Kingdom,2024,TOTAL,ADVANCED,88520.0,,achievements
uk-dfe-apprenticeship-achievements,UK,United Kingdom,2025,TOTAL,ADVANCED,64700.0,p,achievements
uk-dfe-apprenticeship-achievements,UK,United Kingdom,2017,TOTAL,HIGHER,15770.0,,achievements
uk-dfe-apprenticeship-achievements,UK,United Kingdom,2018,TOTAL,HIGHER,13900.0,,achievements
uk-dfe-apprenticeship-achievements,UK,United Kingdom,2019,TOTAL,HIGHER,17810.0,,achievements
uk-dfe-apprenticeship-achievements,UK,United Kingdom,2020,TOTAL,HIGHER,30540.0,,achievements
uk-dfe-apprenticeship-achievements,UK,United Kingdom,2021,TOTAL,HIGHER,34660.0,,achievements
uk-dfe-apprenticeship-achievements,UK,United Kingdom,2022,TOTAL,HIGHER,46490.0,,achievements
uk-dfe-apprenticeship-achievements,UK,United Kingdom,2023,TOTAL,HIGHER,57220.0,,achievements
uk-dfe-apprenticeship-achievements,UK,United Kingdom,2024,TOTAL,HIGHER,68210.0,,achievements
uk-dfe-apprenticeship-achievements,UK,United Kingdom,2025,TOTAL,HIGHER,52810.0,p,achievements
uk-dfe-apprenticeship-achievements,UK,United Kingdom,2017,TOTAL,INTERMEDIATE,149030.0,,achievements
uk-dfe-apprenticeship-achievements,UK,United Kingdom,2018,TOTAL,INTERMEDIATE,86150.0,,achievements
uk-dfe-apprenticeship-achievements,UK,United Kingdom,2019,TOTAL,INTERMEDIATE,61630.0,,achievements
uk-dfe-apprenticeship-achievements,UK,United Kingdom,2020,TOTAL,INTERMEDIATE,53380.0,,achievements
uk-dfe-apprenticeship-achievements,UK,United Kingdom,2021,TOTAL,INTERMEDIATE,37270.0,,achievements
uk-dfe-apprenticeship-achievements,UK,United Kingdom,2022,TOTAL,INTERMEDIATE,43270.0,,achievements
uk-dfe-apprenticeship-achievements,UK,United Kingdom,2023,TOTAL,INTERMEDIATE,44020.0,,achievements
uk-dfe-apprenticeship-achievements,UK,United Kingdom,2024,TOTAL,INTERMEDIATE,41600.0,,achievements
uk-dfe-apprenticeship-achievements,UK,United Kingdom,2025,TOTAL,INTERMEDIATE,28690.0,p,achievements
uk-dfe-apprenticeship-achievements,UK,United Kingdom,2017,TOTAL,TOTAL,276160.0,,achievements
uk-dfe-apprenticeship-achievements,UK,United Kingdom,2018,TOTAL,TOTAL,185150.0,,achievements
uk-dfe-apprenticeship-achievements,UK,United Kingdom,2019,TOTAL,TOTAL,146900.0,,achievements
uk-dfe-apprenticeship-achievements,UK,United Kingdom,2020,TOTAL,TOTAL,156530.0,,achievements
uk-dfe-apprenticeship-achievements,UK,United Kingdom,2021,TOTAL,TOTAL,137220.0,,achievements
uk-dfe-apprenticeship-achievements,UK,United Kingdom,2022,TOTAL,TOTAL,162320.0,,achievements
uk-dfe-apprenticeship-achievements,UK,United Kingdom,2023,TOTAL,TOTAL,178220.0,,achievements
uk-dfe-apprenticeship-achievements,UK,United Kingdom,2024,TOTAL,TOTAL,198330.0,,achievements
uk-dfe-apprenticeship-achievements,UK,United Kingdom,2025,TOTAL,TOTAL,146210.0,p,achievements
uk-dfe-apprenticeship-achievements,UK,United Kingdom,2017,U19,ADVANCED,26110.0,,achievements
uk-dfe-apprenticeship-achievements,UK,United Kingdom,2018,U19,ADVANCED,22820.0,,achievements
uk-dfe-apprenticeship-achievements,UK,United Kingdom,2019,U19,ADVANCED,17540.0,,achievements
uk-dfe-apprenticeship-achievements,UK,United Kingdom,2020,U19,ADVANCED,16430.0,,achievements
uk-dfe-apprenticeship-achievements,UK,United Kingdom,2021,U19,ADVANCED,15310.0,,achievements
uk-dfe-apprenticeship-achievements,UK,United Kingdom,2022,U19,ADVANCED,17840.0,,achievements
uk-dfe-apprenticeship-achievements,UK,United Kingdom,2023,U19,ADVANCED,19190.0,,achievements
uk-dfe-apprenticeship-achievements,UK,United Kingdom,2024,U19,ADVANCED,22240.0,,achievements
uk-dfe-apprenticeship-achievements,UK,United Kingdom,2025,U19,ADVANCED,16790.0,p,achievements
uk-dfe-apprenticeship-achievements,UK,United Kingdom,2017,U19,HIGHER,970.0,,achievements
uk-dfe-apprenticeship-achievements,UK,United Kingdom,2018,U19,HIGHER,1040.0,,achievements
uk-dfe-apprenticeship-achievements,UK,United Kingdom,2019,U19,HIGHER,1080.0,,achievements
uk-dfe-apprenticeship-achievements,UK,United Kingdom,2020,U19,HIGHER,1600.0,,achievements
uk-dfe-apprenticeship-achievements,UK,United Kingdom,2021,U19,HIGHER,1750.0,,achievements
uk-dfe-apprenticeship-achievements,UK,United Kingdom,2022,U19,HIGHER,2210.0,,achievements
uk-dfe-apprenticeship-achievements,UK,United Kingdom,2023,U19,HIGHER,2940.0,,achievements
uk-dfe-apprenticeship-achievements,UK,United Kingdom,2024,U19,HIGHER,3640.0,,achievements
uk-dfe-apprenticeship-achievements,UK,United Kingdom,2025,U19,HIGHER,2530.0,p,achievements
uk-dfe-apprenticeship-achievements,UK,United Kingdom,2017,U19,INTERMEDIATE,45230.0,,achievements
uk-dfe-apprenticeship-achievements,UK,United Kingdom,2018,U19,INTERMEDIATE,33870.0,,achievements
uk-dfe-apprenticeship-achievements,UK,United Kingdom,2019,U19,INTERMEDIATE,24800.0,,achievements
uk-dfe-apprenticeship-achievements,UK,United Kingdom,2020,U19,INTERMEDIATE,20230.0,,achievements
uk-dfe-apprenticeship-achievements,UK,United Kingdom,2021,U19,INTERMEDIATE,14350.0,,achievements
uk-dfe-apprenticeship-achievements,UK,United Kingdom,2022,U19,INTERMEDIATE,16460.0,,achievements
uk-dfe-apprenticeship-achievements,UK,United Kingdom,2023,U19,INTERMEDIATE,18320.0,,achievements
uk-dfe-apprenticeship-achievements,UK,United Kingdom,2024,U19,INTERMEDIATE,17770.0,,achievements
uk-dfe-apprenticeship-achievements,UK,United Kingdom,2025,U19,INTERMEDIATE,12830.0,p,achievements
uk-dfe-apprenticeship-achievements,UK,United Kingdom,2017,U19,TOTAL,72300.0,,achievements
uk-dfe-apprenticeship-achievements,UK,United Kingdom,2018,U19,TOTAL,57730.0,,achievements
uk-dfe-apprenticeship-achievements,UK,United Kingdom,2019,U19,TOTAL,43420.0,,achievements
uk-dfe-apprenticeship-achievements,UK,United Kingdom,2020,U19,TOTAL,38260.0,,achievements
uk-dfe-apprenticeship-achievements,UK,United Kingdom,2021,U19,TOTAL,31410.0,,achievements
uk-dfe-apprenticeship-achievements,UK,United Kingdom,2022,U19,TOTAL,36510.0,,achievements
uk-dfe-apprenticeship-achievements,UK,United Kingdom,2023,U19,TOTAL,40450.0,,achievements
uk-dfe-apprenticeship-achievements,UK,United Kingdom,2024,U19,TOTAL,43640.0,,achievements
uk-dfe-apprenticeship-achievements,UK,United Kingdom,2025,U19,TOTAL,32140.0,p,achievements
