"JAAR","PROVINCIE INSTELLING","BEVOEGD GEZAG NUMMER","INSTELLINGSCODE","INSTELLINGSNAAM","PLAATSNAAM INSTELLING","GEMEENTENUMMER INSTELLING","GEMEENTE INSTELLING","BBL","BOLDT","BOLVT","EX"
"2021","Drenthe","40872","25PW","Drenthe College Terra","ASSEN","0106","ASSEN",2628,0,6883,103
"2021","Flevoland","40833","25LR","ROC van Flevoland","ALMERE","0034","ALMERE",990,0,4720,138
"2021","Friesland","30932","08PG","Firda","LEEUWARDEN","0080","LEEUWARDEN",6169,0,17176,520
"2021","Gelderland","34386","04NZ","SOMA College","HARDERWIJK","0243","HARDERWIJK",797,0,438,-1
"2021","Gelderland","40190","04CY","ROC Rivor","TIEL","0281","TIEL",1147,0,1078,339
"2021","Gelderland","40392","24ZZ","ROC Graafschap College","DOETINCHEM","0222","DOETINCHEM",2803,0,6569,218
"2021","Gelderland","40687","25GV","Aeres (V) MBO","EDE","0228","EDE",888,0,3820,73
"2021","Gelderland","40840","25LF","Rijn IJssel","ARNHEM","0202","ARNHEM",2111,0,9335,155
"2021","Gelderland","40852","25PN","ROC Nijmegen eo","NIJMEGEN","0268","NIJMEGEN",1837,0,7911,371
"2021","Gelderland","40979","31JC","Zone.college","LOCHEM","0262","LOCHEM",683,0,2471,74
"2021","Gelderland","41151","27DV","ROC AVENTUS","APELDOORN","0200","APELDOORN",4139,0,7339,186
"2021","Gelderland","41300","25PM","ROC A12","EDE","0228","EDE",1772,0,4358,50
"2021","Groningen","31109","25LU","Alfa-college","GRONINGEN","0014","GRONINGEN",3138,0,9282,220
"2021","Groningen","40838","25LW","Noorderpoort","GRONINGEN","0014","GRONINGEN",2931,0,10824,122
"2021","Groningen","41789","14NZ","ROC Menso Alting","GRONINGEN","0014","GRONINGEN",69,-1,605,0
"2021","Limburg","40768","25PL","VISTA College","MAASTRICHT","0935","MAASTRICHT",2669,0,10155,174
"2021","Limburg","40878","25LT","ROC Gilde Opleidingen","ROERMOND","0957","ROERMOND",2810,0,6716,119
"2021","Noord-Brabant","31069","04FO","Koning Willem I College","'S-HERTOGENBOSCH","0796","'S-HERTOGENBOSCH",6038,0,12071,225
"2021","Noord-Brabant","31069","24ZW","BBO de Schalm","'S-HERTOGENBOSCH","0796","'S-HERTOGENBOSCH",-1,0,0,0
"2021","Noord-Brabant","31087","25LZ","Yonder","TILBURG","0855","TILBURG",4913,0,5819,731
"2021","Noord-Brabant","31107","21CY","Curio","ETTEN-LEUR","0777","ETTEN-LEUR",211,0,824,39
"2021","Noord-Brabant","31107","25LX","Curio","ETTEN-LEUR","0777","ETTEN-LEUR",4233,0,10127,480
"2021","Noord-Brabant","31150","25LJ","Ter AA","HELMOND","0794","HELMOND",972,0,2302,64
"2021","Noord-Brabant","40854","25MB","Summa College","EINDHOVEN","0772","EINDHOVEN",4853,0,12599,452
"2021","Noord-Brabant","41599","25LV","SG De Rooi Pannen","TILBURG","0855","TILBURG",715,0,5186,30
"2021","Noord-Brabant","41882","30BC","SiNTLUCAS","EINDHOVEN","0772","EINDHOVEN",0,0,2751,-1
"2021","Noord-Holland","40673","25EF","Vonk","ALKMAAR","0361","ALKMAAR",1530,0,3063,83
"2021","Noord-Holland","40833","25PZ","ROC van Amsterdam","AMSTERDAM","0363","AMSTERDAM",5806,0,27385,500
"2021","Noord-Holland","40833","30RM","ROC TOP","AMSTERDAM","0363","AMSTERDAM",906,0,2581,123
"2021","Noord-Holland","40867","25PX","ROC Nova College","HAARLEM","0392","HAARLEM",3050,0,8328,108
"2021","Noord-Holland","40877","25PT","Talland College","ALKMAAR","0361","ALKMAAR",5812,0,11711,264
"2021","Noord-Holland","67107","02PA","Mediacollege Amsterdam Ma","AMSTERDAM","0363","AMSTERDAM",0,0,2653,0
"2021","Overijssel","40810","01AA","Stichting Landstede","ZWOLLE","0193","ZWOLLE",2012,0,8947,363
"2021","Overijssel","40844","25PJ","Deltion College","ZWOLLE","0193","ZWOLLE",5305,0,11766,607
"2021","Overijssel","41462","27YU","ROC van Twente","HENGELO OV","0164","HENGELO",5501,0,13869,395
"2021","Overijssel","68056","02PN","C I B A P","ZWOLLE","0193","ZWOLLE",0,0,1735,-1
"2021","Utrecht","31121","23KG","Grafisch Lyceum Utrecht","UTRECHT","0344","UTRECHT",15,0,2207,0
"2021","Utrecht","40597","25LH","ROC Midden Nederland","UTRECHT","0344","UTRECHT",5843,0,12575,524
"2021","Utrecht","41100","01OE","Yuverta","HOUTEN","0321","HOUTEN",2077,0,6621,150
"2021","Utrecht","41769","09MR","Hoornbeeck College","AMERSFOORT","0307","AMERSFOORT",2743,0,4525,151
"2021","Utrecht","42626","30RN","MBO Utrecht","UTRECHT","0344","UTRECHT",898,0,4450,45
"2021","Utrecht","42627","30RR","MBO Amersfoort","AMERSFOORT","0307","AMERSFOORT",2891,0,5245,175
"2021","Utrecht","67991","02PK","Nimeto","UTRECHT","0344","UTRECHT",207,0,1299,8
"2021","Utrecht","68095","17WH","SVO","HOUTEN","0321","HOUTEN",1920,0,129,7
"2021","Zeeland","40870","25PV","Scalda","TERNEUZEN","0715","TERNEUZEN",2920,0,6177,368
"2021","Zuid-Holland","31127","05EA","STC","ROTTERDAM","0599","ROTTERDAM",1149,0,2994,128
"2021","Zuid-Holland","31137","14YD","Lentiz","VLAARDINGEN","0622","VLAARDINGEN",360,0,1501,9
"2021","Zuid-Holland","31222","25LP","Zadkine","ROTTERDAM","0599","ROTTERDAM",2956,0,14160,182
"2021","Zuid-Holland","40290","00GT","Albeda","ROTTERDAM","0599","ROTTERDAM",4770,0,16650,375
"2021","Zuid-Holland","40737","02PG","HMC","ROTTERDAM","0599","ROTTERDAM",277,0,3881,19
"2021","Zuid-Holland","40771","20MQ","ROC Da Vinci College","DORDRECHT","0505","DORDRECHT",2376,0,5282,63
"2021","Zuid-Holland","40800","25LN","mboRijnland","LEIDEN","0546","LEIDEN",4139,0,12642,260
"2021","Zuid-Holland","41171","27GZ","ROC Mondriaan","'S-GRAVENHAGE","0518","'S-GRAVENHAGE",4507,0,15282,228
"2021","Zuid-Holland","41894","02OV","Leidse Instr Makers Sch","LEIDEN","0546","LEIDEN",0,0,361,0
"2021","Zuid-Holland","67237","23JA","Grafisch Lyceum R'dam","ROTTERDAM","0599","ROTTERDAM",16,0,3654,8
"2022","Drenthe","40872","25PW","Drenthe College Terra","ASSEN","0106","ASSEN",2934,0,6357,90
"2022","Flevoland","40833","25LR","ROC van Flevoland","ALMERE","0034","ALMERE",1082,0,4466,134
"2022","Friesland","30932","08PG","Firda","LEEUWARDEN","0080","LEEUWARDEN",6423,0,15846,361
"2022","Gelderland","34386","04NZ","SOMA College","HARDERWIJK","0243","HARDERWIJK",815,0,429,-1
"2022","Gelderland","40190","04CY","ROC Rivor","TIEL","0281","TIEL",994,0,1034,370
"2022","Gelderland","40392","24ZZ","ROC Graafschap College","DOETINCHEM","0222","DOETINCHEM",2784,0,6053,229
"2022","Gelderland","40687","25GV","Aeres (V) MBO","EDE","0228","EDE",880,0,3588,104
"2022","Gelderland","40840","25LF","Rijn IJssel","ARNHEM","0202","ARNHEM",2171,0,8304,222
"2022","Gelderland","40852","25PN","ROC Nijmegen eo","NIJMEGEN","0268","NIJMEGEN",1830,0,7341,326
"2022","Gelderland","40979","31JC","Zone.college","LOCHEM","0262","LOCHEM",751,0,2354,67
"2022","Gelderland","41151","27DV","ROC AVENTUS","APELDOORN","0200","APELDOORN",4378,0,6655,288
"2022","Gelderland","41300","25PM","ROC A12","EDE","0228","EDE",1911,0,4015,45
"2022","Groningen","31109","25LU","Alfa-college","GRONINGEN","0014","GRONINGEN",3629,0,8313,203
"2022","Groningen","40838","25LW","Noorderpoort","GRONINGEN","0014","GRONINGEN",3320,0,9854,144
"2022","Groningen","41789","14NZ","ROC Menso Alting","GRONINGEN","0014","GRONINGEN",89,0,522,0
"2022","Limburg","40768","25PL","VISTA College","MAASTRICHT","0935","MAASTRICHT",3004,0,9064,162
"2022","Limburg","40878","25LT","ROC Gilde Opleidingen","ROERMOND","0957","ROERMOND",3279,0,6183,106
"2022","Noord-Brabant","31069","04FO","Koning Willem I College","'S-HERTOGENBOSCH","0796","'S-HERTOGENBOSCH",6109,0,11190,207
"2022","Noord-Brabant","31069","24ZW","BBO de Schalm","'S-HERTOGENBOSCH","0796","'S-HERTOGENBOSCH",-1,0,0,0
"2022","Noord-Brabant","31087","25LZ","Yonder","TILBURG","0855","TILBURG",5148,0,5454,496
"2022","Noord-Brabant","31107","21CY","Curio","ETTEN-LEUR","0777","ETTEN-LEUR",201,0,795,51
"2022","Noord-Brabant","31107","25LX","Curio","ETTEN-LEUR","0777","ETTEN-LEUR",4358,0,9496,452
"2022","Noord-Brabant","31150","25LJ","Ter AA","HELMOND","0794","HELMOND",962,0,2086,75
"2022","Noord-Brabant","40854","25MB","Summa College","EINDHOVEN","0772","EINDHOVEN",5265,0,12026,439
"2022","Noord-Brabant","41599","25LV","SG De Rooi Pannen","TILBURG","0855","TILBURG",803,0,4895,64
"2022","Noord-Brabant","41882","30BC","SiNTLUCAS","EINDHOVEN","0772","EINDHOVEN",0,0,2764,-1
"2022","Noord-Holland","40673","25EF","Vonk","ALKMAAR","0361","ALKMAAR",1587,0,2835,126
"2022","Noord-Holland","40833","25PZ","ROC van Amsterdam","AMSTERDAM","0363","AMSTERDAM",6245,0,25298,581
"2022","Noord-Holland","40833","30RM","ROC TOP","AMSTERDAM","0363","AMSTERDAM",1014,0,2233,158
"2022","Noord-Holland","40867","25PX","ROC Nova College","HAARLEM","0392","HAARLEM",3338,0,8032,156
"2022","Noord-Holland","40877","25PT","Talland College","ALKMAAR","0361","ALKMAAR",6087,0,10712,346
"2022","Noord-Holland","67107","02PA","Mediacollege Amsterdam Ma","AMSTERDAM","0363","AMSTERDAM",0,0,2627,-1
"2022","Overijssel","40810","01AA","Stichting Landstede","ZWOLLE","0193","ZWOLLE",2128,0,8326,371
"2022","Overijssel","40844","25PJ","Deltion College","ZWOLLE","0193","ZWOLLE",5547,0,11313,667
"2022","Overijssel","41462","27YU","ROC van Twente","HENGELO OV","0164","HENGELO",5748,0,12924,314
"2022","Overijssel","68056","02PN","C I B A P","ZWOLLE","0193","ZWOLLE",0,0,1650,0
"2022","Utrecht","31121","23KG","Grafisch Lyceum Utrecht","UTRECHT","0344","UTRECHT",14,0,2234,-1
"2022","Utrecht","40597","25LH","ROC Midden Nederland","UTRECHT","0344","UTRECHT",6009,0,11411,641
"2022","Utrecht","41100","01OE","Yuverta","HOUTEN","0321","HOUTEN",1878,0,6322,215
"2022","Utrecht","41769","09MR","Hoornbeeck College","AMERSFOORT","0307","AMERSFOORT",2975,0,4361,167
"2022","Utrecht","42626","30RN","MBO Utrecht","UTRECHT","0344","UTRECHT",876,0,4173,42
"2022","Utrecht","42627","30RR","MBO Amersfoort","AMERSFOORT","0307","AMERSFOORT",2758,0,5090,107
"2022","Utrecht","67991","02PK","Nimeto","UTRECHT","0344","UTRECHT",218,0,1248,31
"2022","Utrecht","68095","17WH","SVO","HOUTEN","0321","HOUTEN",2050,0,110,8
"2022","Zeeland","40870","25PV","Scalda","TERNEUZEN","0715","TERNEUZEN",3045,0,5661,306
"2022","Zuid-Holland","31127","05EA","STC","ROTTERDAM","0599","ROTTERDAM",1119,0,2368,183
"2022","Zuid-Holland","31137","14YD","Lentiz","VLAARDINGEN","0622","VLAARDINGEN",497,0,1379,7
"2022","Zuid-Holland","31222","25LP","Zadkine","ROTTERDAM","0599","ROTTERDAM",3183,0,13488,380
"2022","Zuid-Holland","40290","00GT","Albeda","ROTTERDAM","0599","ROTTERDAM",4929,0,15767,406
"2022","Zuid-Holland","40737","02PG","HMC","ROTTERDAM","0599","ROTTERDAM",364,0,3586,55
"2022","Zuid-Holland","40771","20MQ","ROC Da Vinci College","DORDRECHT","0505","DORDRECHT",2458,0,4772,57
"2022","Zuid-Holland","40800","25LN","mboRijnland","LEIDEN","0546","LEIDEN",4217,0,11749,285
"2022","Zuid-Holland","41171","27GZ","ROC Mondriaan","'S-GRAVENHAGE","0518","'S-GRAVENHAGE",4610,0,14459,254
"2022","Zuid-Holland","41894","02OV","Leidse Instr Makers Sch","LEIDEN","0546","LEIDEN",0,0,316,0
"2022","Zuid-Holland","67237","23JA","Grafisch Lyceum R'dam","ROTTERDAM","0599","ROTTERDAM",19,0,3526,-1
"2023","Drenthe","40872","25PW","Drenthe College Terra","ASSEN","0106","ASSEN",2967,0,6222,79
"2023","Flevoland","40833","25LR","ROC van Flevoland","ALMERE","0034","ALMERE",1238,0,4287,136
"2023","Friesland","30932","08PG","Firda","LEEUWARDEN","0080","LEEUWARDEN",6244,0,14673,470
"2023","Gelderland","34386","04NZ","SOMA College","HARDERWIJK","0243","HARDERWIJK",759,0,389,0
"2023","Gelderland","40190","04CY","ROC Rivor","TIEL","0281","TIEL",1015,0,927,381
"2023","Gelderland","40392","24ZZ","ROC Graafschap College","DOETINCHEM","0222","DOETINCHEM",2639,0,5698,238
"2023","Gelderland","40687","25GV","Aeres (V) MBO","EDE","0228","EDE",902,0,3478,97
"2023","Gelderland","40840","25LF","Rijn IJssel","ARNHEM","0202","ARNHEM",2352,0,7853,213
"2023","Gelderland","40852","25PN","ROC Nijmegen eo","NIJMEGEN","0268","NIJMEGEN",1853,0,7237,283
"2023","Gelderland","40979","31JC","Zone.college","LOCHEM","0262","LOCHEM",777,0,2219,72
"2023","Gelderland","41151","27DV","ROC AVENTUS","APELDOORN","0200","APELDOORN",4419,0,6232,243
"2023","Gelderland","41300","25PM","ROC A12","EDE","0228","EDE",1927,0,3685,38
"2023","Groningen","31109","25LU","Alfa-college","GRONINGEN","0014","GRONINGEN",3758,0,7604,296
"2023","Groningen","40838","25LW","Noorderpoort","GRONINGEN","0014","GRONINGEN",3441,0,9068,105
"2023","Groningen","41789","14NZ","ROC Menso Alting","GRONINGEN","0014","GRONINGEN",73,0,484,0
"2023","Limburg","40768","25PL","VISTA College","MAASTRICHT","0935","MAASTRICHT",3084,0,8670,131
"2023","Limburg","40878","25LT","ROC Gilde Opleidingen","ROERMOND","0957","ROERMOND",3285,0,5910,120
"2023","Noord-Brabant","31069","04FO","Koning Willem I College","'S-HERTOGENBOSCH","0796","'S-HERTOGENBOSCH",6481,0,10568,340
"2023","Noord-Brabant","31069","24ZW","BBO de Schalm","'S-HERTOGENBOSCH","0796","'S-HERTOGENBOSCH",-1,0,0,0
"2023","Noord-Brabant","31087","25LZ","Yonder","TILBURG","0855","TILBURG",4941,0,5049,397
"2023","Noord-Brabant","31107","21CY","Curio","ETTEN-LEUR","0777","ETTEN-LEUR",181,0,749,48
"2023","Noord-Brabant","31107","25LX","Curio","ETTEN-LEUR","0777","ETTEN-LEUR",4499,0,9225,291
"2023","Noord-Brabant","31150","25LJ","Ter AA","HELMOND","0794","HELMOND",977,0,1861,80
"2023","Noord-Brabant","40854","25MB","Summa College","EINDHOVEN","0772","EINDHOVEN",5500,0,11377,478
"2023","Noord-Brabant","41599","25LV","SG De Rooi Pannen","TILBURG","0855","TILBURG",730,0,4833,30
"2023","Noord-Brabant","41882","30BC","SiNTLUCAS","EINDHOVEN","0772","EINDHOVEN",0,0,2672,0
"2023","Noord-Holland","40673","25EF","Vonk","ALKMAAR","0361","ALKMAAR",1575,0,2504,137
"2023","Noord-Holland","40833","25PZ","ROC van Amsterdam","AMSTERDAM","0363","AMSTERDAM",7446,0,24366,590
"2023","Noord-Holland","40833","30RM","ROC TOP","AMSTERDAM","0363","AMSTERDAM",881,0,1636,155
"2023","Noord-Holland","40867","25PX","ROC Nova College","HAARLEM","0392","HAARLEM",3611,0,8004,129
"2023","Noord-Holland","40877","25PT","Talland College","ALKMAAR","0361","ALKMAAR",6157,0,9912,424
"2023","Noord-Holland","67107","02PA","Mediacollege Amsterdam Ma","AMSTERDAM","0363","AMSTERDAM",0,0,2612,-1
"2023","Overijssel","40810","01AA","Stichting Landstede","ZWOLLE","0193","ZWOLLE",2192,0,7724,408
"2023","Overijssel","40844","25PJ","Deltion College","ZWOLLE","0193","ZWOLLE",5714,0,10977,646
"2023","Overijssel","41462","27YU","ROC van Twente","HENGELO OV","0164","HENGELO",5696,0,12178,329
"2023","Overijssel","68056","02PN","C I B A P","ZWOLLE","0193","ZWOLLE",0,0,1608,0
"2023","Utrecht","31121","23KG","Grafisch Lyceum Utrecht","UTRECHT","0344","UTRECHT",8,0,2306,-1
"2023","Utrecht","40597","25LH","ROC Midden Nederland","UTRECHT","0344","UTRECHT",6067,0,10763,511
"2023","Utrecht","41100","01OE","Yuverta","HOUTEN","0321","HOUTEN",1780,0,6108,201
"2023","Utrecht","41769","09MR","Hoornbeeck College","AMERSFOORT","0307","AMERSFOORT",3154,0,4272,187
"2023","Utrecht","42626","30RN","MBO Utrecht","UTRECHT","0344","UTRECHT",935,0,3841,32
"2023","Utrecht","42627","30RR","MBO Amersfoort","AMERSFOORT","0307","AMERSFOORT",2849,0,4897,93
"2023","Utrecht","67991","02PK","Nimeto","UTRECHT","0344","UTRECHT",208,0,1391,14
"2023","Utrecht","68095","17WH","SVO","HOUTEN","0321","HOUTEN",1918,0,130,6
"2023","Zeeland","40870","25PV","Scalda","TERNEUZEN","0715","TERNEUZEN",3143,0,5164,262
"2023","Zuid-Holland","31127","05EA","STC","ROTTERDAM","0599","ROTTERDAM",1117,0,2072,150
"2023","Zuid-Holland","31137","14YD","Lentiz","VLAARDINGEN","0622","VLAARDINGEN",545,0,1356,-1
"2023","Zuid-Holland","31222","25LP","Zadkine","ROTTERDAM","0599","ROTTERDAM",3666,0,12621,575
"2023","Zuid-Holland","40290","00GT","Albeda","ROTTERDAM","0599","ROTTERDAM",4875,0,15529,333
"2023","Zuid-Holland","40737","02PG","HMC","ROTTERDAM","0599","ROTTERDAM",346,0,3513,40
"2023","Zuid-Holland","40771","20MQ","ROC Da Vinci College","DORDRECHT","0505","DORDRECHT",2580,0,4476,63
"2023","Zuid-Holland","40800","25LN","mboRijnland","LEIDEN","0546","LEIDEN",4413,0,11033,140
"2023","Zuid-Holland","41171","27GZ","ROC Mondriaan","'S-GRAVENHAGE","0518","'S-GRAVENHAGE",4500,0,13783,306
"2023","Zuid-Holland","41894","02OV","Leidse Instr Makers Sch","LEIDEN","0546","LEIDEN",0,0,312,0
"2023","Zuid-Holland","67237","23JA","Grafisch Lyceum R'dam","ROTTERDAM","0599","ROTTERDAM",49,0,3381,-1
"2024","Drenthe","40872","25PW","Drenthe College Terra","ASSEN","0106","ASSEN",2821,0,6277,93
"2024","Flevoland","40833","25LR","ROC van Flevoland","ALMERE","0034","ALMERE",1374,0,4157,133
"2024","Friesland","30932","08PG","Firda","LEEUWARDEN","0080","LEEUWARDEN",5766,0,14586,360
"2024","Gelderland","34386","04NZ","SOMA College","HARDERWIJK","0243","HARDERWIJK",740,0,379,5
"2024","Gelderland","40190","04CY","ROC Rivor","TIEL","0281","TIEL",1034,0,870,325
"2024","Gelderland","40392","24ZZ","ROC Graafschap College","DOETINCHEM","0222","DOETINCHEM",2661,0,5638,184
"2024","Gelderland","40687","25GV","Aeres (V) MBO","EDE","0228","EDE",901,0,3473,78
"2024","Gelderland","40840","25LF","Rijn IJssel","ARNHEM","0202","ARNHEM",2254,0,7851,255
"2024","Gelderland","40852","25PN","ROC Nijmegen eo","NIJMEGEN","0268","NIJMEGEN",1954,0,7110,301
"2024","Gelderland","40979","31JC","Zone.college","LOCHEM","0262","LOCHEM",691,0,2234,45
"2024","Gelderland","41151","27DV","ROC AVENTUS","APELDOORN","0200","APELDOORN",4110,0,6372,211
"2024","Gelderland","41300","25PM","ROC A12","EDE","0228","EDE",1918,0,3613,21
"2024","Groningen","31109","25LU","Alfa-college","GRONINGEN","0014","GRONINGEN",3520,0,7635,255
"2024","Groningen","40838","25LW","Noorderpoort","GRONINGEN","0014","GRONINGEN",3362,0,8763,68
"2024","Groningen","41789","14NZ","ROC Menso Alting","GRONINGEN","0014","GRONINGEN",46,0,474,0
"2024","Limburg","40768","25PL","VISTA College","MAASTRICHT","0935","MAASTRICHT",2837,0,8552,140
"2024","Limburg","40878","25LT","ROC Gilde Opleidingen","ROERMOND","0957","ROERMOND",3325,0,5974,124
"2024","Noord-Brabant","31069","04FO","Koning Willem I College","'S-HERTOGENBOSCH","0796","'S-HERTOGENBOSCH",6669,0,10756,315
"2024","Noord-Brabant","31069","24ZW","BBO de Schalm","'S-HERTOGENBOSCH","0796","'S-HERTOGENBOSCH",-1,0,0,0
"2024","Noord-Brabant","31087","25LZ","Yonder","TILBURG","0855","TILBURG",5069,0,4980,321
"2024","Noord-Brabant","31107","21CY","Curio","ETTEN-LEUR","0777","ETTEN-LEUR",166,0,734,29
"2024","Noord-Brabant","31107","25LX","Curio","ETTEN-LEUR","0777","ETTEN-LEUR",4415,0,9432,392
"2024","Noord-Brabant","31150","25LJ","Ter AA","HELMOND","0794","HELMOND",1009,0,1862,89
"2024","Noord-Brabant","40854","25MB","Summa College","EINDHOVEN","0772","EINDHOVEN",5358,0,11339,466
"2024","Noord-Brabant","41599","25LV","SG De Rooi Pannen","TILBURG","0855","TILBURG",837,0,5256,33
"2024","Noord-Brabant","41882","30BC","SiNTLUCAS","EINDHOVEN","0772","EINDHOVEN",0,0,2701,0
"2024","Noord-Holland","40673","25EF","Vonk","ALKMAAR","0361","ALKMAAR",1733,0,2529,150
"2024","Noord-Holland","40833","25PZ","ROC van Amsterdam","AMSTERDAM","0363","AMSTERDAM",7212,0,25107,805
"2024","Noord-Holland","40833","30RM","ROC TOP","AMSTERDAM","0363","AMSTERDAM",394,0,644,58
"2024","Noord-Holland","40867","25PX","ROC Nova College","HAARLEM","0392","HAARLEM",3853,0,7733,107
"2024","Noord-Holland","40877","25PT","Talland College","ALKMAAR","0361","ALKMAAR",5923,0,9866,381
"2024","Noord-Holland","67107","02PA","Mediacollege Amsterdam Ma","AMSTERDAM","0363","AMSTERDAM",0,0,2522,0
"2024","Overijssel","40810","01AA","Stichting Landstede","ZWOLLE","0193","ZWOLLE",2109,0,7723,403
"2024","Overijssel","40844","25PJ","Deltion College","ZWOLLE","0193","ZWOLLE",5605,0,10841,585
"2024","Overijssel","41462","27YU","ROC van Twente","HENGELO OV","0164","HENGELO",5479,0,11983,377
"2024","Overijssel","68056","02PN","C I B A P","ZWOLLE","0193","ZWOLLE",0,0,1597,-1
"2024","Utrecht","31121","23KG","Grafisch Lyceum Utrecht","UTRECHT","0344","UTRECHT",-1,0,2379,-1
"2024","Utrecht","40597","25LH","ROC Midden Nederland","UTRECHT","0344","UTRECHT",6073,0,11007,395
"2024","Utrecht","41100","01OE","Yuverta","HOUTEN","0321","HOUTEN",1632,0,6109,167
"2024","Utrecht","41769","09MR","Hoornbeeck College","AMERSFOORT","0307","AMERSFOORT",3229,0,4409,204
"2024","Utrecht","42626","30RN","MBO Utrecht","UTRECHT","0344","UTRECHT",889,0,3841,43
"2024","Utrecht","42627","30RR","MBO Amersfoort","AMERSFOORT","0307","AMERSFOORT",2869,0,4680,100
"2024","Utrecht","67991","02PK","Nimeto","UTRECHT","0344","UTRECHT",240,0,1451,22
"2024","Utrecht","68095","17WH","SVO","HOUTEN","0321","HOUTEN",1850,0,149,11
"2024","Zeeland","40870","25PV","Scalda","TERNEUZEN","0715","TERNEUZEN",3176,0,5167,249
"2024","Zuid-Holland","31127","05EA","STC","ROTTERDAM","0599","ROTTERDAM",1096,0,1846,70
"2024","Zuid-Holland","31137","14YD","Lentiz","VLAARDINGEN","0622","VLAARDINGEN",613,0,1385,20
"2024","Zuid-Holland","31222","25LP","Zadkine","ROTTERDAM","0599","ROTTERDAM",4087,0,12817,669
"2024","Zuid-Holland","40290","00GT","Albeda","ROTTERDAM","0599","ROTTERDAM",4621,0,15771,395
"2024","Zuid-Holland","40737","02PG","HMC","ROTTERDAM","0599","ROTTERDAM",317,0,3368,33
"2024","Zuid-Holland","40771","20MQ","ROC Da Vinci College","DORDRECHT","0505","DORDRECHT",2612,0,4312,90
"2024","Zuid-Holland","40800","25LN","mboRijnland","LEIDEN","0546","LEIDEN",4440,0,11037,49
"2024","Zuid-Holland","41171","27GZ","ROC Mondriaan","'S-GRAVENHAGE","0518","'S-GRAVENHAGE",4339,0,13851,277
"2024","Zuid-Holland","41894","02OV","Leidse Instr Makers Sch","LEIDEN","0546","LEIDEN",0,0,339,0
"2024","Zuid-Holland","67237","23JA","Grafisch Lyceum R'dam","ROTTERDAM","0599","ROTTERDAM",66,0,3393,8
"2025","Drenthe","40872","25PW","Drenthe College Terra","ASSEN","0106","ASSEN",2631,0,6251,238
"2025","Flevoland","40833","25LR","ROC van Flevoland","ALMERE","0034","ALMERE",1389,0,4235,140
"2025","Friesland","30932","08PG","Firda","LEEUWARDEN","0080","LEEUWARDEN",5677,0,14714,244
"2025","Gelderland","34386","04NZ","SOMA College","HARDERWIJK","0243","HARDERWIJK",786,0,381,-1
"2025","Gelderland","40190","04CY","ROC Rivor","TIEL","0281","TIEL",997,0,883,201
"2025","Gelderland","40392","24ZZ","ROC Graafschap College","DOETINCHEM","0222","DOETINCHEM",2692,0,5431,181
"2025","Gelderland","40687","25GV","Aeres (V) MBO","EDE","0228","EDE",892,0,3424,58
"2025","Gelderland","40840","25LF","Rijn IJssel","ARNHEM","0202","ARNHEM",2196,0,7786,226
"2025","Gelderland","40852","25PN","ROC Nijmegen eo","NIJMEGEN","0268","NIJMEGEN",2016,0,7262,255
"2025","Gelderland","40979","31JC","Zone.college","LOCHEM","0262","LOCHEM",659,0,2262,67
"2025","Gelderland","41151","27DV","ROC AVENTUS","APELDOORN","0200","APELDOORN",4097,0,6403,211
"2025","Gelderland","41300","25PM","ROC A12","EDE","0228","EDE",1935,0,3659,13
"2025","Groningen","31109","25LU","Alfa-college","GRONINGEN","0014","GRONINGEN",3483,0,7558,256
"2025","Groningen","40838","25LW","Noorderpoort","GRONINGEN","0014","GRONINGEN",3131,0,8722,91
"2025","Groningen","41789","14NZ","ROC Menso Alting","GRONINGEN","0014","GRONINGEN",43,0,474,-1
"2025","Limburg","40768","25PL","VISTA College","MAASTRICHT","0935","MAASTRICHT",2531,0,8586,143
"2025","Limburg","40878","25LT","ROC Gilde Opleidingen","ROERMOND","0957","ROERMOND",3346,0,6193,104
"2025","Noord-Brabant","31069","04FO","Koning Willem I College","'S-HERTOGENBOSCH","0796","'S-HERTOGENBOSCH",6735,0,10752,314
"2025","Noord-Brabant","31069","24ZW","BBO de Schalm","'S-HERTOGENBOSCH","0796","'S-HERTOGENBOSCH",-1,0,-1,0
"2025","Noord-Brabant","31087","25LZ","Yonder","TILBURG","0855","TILBURG",4980,0,4841,276
"2025","Noord-Brabant","31107","21CY","Curio","ETTEN-LEUR","0777","ETTEN-LEUR",186,0,699,16
"2025","Noord-Brabant","31107","25LX","Curio","ETTEN-LEUR","0777","ETTEN-LEUR",4430,0,9600,357
"2025","Noord-Brabant","31150","25LJ","Ter AA","HELMOND","0794","HELMOND",1050,0,1888,92
"2025","Noord-Brabant","40854","25MB","Summa College","EINDHOVEN","0772","EINDHOVEN",5228,0,11091,532
"2025","Noord-Brabant","41599","25LV","SG De Rooi Pannen","TILBURG","0855","TILBURG",840,0,5379,14
"2025","Noord-Brabant","41882","30BC","SiNTLUCAS","EINDHOVEN","0772","EINDHOVEN",0,0,2804,0
"2025","Noord-Holland","40673","25EF","Vonk","ALKMAAR","0361","ALKMAAR",1641,0,2509,127
"2025","Noord-Holland","40833","25PZ","ROC van Amsterdam","AMSTERDAM","0363","AMSTERDAM",7582,0,25742,626
"2025","Noord-Holland","40833","30RM","ROC TOP","AMSTERDAM","0363","AMSTERDAM",121,0,229,10
"2025","Noord-Holland","40867","25PX","ROC Nova College","HAARLEM","0392","HAARLEM",3775,0,7913,145
"2025","Noord-Holland","40877","25PT","Talland College","ALKMAAR","0361","ALKMAAR",5893,0,9849,480
"2025","Noord-Holland","67107","02PA","Mediacollege Amsterdam Ma","AMSTERDAM","0363","AMSTERDAM",0,0,2484,7
"2025","Overijssel","40810","01AA","Stichting Landstede","ZWOLLE","0193","ZWOLLE",2117,0,7732,348
"2025","Overijssel","40844","25PJ","Deltion College","ZWOLLE","0193","ZWOLLE",5775,0,10642,436
"2025","Overijssel","41462","27YU","ROC van Twente","HENGELO OV","0164","HENGELO",5462,0,11872,252
"2025","Overijssel","68056","02PN","C I B A P","ZWOLLE","0193","ZWOLLE",0,0,1600,0
"2025","Utrecht","31121","23KG","Grafisch Lyceum Utrecht","UTRECHT","0344","UTRECHT",0,0,2217,-1
"2025","Utrecht","40597","25LH","ROC Midden Nederland","UTRECHT","0344","UTRECHT",6261,0,11290,410
"2025","Utrecht","41100","01OE","Yuverta","HOUTEN","0321","HOUTEN",1601,0,6043,172
"2025","Utrecht","41769","09MR","Hoornbeeck College","AMERSFOORT","0307","AMERSFOORT",3378,0,4349,138
"2025","Utrecht","42626","30RN","MBO Utrecht","UTRECHT","0344","UTRECHT",953,0,3828,38
"2025","Utrecht","42627","30RR","MBO Amersfoort","AMERSFOORT","0307","AMERSFOORT",2906,0,4666,82
"2025","Utrecht","67991","02PK","Nimeto","UTRECHT","0344","UTRECHT",232,0,1589,9
"2025","Utrecht","68095","17WH","SVO","HOUTEN","0321","HOUTEN",1756,0,135,5
"2025","Zeeland","40870","25PV","Scalda","TERNEUZEN","0715","TERNEUZEN",3049,0,5166,304
"2025","Zuid-Holland","31127","05EA","STC","ROTTERDAM","0599","ROTTERDAM",1124,0,1713,88
"2025","Zuid-Holland","31137","14YD","Lentiz","VLAARDINGEN","0622","VLAARDINGEN",419,0,1515,9
"2025","Zuid-Holland","31222","25LP","Zadkine","ROTTERDAM","0599","ROTTERDAM",4373,0,13375,475
"2025","Zuid-Holland","40290","00GT","Albeda","ROTTERDAM","0599","ROTTERDAM",4595,0,15630,384
"2025","Zuid-Holland","40737","02PG","HMC","ROTTERDAM","0599","ROTTERDAM",324,0,3254,25
"2025","Zuid-Holland","40771","20MQ","ROC Da Vinci College","DORDRECHT","0505","DORDRECHT",2590,0,4248,23
"2025","Zuid-Holland","40800","25LN","mboRijnland","LEIDEN","0546","LEIDEN",4780,0,11087,53
"2025","Zuid-Holland","41171","27GZ","ROC Mondriaan","'S-GRAVENHAGE","0518","'S-GRAVENHAGE",4468,0,14519,234
"2025","Zuid-Holland","41894","02OV","Leidse Instr Makers Sch","LEIDEN","0546","LEIDEN",0,0,325,0
"2025","Zuid-Holland","67237","23JA","Grafisch Lyceum R'dam","ROTTERDAM","0599","ROTTERDAM",60,0,3342,9
